lambda_min_GOE,lambda_min_GUE
-2.459420255240337694e-01,-1.506807273141580750e-01
-1.221362017793061333e-01,-1.407328517926035860e-01
-1.543350598913088012e-01,-1.758712612904211603e-01
-1.491461157739143173e-01,-1.499110981978115931e-01
-2.037636142790152094e-01,-1.251239773577980108e-01
-2.197520521877395772e-01,-2.063856726457788948e-01
-2.144870929452027120e-01,-2.214149861595154922e-01
-1.453054840210023235e-01,-1.825100175103585021e-01
-1.919979142027399832e-01,-2.033634414388999501e-01
-1.465025316948967704e-01,-1.370316010429327158e-01
-2.391869788376061179e-01,-1.909703860927352004e-01
-2.051749172480885897e-01,-1.802980622883409989e-01
-1.277915127064582768e-01,-1.841991516773660853e-01
-2.345642158019772272e-01,-1.762556042628507791e-01
-1.793545378838243276e-01,-2.014610304225544768e-01
-2.637721880512707839e-01,-1.854910903550212875e-01
-2.194294946827698711e-01,-1.493679389629344323e-01
-2.282913760013967064e-01,-2.222638351126549339e-01
-2.284999730640063231e-01,-1.941742605552312095e-01
-2.743230635546764495e-01,-2.368334344779792489e-01
-1.290256978987102954e-01,-1.264530686856269182e-01
-1.859289514079976724e-01,-1.612749431925944443e-01
-1.745692020947908207e-01,-1.455887832630373135e-01
-1.835644983771148042e-01,-1.484606692770008562e-01
-1.809973414914377021e-01,-1.525367238226468247e-01
-2.207123276966825032e-01,-1.609707000318492121e-01
-1.439005590848343175e-01,-2.168150113598389106e-01
-2.172967656927446700e-01,-2.005140190873143380e-01
-1.940742720872122851e-01,-1.999610623475540083e-01
-2.429688809837707575e-01,-1.761865367770038548e-01
-1.318995785736851167e-01,-1.365337617675514703e-01
-1.850638367190623468e-01,-2.207096139879491659e-01
-1.394065155959427205e-01,-1.536191088458645493e-01
-1.486479371430346197e-01,-1.232980366891254231e-01
-1.584882884536119030e-01,-1.865571194384814946e-01
-1.392931199524887198e-01,-1.255526932245569494e-01
-2.042646260993254692e-01,-1.976034814662012418e-01
-1.489270220098601882e-01,-1.469537723828545084e-01
-1.424311710068341397e-01,-1.774622025018194604e-01
-2.868461217522858542e-01,-2.180580357096776889e-01
-1.245555787523886654e-01,-1.189009152385860496e-01
-1.824893807192665973e-01,-2.044752731673646906e-01
-1.766281112442751877e-01,-1.527243436349597083e-01
-2.405663459583547159e-01,-1.680265724475007993e-01
-1.573655942188473544e-01,-1.740395080896603719e-01
-1.930123496939283312e-01,-1.877444883847948776e-01
-2.962679924784911711e-01,-2.458025008611155193e-01
-2.401147790761507528e-01,-2.184283212954739040e-01
-2.258426782520919218e-01,-1.814345262890743882e-01
-3.170658169457670206e-01,-1.993268683103589511e-01
-1.885894031322697117e-01,-1.418320750822057996e-01
-1.591423839268253371e-01,-1.683295805918615939e-01
-1.937303467205908347e-01,-1.696667352746534796e-01
-1.652478500635739811e-01,-1.359378531395251111e-01
-2.431576314417529250e-01,-1.735781292932571107e-01
-1.880480055587535615e-01,-1.943774490612629469e-01
-1.321038314069651054e-01,-9.446543077796568100e-02
-2.448971288256630019e-01,-1.407622981695757225e-01
-1.447968971278729144e-01,-1.435974140823304546e-01
-2.206058101713149200e-01,-2.249160557923671755e-01
-1.330573109752913874e-01,-2.078788531348208235e-01
-1.686377723456124744e-01,-1.237151576840150591e-01
-2.824248138256517104e-01,-1.694165352345309850e-01
-1.174940283472177271e-01,-1.553309611005499469e-01
-2.022346965779741601e-01,-1.595039258451357023e-01
-2.847905196110450121e-01,-1.855759612139847303e-01
-2.237447137550517828e-01,-1.802050082864054825e-01
-1.811436460494008360e-01,-1.204448007603825255e-01
-1.731112065832313140e-01,-1.241347991540027590e-01
-2.475924552971693893e-01,-1.822259430958542148e-01
-2.113167842232459015e-01,-2.206245259260962988e-01
-2.574037908126778906e-01,-1.825559181992051083e-01
-2.620842799439934145e-01,-1.745353682612524049e-01
-8.538394371326542276e-02,-1.768282854189515696e-01
-1.453379826465612812e-01,-1.547817897798829945e-01
-1.322168183758853366e-01,-1.257160923032893396e-01
-2.613267861658305491e-01,-1.487751431228698240e-01
-1.489351061444076918e-01,-1.025658964947253338e-01
-1.864372263429715515e-01,-2.082288295056956562e-01
-2.022179679191279944e-01,-1.928268737401043209e-01
-1.615215883737647629e-01,-1.808181362763685573e-01
-1.265392373031109241e-01,-1.323182061568927703e-01
-1.449948428269232092e-01,-1.842183883846508774e-01
-2.264024381896831417e-01,-1.847477982592022339e-01
-1.356396943857512416e-01,-1.366784462362102548e-01
-2.416378655137385034e-01,-1.769002146731896985e-01
-1.098002337025597019e-01,-1.487441658124459831e-01
-1.950263338477994657e-01,-1.244362389275271430e-01
-1.725842260288857621e-01,-1.607497924270630263e-01
-1.812737042609360305e-01,-1.950153644795891983e-01
-1.791256513941875961e-01,-1.565473803489131344e-01
-1.851464215689060389e-01,-1.758004275470022582e-01
-2.485654956369681701e-01,-1.693071304571874824e-01
-3.140617628037870590e-01,-2.805110477794348078e-01
-1.044488348744999628e-01,-1.666959750164483667e-01
-1.417581949088496107e-01,-1.101309800028127395e-01
-2.009674913814906150e-01,-1.997983214149335884e-01
-1.838992640831227932e-01,-1.639317151872768386e-01
-1.664189692573464774e-01,-1.738292137687073302e-01
-1.617647446078273321e-01,-1.876868313923597542e-01
-1.987456491515221246e-01,-1.858583389218142479e-01
-1.993861930370887658e-01,-1.828863937084490854e-01
-1.926988355821724341e-01,-1.431084029846911576e-01
-1.218251915427928100e-01,-1.575480748783014417e-01
-2.352196413372354133e-01,-2.092840296123717470e-01
-1.973887463936009612e-01,-1.386276773395967443e-01
-1.727160864259418283e-01,-2.063936890454506901e-01
-1.671017660310777364e-01,-1.364625048427864085e-01
-2.522489629924429266e-01,-1.557181650731474520e-01
-2.233024562304569693e-01,-1.950427390621294055e-01
-1.824780668224601776e-01,-1.853440364502085824e-01
-1.858364731972818040e-01,-1.532899886233279052e-01
-2.172474805315036672e-01,-2.002838425756288121e-01
-1.143728630505319310e-01,-1.534644769645671092e-01
-1.578274254773904262e-01,-1.502710862366611888e-01
-2.000545501100387813e-01,-1.658129912482083912e-01
-2.468550043722290699e-01,-1.752301631640957591e-01
-9.559359843863028672e-02,-1.772381834837725711e-01
-1.367179221048920590e-01,-1.810555923595452976e-01
-2.325689853955484609e-01,-1.657274786574861047e-01
-1.882191564769099268e-01,-2.487738325677302520e-01
-2.044829581430087362e-01,-1.686745576919986833e-01
-1.988374227095512925e-01,-1.594176208696581054e-01
-1.913920302372862647e-01,-1.490588665750765540e-01
-2.390890796119702344e-01,-2.296309149573282637e-01
-1.287246836307027742e-01,-1.119684913402224369e-01
-2.058308122734431866e-01,-1.887434283920980393e-01
-1.611191392525928856e-01,-1.949020839592816579e-01
-2.001010520727274089e-01,-2.098137969387520729e-01
-1.893806039951992926e-01,-1.621218144314753307e-01
-2.238260238185529327e-01,-1.397188721721470128e-01
-1.714058938870690885e-01,-1.814719789248707971e-01
-2.480957094908412541e-01,-2.382817055051505706e-01
-1.393494020582046466e-01,-1.707079357061570546e-01
-1.081986204703041937e-01,-1.114884245642502048e-01
-2.078482437909790481e-01,-1.929953907014682613e-01
-3.302510942060101762e-01,-1.711688726484595913e-01
-2.534023167925884001e-01,-1.892614657114728982e-01
-2.475931128332102271e-01,-2.375076647969662502e-01
-2.040755428112778769e-01,-1.298086512958828154e-01
-1.739685371592637753e-01,-1.625926214464119279e-01
-1.204085977112872158e-01,-1.873870005211445700e-01
-2.446538502932815162e-01,-1.991053642203490792e-01
-1.721762482329701194e-01,-1.808179942898563985e-01
-2.214396413134667452e-01,-1.377112407616150336e-01
-1.623097287707092606e-01,-1.143549566491591923e-01
-1.489470397379131228e-01,-1.721820117109493509e-01
-1.866435044344458005e-01,-1.597625310658148112e-01
-3.456813374226538338e-01,-2.446352283286218343e-01
-1.841357176417434127e-01,-1.248849827808937024e-01
-2.029538818721802196e-01,-1.402000173443493092e-01
-1.406637831011407769e-01,-1.903764245153756751e-01
-1.855003195203281385e-01,-1.905799863796769633e-01
-1.668139124324579670e-01,-1.698370443431580779e-01
-1.564477392963901647e-01,-1.332747830058431671e-01
-1.606761611159745473e-01,-1.366376957086072319e-01
-2.174383084046702663e-01,-1.946063399964490792e-01
-2.034586226614992777e-01,-1.674052659395433296e-01
-2.211393125777830759e-01,-1.734057636895786902e-01
-1.303234413725409824e-01,-1.300679422164549293e-01
-2.100517769781747868e-01,-2.383402895270794186e-01
-2.176917170549741987e-01,-2.109689004418789648e-01
-1.492935740908614695e-01,-2.126642194717553447e-01
-2.713527610639403509e-01,-2.215969795609840365e-01
-2.272731892872212334e-01,-2.014184399529475589e-01
-1.286834581762478502e-01,-1.504892903600971443e-01
-1.641292751403772565e-01,-1.778298695634929760e-01
-1.770007162209796259e-01,-1.795993775634649181e-01
-1.789485168099388679e-01,-1.801223072565904249e-01
-2.245099626813702731e-01,-2.111909458210513013e-01
-1.734256346855670428e-01,-1.308165145580094113e-01
-1.276480945176999005e-01,-1.230840711470648496e-01
-2.197047034940009802e-01,-1.523204288800051043e-01
-1.515293072115706241e-01,-1.616771109463526757e-01
-2.928561713723585314e-01,-2.071886011523316196e-01
-1.663602993890985482e-01,-1.560197262723453937e-01
-1.620905663759570070e-01,-1.601714642787412102e-01
-1.576618896538501402e-01,-1.682886402472895115e-01
-1.664113272708645230e-01,-1.451770938151493162e-01
-2.177636219176740384e-01,-1.862865845734950343e-01
-2.323577670182669919e-01,-2.115552085097955615e-01
-2.253150434911794231e-01,-1.867496381710908315e-01
-1.877324827016550457e-01,-1.987955466474565225e-01
-1.880556009298161024e-01,-2.263561014900360435e-01
-1.392447441883853110e-01,-1.590985693124881695e-01
-1.924424406928162135e-01,-1.843648932246742256e-01
-2.712527048270992891e-01,-1.879880215439529156e-01
-2.162917841787583006e-01,-1.885001588962085251e-01
-2.292009013013037999e-01,-1.966263403610748750e-01
-2.434491617877435621e-01,-2.025056568796604339e-01
-2.173985983253744203e-01,-2.003324111569123323e-01
-1.748988088326486334e-01,-1.841805786339841544e-01
-2.672455242032132916e-01,-2.029293356054834851e-01
-3.041868353185099294e-01,-2.117756517364328406e-01
-2.278562467320241758e-01,-2.046358252520580068e-01
-1.542701746404545882e-01,-1.650876191902858336e-01
-2.426264860155406822e-01,-1.537815437870346247e-01
-3.075198225119348816e-01,-2.038834217939164695e-01
-2.272478811552773315e-01,-1.758539157229911387e-01
-1.454241753467825915e-01,-1.198003341056436272e-01
-2.560872606010598518e-01,-1.810899533706779585e-01
-1.433346158747820231e-01,-1.948937333756837476e-01
-1.291639149650472551e-01,-1.551871536441067068e-01
-1.835246432208281764e-01,-2.240989548146277155e-01
-2.269982682101282512e-01,-1.412488361305303808e-01
-1.831509076569015071e-01,-1.643906547780893124e-01
-1.492439849311142375e-01,-2.551023595316671000e-01
-1.449634136581774424e-01,-1.826097570133769776e-01
-1.425147611478888021e-01,-1.406755016190949226e-01
-2.436534365499301580e-01,-2.365804070577541829e-01
-1.650025802030724853e-01,-1.539202189190131409e-01
-1.989685741248252149e-01,-1.752201279847459825e-01
-1.640265983903709257e-01,-1.628398628851339680e-01
-1.858514275872432953e-01,-1.067669352023888907e-01
-1.692222464010218752e-01,-1.574510991752422762e-01
-1.523673459206304759e-01,-1.747653777213108162e-01
-1.040114476201529081e-01,-1.191189328660130914e-01
-2.277356579256761548e-01,-2.143398364689527158e-01
-2.803326137801764872e-01,-2.108968415184817868e-01
-2.277701019449966391e-01,-1.611950065365423401e-01
-1.551492156466863226e-01,-1.509770885189899714e-01
-2.395912905342094112e-01,-1.420386588027250652e-01
-1.329515737027733846e-01,-1.521962022054635932e-01
-1.625227683556609848e-01,-1.688492650048622201e-01
-1.418096067122296966e-01,-1.702996256569856148e-01
-2.032546211462640529e-01,-1.867218968967599702e-01
-1.300092595613170088e-01,-9.492317315682856360e-02
-2.792014456073043105e-01,-1.922429999213528251e-01
-1.591812119302988549e-01,-1.944599225022674294e-01
-1.782360016791337820e-01,-1.262584352336429405e-01
-1.590880247881700793e-01,-1.553304212097308123e-01
-2.037982368567911040e-01,-1.776604345432067911e-01
-1.197614101248715979e-01,-1.357359036368303018e-01
-1.841008109199784026e-01,-1.339242184873170871e-01
-2.660084861208156237e-01,-2.512916156187597894e-01
-1.962226933987146760e-01,-1.898490135811724544e-01
-1.606367158982554555e-01,-1.407854968566987774e-01
-2.868180939714524147e-01,-1.750263738403284308e-01
-2.078279330413902448e-01,-1.777936102418856967e-01
-1.540176720453848291e-01,-1.592982654085931260e-01
-1.941036976522612367e-01,-1.875744251287053410e-01
-9.372733442841620077e-02,-1.367312410083105501e-01
-1.203811574125444178e-01,-1.167343844231726185e-01
-2.535454182388878208e-01,-1.703992131338142035e-01
-2.138635313255038417e-01,-2.213966974005596722e-01
-1.612245081373650524e-01,-1.060777174116726562e-01
-1.563499592666048321e-01,-1.642071350639418004e-01
-1.919137937700571284e-01,-1.208871408308044015e-01
-2.588290765773297863e-01,-1.825995328365556669e-01
-1.446201730688280729e-01,-1.384356393193931778e-01
-9.626463540212626402e-02,-1.446497142134575420e-01
-1.770698836554746580e-01,-1.464327862445189976e-01
-2.216046658538839975e-01,-1.542785442159962384e-01
-2.125341257173344323e-01,-1.429157600820191443e-01
-1.510122299555904379e-01,-1.293993992604405563e-01
-1.883756076412071712e-01,-1.724633456593109848e-01
-1.998521043688269716e-01,-2.410484350267884657e-01
-1.792112962964605150e-01,-2.371110577962053656e-01
-1.841293840681414717e-01,-1.309522914422153739e-01
-1.532318161696447356e-01,-1.722543469630022916e-01
-9.634890646608550158e-02,-2.061574797629106837e-01
-2.057537364161677873e-01,-1.614148785545022891e-01
-1.836942781221889420e-01,-1.402719464262630888e-01
-1.777465298282106809e-01,-1.585725973131431876e-01
-1.281277627374933226e-01,-1.252254940753841361e-01
-2.717731127872227703e-01,-1.951394588100900385e-01
-2.758279492551188317e-01,-1.828512768171539349e-01
-1.838101002776825477e-01,-1.692460077220110104e-01
-2.186981172394923401e-01,-1.192651233574796993e-01
-2.616206190206797344e-01,-1.971431130858181391e-01
-2.706154324784210696e-01,-1.736705917550214473e-01
-2.736939414865982023e-01,-1.685319068000357134e-01
-2.244246218010865213e-01,-1.570684393379634114e-01
-1.990664810290647402e-01,-1.651876428856716150e-01
-1.807168757357493771e-01,-1.554149564536399242e-01
-1.287453130139669943e-01,-1.576325929668869474e-01
-1.388727247154163680e-01,-1.685703851767897943e-01
-1.412353222447280121e-01,-1.879270060785336316e-01
-2.653215157194672713e-01,-2.226812393163960513e-01
-2.129540894206531365e-01,-2.415870775831947537e-01
-1.865379945014282170e-01,-1.458615397973712091e-01
-2.554750099110446038e-01,-2.285708793374832681e-01
-1.651533139910245085e-01,-1.745742096510687624e-01
-1.127745274562514943e-01,-1.396794829146398853e-01
-1.801241498097008176e-01,-1.234442173007254118e-01
-1.928914489405670341e-01,-1.759200927856423846e-01
-2.456564163555901292e-01,-2.114193962841472429e-01
-1.145366405822558914e-01,-1.470595170927278261e-01
-1.288655488643822289e-01,-1.582083166235450644e-01
-2.208514963441930157e-01,-1.998019156549581399e-01
-1.682058642186120834e-01,-1.553613533454522300e-01
-1.661897263948182990e-01,-1.690284537099066009e-01
-1.361666463098113733e-01,-1.732943231221624469e-01
-2.642029209163661574e-01,-2.074827537905553076e-01
-2.185995528042051494e-01,-1.919399712750365083e-01
-2.150031846112015754e-01,-1.730244943697093196e-01
-1.797867205978649352e-01,-1.774549039277667495e-01
-1.528869372552473238e-01,-1.199300677036122115e-01
-3.296829957262978894e-01,-1.990799610794136421e-01
-1.371263735701551689e-01,-1.652854817202945581e-01
-1.851331307345629174e-01,-1.757124091431204460e-01
-1.679457804787316821e-01,-1.226801802793566626e-01
-2.339045792295320059e-01,-2.239627640269313547e-01
-1.226658698334174707e-01,-1.354493264039276501e-01
-1.634165018448984485e-01,-1.900406575475896420e-01
-1.448189024379059331e-01,-2.097093916452559825e-01
-3.173269473107815375e-01,-1.992245860987898187e-01
-2.147829682962635323e-01,-1.916292950651551641e-01
-2.071070104114434152e-01,-1.748276042464846636e-01
-1.697438823094108984e-01,-1.977421949448874283e-01
-1.927557940554634475e-01,-1.825997096510453832e-01
-1.472548842353803566e-01,-1.362247771528575790e-01
-2.441587857599685218e-01,-2.159783659217686114e-01
-2.185981903408094618e-01,-1.991248884958858045e-01
-1.058766059986849806e-01,-1.752381069878908293e-01
-1.796628446310586658e-01,-1.687148351999290252e-01
-2.317088795447563854e-01,-1.877303027230441679e-01
-2.045628827628518387e-01,-1.742546441851859917e-01
-8.862198632235379625e-02,-1.195019083035367691e-01
-2.183121680559510225e-01,-2.031238993953627114e-01
-9.229363666869297433e-02,-1.326256746861108060e-01
-2.185134044193156322e-01,-2.569820377334368633e-01
-2.369738028864646906e-01,-1.504269799346001357e-01
-1.452092254874842170e-01,-1.275530094786877233e-01
-1.954333776271831857e-01,-1.725215425570245098e-01
-1.884486184421930166e-01,-1.563211447036629287e-01
-1.747363730081616662e-01,-1.900061456087936418e-01
-1.464274091908909781e-01,-1.025731114739257405e-01
-2.658806101265827060e-01,-1.785215227108581937e-01
-2.580763343072579041e-01,-1.811695433482931605e-01
-1.630173319821771327e-01,-1.471361136697032779e-01
-1.764723584540361379e-01,-1.545326222522599435e-01
-1.394716421004957851e-01,-1.165778408299750629e-01
-2.275918732176919479e-01,-2.362538327395362903e-01
-2.166710800374323509e-01,-1.823145503034800663e-01
-1.371439875536759889e-01,-1.778726611034140703e-01
-2.545335515298310369e-01,-1.962785531845276932e-01
-1.302804613738154649e-01,-1.425866705504256204e-01
-1.854565883097876733e-01,-1.628439360020300930e-01
-1.901958001210029559e-01,-1.941286194173282853e-01
-2.721810379264602009e-01,-1.915559614270963551e-01
-1.903298245737213013e-01,-1.339151898534277907e-01
-2.329145125691466089e-01,-1.508647503487333119e-01
-1.738676902515433054e-01,-2.147959167190180430e-01
-1.410821013058514706e-01,-1.955896967698643740e-01
-2.149965842712146524e-01,-2.349256403871484156e-01
-1.705374259096159861e-01,-1.651956914517270780e-01
-1.926754729029102331e-01,-1.868330043679573282e-01
-1.493901114291724952e-01,-1.329550059392091144e-01
-2.275963909499401083e-01,-1.428488475642168687e-01
-2.633294146649517997e-01,-2.004951713785739498e-01
-1.951252747453182945e-01,-1.913066497277516875e-01
-2.450284055738353173e-01,-2.171917694343695193e-01
-1.620146146008870636e-01,-1.288463358016917470e-01
-2.259117609501868351e-01,-1.595087100880409892e-01
-3.242116398393536381e-01,-2.459034317012832316e-01
-1.887022201999419002e-01,-1.821499398348141452e-01
-1.843558153837150659e-01,-1.708931200756491908e-01
-1.825006871946305564e-01,-2.053700854807428422e-01
-1.133668986387833394e-01,-1.612313976442946162e-01
-2.119371529603765736e-01,-1.869440923737881455e-01
-2.775750267711119545e-01,-2.085411237655046546e-01
-1.710651033986252401e-01,-1.641446379112042608e-01
-2.277359708282719886e-01,-2.284593420540084463e-01
-1.993458618436199092e-01,-1.469835777757563522e-01
-1.988578344901570927e-01,-1.675390923391678333e-01
-1.929573808754003750e-01,-1.665313376911000953e-01
-2.597224109239403833e-01,-1.548088059508304359e-01
-1.800647797344028245e-01,-1.638882662955110092e-01
-1.134653770632648440e-01,-1.784080659616517350e-01
-1.465772178981935570e-01,-1.829203030213698566e-01
-1.979206498338054177e-01,-1.816498918530646822e-01
-1.843586064089440812e-01,-1.738266322517935669e-01
-1.496711776469653032e-01,-1.471550519831321402e-01
-1.041675954367251578e-01,-1.280301585562624578e-01
-1.738701082328364678e-01,-1.633166763251827081e-01
-1.974327866637919371e-01,-1.378595634947748505e-01
-1.553326857468116939e-01,-2.000477283480338042e-01
-1.958778155533518750e-01,-1.586629048838495704e-01
-2.375448805180026268e-01,-1.839401271362822166e-01
-1.354087433088566605e-01,-1.471343888398676247e-01
-1.657780638164553511e-01,-1.716460828763358981e-01
-2.475136832129579689e-01,-2.118375737812613069e-01
-2.259525983376532154e-01,-1.465952018856409855e-01
-2.354400670899588766e-01,-2.239455508749185753e-01
-2.000238338780543634e-01,-1.830180566649206586e-01
-2.944982603971920132e-01,-2.122225018638490279e-01
-1.742854582180094480e-01,-1.622023243532116354e-01
-1.437615461731961142e-01,-1.765059001777166126e-01
-2.899341655995651967e-01,-2.435770583571655878e-01
-1.954840727758796748e-01,-1.978346910271667203e-01
-1.822898437902534252e-01,-1.560783613555916938e-01
-1.792270461942265247e-01,-1.761764559909982097e-01
-2.452798094331527234e-01,-2.772861910300673527e-01
-1.742001455775862295e-01,-1.465305621910526490e-01
-2.781300096179951109e-01,-2.676933274200324897e-01
-1.873726664416921484e-01,-2.123128850932810285e-01
-2.034838391835460114e-01,-1.893230923586631531e-01
-1.248509119097500758e-01,-1.186901890562120365e-01
-1.729390539857010023e-01,-2.038149470562924392e-01
-1.732909802726216308e-01,-1.865424628183554034e-01
-1.558679281752740620e-01,-1.493137916761096418e-01
-1.551010705282316604e-01,-1.593396681218405275e-01
-1.809587861659933961e-01,-1.837398662978793062e-01
-2.462535877276115781e-01,-1.894622019291762605e-01
-1.718374001772189907e-01,-1.595535113917751213e-01
-1.676649350091772850e-01,-1.832675942996960794e-01
-1.933635208398770122e-01,-2.070262545301005397e-01
-9.092327073673772686e-02,-1.395049608561706456e-01
-1.629248454763546072e-01,-1.713055151103465013e-01
-1.111333470440711013e-01,-1.128938587132167909e-01
-2.281705380603044619e-01,-2.176509299726134272e-01
-2.608941955510323263e-01,-2.374307236359900486e-01
-2.321636608098892607e-01,-1.757353968017355550e-01
-1.453342040031401217e-01,-2.234382864216953590e-01
-1.119959869591838908e-01,-1.420959075578741571e-01
-1.326230566116737009e-01,-1.321854261010497467e-01
-3.011592649759955442e-01,-1.615791488350510063e-01
-1.942174530049096126e-01,-1.994043527221738832e-01
-1.547080422706083591e-01,-1.266210473087205635e-01
-1.225857961505802257e-01,-1.543970157566844914e-01
-8.573785655976677578e-02,-1.229348990628015836e-01
-1.738868800345438337e-01,-1.668216973296706429e-01
-2.970114616590869838e-01,-1.782279793231847376e-01
-2.082685695745404575e-01,-1.471256310457903227e-01
-1.947670794682903050e-01,-1.897574297191228221e-01
-2.718280054645507149e-01,-1.779977877013057541e-01
-1.727423499970739407e-01,-1.554482805179239757e-01
-1.618253464668855945e-01,-2.221757491378106852e-01
-1.323036926582622230e-01,-1.827210181349114282e-01
-2.313967115976970634e-01,-1.751280373041437521e-01
-2.893623196357166250e-01,-1.685712948954512236e-01
-1.954355713254375126e-01,-1.902279923459290756e-01
-1.645636786895319503e-01,-1.307031299945885516e-01
-1.676252951244701361e-01,-2.207434239453046620e-01
-2.908251952395438655e-01,-2.298964110675421335e-01
-1.556334676658166771e-01,-2.040364389179195326e-01
-2.101058109615697445e-01,-1.758893973574071623e-01
-1.796120642165908721e-01,-1.412677792912165331e-01
-1.390737718608781315e-01,-2.132693424175421404e-01
-1.768467891959030203e-01,-1.777344504331803410e-01
-1.528954165746353178e-01,-1.909986557765215032e-01
-1.440892160664288546e-01,-1.527630539585269620e-01
-2.194390209735890551e-01,-1.463622068563038281e-01
-1.329195466130686787e-01,-1.584661663538233789e-01
-1.622313138308730807e-01,-1.295346294403555143e-01
-1.270735745555052199e-01,-2.048605411149289901e-01
-1.737585288659743987e-01,-1.796734174384425342e-01
-1.460254606519610920e-01,-1.886644753636327332e-01
-9.027495955004254113e-02,-1.324874557739246783e-01
-1.564710229085140292e-01,-1.433616180785692029e-01
-1.786893987643065895e-01,-1.853997818213372062e-01
-1.526347294278574129e-01,-1.730254780401492554e-01
-2.363888186615314135e-01,-1.552713902486511921e-01
-1.930521755799353145e-01,-1.635278814835961769e-01
-2.679529327850950771e-01,-2.112283202326146747e-01
-2.346662029942949423e-01,-2.191707358515179449e-01
-1.161549088891404985e-01,-1.277634455874499531e-01
-1.308940354056634670e-01,-1.930284036540332870e-01
-2.592377982674718417e-01,-2.046071261542361797e-01
-1.046234871569350355e-01,-1.612541282426374623e-01
-1.482442866048640506e-01,-1.564548996070314058e-01
-1.776591187081275058e-01,-1.865601816427995274e-01
-2.362600347259693478e-01,-1.680838087785338497e-01
-1.844829242920953960e-01,-1.810981090845265595e-01
-2.905760014658814727e-01,-1.813519827143486862e-01
-1.566939604326359481e-01,-1.799144778657019994e-01
-1.981023589079493608e-01,-1.607602101878123080e-01
-1.474899476027148881e-01,-1.251738895102706695e-01
-1.851971183906520602e-01,-1.558488244154368485e-01
-1.122010819753413852e-01,-1.492820262633209882e-01
-1.969655717575699572e-01,-1.420726230673885204e-01
-3.232083686701630043e-01,-2.191939250477337453e-01
-2.176875382965435535e-01,-2.073518454538775813e-01
-2.379155250461022220e-01,-2.208414846972917844e-01
-1.246432097858344856e-01,-1.962344954108299899e-01
-1.249418242996256506e-01,-1.856357671698931344e-01
-2.315274555301404802e-01,-1.517757824231503738e-01
-1.717806696457956361e-01,-2.124813417913011815e-01
-2.391562326939123406e-01,-2.483725915385643912e-01
-2.151648243599156574e-01,-1.736487148428054184e-01
-1.391270647961963258e-01,-1.320606808429130308e-01
-1.215377469295797347e-01,-1.493352817331685123e-01
-1.915081499932871356e-01,-1.807350744168694512e-01
-2.209379929000734599e-01,-1.557282036056025498e-01
-1.472356737771547963e-01,-1.530116603746213000e-01
-1.586861801599898092e-01,-2.274952585309441278e-01
-1.215696700290137960e-01,-1.870848874715433652e-01
-2.559289828874753425e-01,-1.740914038958575327e-01
-2.432421848252135366e-01,-1.769076168484070843e-01
-2.913536538890078020e-01,-1.756621736779453435e-01
-1.821051820304437907e-01,-1.558571945159989702e-01
-1.265468302943467405e-01,-1.470356893656271369e-01
-1.222363704539961571e-01,-1.420005725267778351e-01
-2.519243256809722276e-01,-2.250872311419500615e-01
-1.515064346870036160e-01,-2.317746913196496727e-01
-3.025544981193387661e-01,-1.586420995883374430e-01
-1.920764809090518555e-01,-1.930973311173383999e-01
-2.792906032075388456e-01,-2.405497167936997971e-01
-2.258234491452305315e-01,-1.510164538017347013e-01
-1.649591668631801011e-01,-1.318548922049254113e-01
-1.787776619582936988e-01,-1.475536351030612148e-01
-1.159142604912274666e-01,-1.622320209477243480e-01
-1.470469900150486731e-01,-1.434439313191236409e-01
-2.070288769737243240e-01,-1.504451640002755497e-01
-1.783998768407147051e-01,-1.554817340823099192e-01
-1.393720400965271777e-01,-2.054841843527805412e-01
-1.414731661673470642e-01,-1.956081850709913972e-01
-1.917730504314545670e-01,-1.508855348290737974e-01
-1.887047431125520869e-01,-1.489865159566577946e-01
-1.758903328737977667e-01,-1.786389926907064329e-01
-2.230635907157819120e-01,-1.894785779238521706e-01
-1.675548467727499824e-01,-1.374180201798787526e-01
-1.634576025021361179e-01,-1.735238125149165811e-01
-2.485596027900921212e-01,-2.342218351040978586e-01
-1.862249543156859755e-01,-2.175014903825814583e-01
-2.383683807052902059e-01,-1.553335460028479331e-01
-1.895716246700312468e-01,-1.998230039405983205e-01
-1.719173438823431432e-01,-1.736460954052956862e-01
-1.842284390234127933e-01,-1.464900277917592641e-01
-2.939663282192922500e-01,-2.461812033565687896e-01
-1.647468799773250392e-01,-2.120997440388877331e-01
-1.853027675975827682e-01,-1.919636554927597050e-01
-2.565345957968782065e-01,-1.819502898087104747e-01
-1.708176755129753588e-01,-2.078910922708328002e-01
-2.265227654515093170e-01,-1.939066208012953374e-01
-1.226866750861267813e-01,-1.550820256791968221e-01
-1.591309989035784855e-01,-1.265973750225642680e-01
-2.093409435720967882e-01,-1.790227875860715412e-01
-1.829665165909996616e-01,-1.524986489550920199e-01
-3.318045306673709782e-01,-1.928059728785067872e-01
-2.250383226692039829e-01,-1.331684622407925678e-01
-2.385154485758851362e-01,-2.484780199072348095e-01
-1.643555241058727301e-01,-1.294551801507258515e-01
-2.935439552150515552e-01,-2.177573826298207504e-01
-2.399291120374544284e-01,-1.908640478815141484e-01
-2.423019165704365652e-01,-2.090666279764604174e-01
-1.456133947224397540e-01,-1.425491813405593278e-01
-2.862745308511780440e-01,-1.997383670666670608e-01
-1.612226759169950729e-01,-1.155917768488355091e-01
-2.358928454256430385e-01,-1.996558887405773808e-01
-2.517237271678538502e-01,-1.928447569252232652e-01
-2.001993855419002266e-01,-1.732657312015006001e-01
-3.679293926222451105e-01,-2.646385498003278602e-01
-3.379433678461049584e-01,-2.281421524868319228e-01
-3.172900605351794412e-01,-2.403566063484186555e-01
-2.641486926774697652e-01,-2.115180874010647860e-01
-2.070500932482369216e-01,-1.377639851686241201e-01
-2.257647685113558511e-01,-2.235599607940258471e-01
-1.498043065748419223e-01,-1.511198422390949425e-01
-2.881442675223936933e-01,-2.102921138988745886e-01
-1.256169797447720671e-01,-1.495159394307206124e-01
-1.628238315914502798e-01,-1.755625649780458708e-01
-1.346128326990306545e-01,-1.554520485848016886e-01
-1.611049518154924198e-01,-1.429741537356505054e-01
-1.415003795642452156e-01,-1.956289172276039767e-01
-1.492520109311773480e-01,-1.658644344695738015e-01
-1.387310031064810933e-01,-1.325308131319415939e-01
-2.187281830252005566e-01,-1.519560196422720388e-01
-2.362499146837913622e-01,-1.754231890467685684e-01
-2.457637036430633803e-01,-1.358536052135418670e-01
-2.173075326575117927e-01,-1.679653538544465252e-01
-2.873337111105273012e-01,-2.852435983556644294e-01
-1.377688437887496509e-01,-1.286269193318501369e-01
-1.675871827121273305e-01,-1.711594925262623357e-01
-1.789019290666497009e-01,-1.500856626492641510e-01
-1.134980161525765696e-01,-1.128372663783710067e-01
-1.515472811476033521e-01,-1.398613057265719883e-01
-2.681460398649305743e-01,-2.085526265772877919e-01
-1.807602409549277367e-01,-1.963464810081991252e-01
-1.779536569588611450e-01,-2.137056058777343781e-01
-2.264174896959866568e-01,-1.717546555876041103e-01
-1.037390599921413914e-01,-1.719510352456124491e-01
-1.639728034015598412e-01,-1.967446396987093671e-01
-1.547032787543045629e-01,-1.271528171710981370e-01
-3.284887520560916263e-01,-1.725789956933584668e-01
-1.356324605207648581e-01,-1.458837789433706789e-01
-1.244323867356583596e-01,-1.490562407139474632e-01
-2.593906305319912953e-01,-2.108036958729206378e-01
-1.230738882071348295e-01,-1.173423785474510816e-01
-1.685271456158059233e-01,-1.207121510395240543e-01
-1.290858070678128355e-01,-1.701501001130914792e-01
-1.733150283222198718e-01,-1.653447659644382284e-01
-8.831044845708116431e-02,-1.691577150694092146e-01
-1.884856089326256146e-01,-1.498063634502295460e-01
-2.243563750348295249e-01,-1.565071120655771031e-01
-1.846325689581512219e-01,-1.977014299704028533e-01
-1.687542393402526042e-01,-1.267583250874001477e-01
-1.437077982854308711e-01,-1.765273272210564071e-01
-1.991893701833921393e-01,-1.551773545379254160e-01
-1.454889539559601208e-01,-1.753243933180837211e-01
-2.484420121420464755e-01,-1.987287802489186572e-01
-1.508854386636815925e-01,-1.408598675907625497e-01
-3.013942002704920187e-01,-2.234455624311324773e-01
-2.361655767907338277e-01,-1.443310313303618753e-01
-2.321726796691121475e-01,-1.941369223090859686e-01
-1.865177692395265097e-01,-1.559268156272486661e-01
-1.238779551510708898e-01,-1.558281497938248938e-01
-2.103802991834046454e-01,-2.348880751466219108e-01
-1.547474785827127886e-01,-1.643909600385528580e-01
-1.923844363865516160e-01,-1.983183470022299999e-01
-1.991187738648444172e-01,-2.241819311073306453e-01
-1.950524228194588372e-01,-1.756455417382298545e-01
-1.325036196268983280e-01,-1.200701222902558624e-01
-2.320551311641256276e-01,-2.099455967289996505e-01
-2.617444977767278136e-01,-1.966961842064346988e-01
-2.169907822483984894e-01,-2.323056219899670705e-01
-2.090476902835607664e-01,-1.791600353946498914e-01
-1.378879960849901665e-01,-1.646822938187446350e-01
-1.586725290921474352e-01,-2.257782933832528371e-01
-2.634891929466485760e-01,-1.607801576638605567e-01
-1.796466285401034091e-01,-1.947550065453488299e-01
-2.063614077900558785e-01,-1.536255301495575154e-01
-1.974217803363539081e-01,-2.064711852205977916e-01
-1.555526804607336722e-01,-1.748874370238915343e-01
-2.115706756253052379e-01,-2.266424478886123473e-01
-2.009355619671329973e-01,-1.421196756907093794e-01
-1.754533517161803169e-01,-1.216452172843136559e-01
-1.896407263601853632e-01,-1.798435164838388389e-01
-1.636140341067183201e-01,-1.814887002581842268e-01
-2.746840767651040904e-01,-1.753619784463527620e-01
-1.709116818302133523e-01,-1.739953815709952833e-01
-1.904964782762335329e-01,-1.713552890555445907e-01
-2.281897132842665155e-01,-2.227403008992247524e-01
-1.162704704763579122e-01,-1.419224519232380188e-01
-1.966393716023813187e-01,-1.508998812468743955e-01
-2.366824626685844479e-01,-1.717613718858730654e-01
-1.770913022716039120e-01,-1.713042219330233595e-01
-2.618662201067037398e-01,-2.212102575380101854e-01
-2.579885407682245835e-01,-2.026449041718351440e-01
-1.743854748358768525e-01,-1.367145623943374633e-01
-3.367759058639864245e-01,-2.136285674128728385e-01
-2.970243433495487473e-01,-2.242403417701617774e-01
-2.428992710688442913e-01,-1.730589663658897992e-01
-1.523399708325701984e-01,-1.133379361216628467e-01
-2.772018326382911235e-01,-1.929750341817786374e-01
-1.819497781291375127e-01,-1.563941919485490328e-01
-1.192812297065108662e-01,-1.282101716782552692e-01
-1.974731246524314976e-01,-1.909773566236864784e-01
-1.356085478815592105e-01,-1.291245095633235529e-01
-2.283009425807153714e-01,-1.758305679440489711e-01
-1.390622205051244842e-01,-1.474910965923054706e-01
-1.759656787526419908e-01,-2.139573204425839759e-01
-1.269824239134511867e-01,-1.230306470451651563e-01
-1.652989195298289749e-01,-1.095363461880774353e-01
-2.589658416675908459e-01,-1.666047904373457733e-01
-1.795553234628279593e-01,-1.136374962296426566e-01
-1.758785140459190599e-01,-2.234390672323902094e-01
-2.307252072462110948e-01,-1.381104140153982252e-01
-2.835858568117064493e-01,-2.132577467816874073e-01
-2.161463670701005979e-01,-2.429485342225430333e-01
-3.121460591280755259e-01,-2.145626171037787189e-01
-2.445907028204948874e-01,-1.932121233542328231e-01
-2.068761056302497181e-01,-1.572719587793676432e-01
-1.736767668478495230e-01,-1.542343908046055478e-01
-1.812190283449951755e-01,-1.490455181568513809e-01
-2.008505151002901723e-01,-2.085713563312623919e-01
-2.691317943666034496e-01,-2.022578580542259974e-01
-1.110437728058801393e-01,-2.346507569973143859e-01
-1.836900856596065668e-01,-1.395510610699616239e-01
-1.030258355406430126e-01,-1.653549162184648202e-01
-1.695003650521157146e-01,-1.547965881788920528e-01
-1.952783525065381609e-01,-1.908331680928739837e-01
-1.772749784431953690e-01,-1.810233985129644507e-01
-1.044208804065853008e-01,-1.332371555994245615e-01
-1.425251563903446039e-01,-2.236292655044236355e-01
-2.153404420109646389e-01,-1.547716526165287265e-01
-2.163546785796391925e-01,-1.855557938596802681e-01
-9.981130024171135096e-02,-2.064146686027421296e-01
-2.232240562386625937e-01,-2.209572568512518653e-01
-2.056916079466181713e-01,-1.399931044989967122e-01
-1.471758067932686376e-01,-1.763011553402418774e-01
-1.885314474883843239e-01,-1.402822190176943318e-01
-1.527753004983353480e-01,-1.443603969493159889e-01
-2.732765973164023032e-01,-1.955872072940632866e-01
-2.885918107866609628e-01,-2.591282337080609288e-01
-2.554084787823080460e-01,-2.569741118308994654e-01
-2.261655370300336143e-01,-1.841481674050416406e-01
-3.011573853898495412e-01,-2.565077911468416905e-01
-1.888512738737854468e-01,-1.898306357774009467e-01
-1.953218998134486073e-01,-2.029764538459684353e-01
-2.109960274353115117e-01,-1.389975306066829897e-01
-1.861592272613762367e-01,-1.595407560266351721e-01
-2.310183770574014694e-01,-2.235665514399892417e-01
-1.920848815888431538e-01,-1.649436341453820454e-01
-1.980783190589379128e-01,-1.777924755312794147e-01
-1.567187300737749589e-01,-1.273550730618301652e-01
-1.992029405564348099e-01,-1.937318911747092642e-01
-1.539218369441449352e-01,-9.375485062712746176e-02
-1.591048680025533291e-01,-1.172187543778943769e-01
-2.350912167894415039e-01,-2.026868855549933679e-01
-2.010487252314321349e-01,-1.659458269172518763e-01
-1.869358138542656089e-01,-1.795220370877367855e-01
-1.667728769627606633e-01,-1.820632378348953084e-01
-1.011379199635605158e-01,-1.519779951407797536e-01
-1.768449432010824052e-01,-1.648259252132463215e-01
-1.460140845568157764e-01,-1.553471673684711507e-01
-1.577147818881307617e-01,-1.729727222979480783e-01
-2.681086799023593703e-01,-1.917562291695825150e-01
-1.583332422556008590e-01,-1.460132623379837014e-01
-1.975717672778650180e-01,-1.223011711872612067e-01
-2.022892788888299431e-01,-1.923746064101154174e-01
-7.969926036970681471e-02,-1.590171245238042874e-01
-1.264022833140921731e-01,-1.347604871594298703e-01
-1.529448033190492218e-01,-1.910312485437226093e-01
-1.354064128793402710e-01,-1.236576321362381353e-01
-1.688398743252926271e-01,-1.551176448602214764e-01
-1.552572156033254769e-01,-1.342113219940224422e-01
-1.503897592490867074e-01,-1.280441949678583491e-01
-1.667094031069406568e-01,-1.475347961124061635e-01
-2.443712786636554890e-01,-1.401720736453969107e-01
-1.978979691296409715e-01,-2.147146987360894765e-01
-2.766367688761430799e-01,-1.864152563216872616e-01
-2.183340454637777706e-01,-1.509452778984590182e-01
-2.221776911327376924e-01,-2.378560180015062420e-01
-2.254990719669776322e-01,-1.839589648346039441e-01
-1.319131840427066882e-01,-1.585285143372611449e-01
-2.452572188164266753e-01,-1.679637777106819108e-01
-2.007328421661486728e-01,-1.874720444361182570e-01
-2.715956471613265588e-01,-2.257662322191405779e-01
-1.815281856278749550e-01,-1.646186790388028398e-01
-1.930342754899251334e-01,-1.600022939338265060e-01
-1.113157185058424870e-01,-1.919879350735656798e-01
-2.800099600391289800e-01,-2.626974507105418466e-01
-2.211732551981901718e-01,-2.200664832909160762e-01
-1.474490452845497179e-01,-1.480954239246414783e-01
-2.241348811915753469e-01,-2.154775812981793992e-01
-2.489645199259982178e-01,-2.038091853380883112e-01
-1.672547010304998860e-01,-1.538528135099451744e-01
-1.266190079759840492e-01,-1.233062404914884863e-01
-2.531140267051552040e-01,-1.890878590365202283e-01
-1.796626373620590911e-01,-1.817972390641034997e-01
-1.895346433889212312e-01,-1.440430019179011201e-01
-2.055442735139976496e-01,-1.433001481411164957e-01
-1.977998900267412541e-01,-1.837977049274838182e-01
-1.518806178134313178e-01,-1.960034266814321691e-01
-1.810222831360917273e-01,-1.609605157094592398e-01
-2.250871200352798085e-01,-1.509323422416597726e-01
-2.082135764882931950e-01,-2.189994933330614568e-01
-1.541898298496514053e-01,-1.279363289674978477e-01
-2.279287630543772869e-01,-1.783723076423922027e-01
-2.023841929466613510e-01,-1.974888410255590809e-01
-1.895640892466191330e-01,-2.372967194003352542e-01
-1.756081553390766992e-01,-1.959290911432710613e-01
-2.129950048999456891e-01,-2.272630127222013685e-01
-2.486398851233082574e-01,-1.868206546400444645e-01
-1.311975371022795211e-01,-1.812776716158474577e-01
-2.232108022772291422e-01,-1.954854667254886935e-01
-2.537225935079784889e-01,-1.923625893434980083e-01
-1.750954087524249081e-01,-1.782688914009000480e-01
-2.437777321389503205e-01,-2.009741837727139491e-01
-1.845683132005594695e-01,-1.793980547675447790e-01
-1.370736512514852401e-01,-1.483328443149019293e-01
-2.255276490632553421e-01,-1.930879591945886542e-01
-1.812235083517357015e-01,-1.205979550811926981e-01
-2.054102289628783606e-01,-2.222863963128604015e-01
-2.040823770128524228e-01,-1.612711239335204438e-01
-2.034583757448097940e-01,-1.630507375082143606e-01
-2.098101744263687340e-01,-1.285468548757369989e-01
-1.733381060631342951e-01,-1.539204251838448279e-01
-1.644395690843609426e-01,-1.710667960542346377e-01
-1.530382206675929557e-01,-1.832281413464026676e-01
-2.018853633996725572e-01,-1.316258336420603470e-01
-2.466983272122513782e-01,-2.110861671807784390e-01
-1.328558204494732775e-01,-1.455433918478467592e-01
-1.443153507495369969e-01,-1.846248696859513483e-01
-2.495255574796556575e-01,-1.870686974850042927e-01
-1.804649861932567656e-01,-1.366589924784044896e-01
-1.699267047734497604e-01,-1.933153325335365269e-01
-1.776083585683833899e-01,-2.302815426896755446e-01
-2.074201243890271273e-01,-1.723465178302669432e-01
-2.094794503094484783e-01,-1.410664523648280377e-01
-1.743234839006182757e-01,-1.555018160954751150e-01
-2.256349366545726265e-01,-2.204158401259432298e-01
-1.919336387336980088e-01,-1.939566031595078011e-01
-2.069537965227216114e-01,-1.974802306370966321e-01
-1.730997270136926947e-01,-1.578390493261024319e-01
-1.919099736017942648e-01,-2.221396770782584351e-01
-2.138068970116203671e-01,-1.483128520364112857e-01
-3.276270114568202718e-01,-1.969431011326360226e-01
-2.718694037148997045e-01,-2.300775239437642394e-01
-1.870026556905591275e-01,-1.413977849739587178e-01
-1.983442325436093612e-01,-1.789503534333269641e-01
-1.636162749367634228e-01,-2.566437485144445474e-01
-1.693487240579990283e-01,-1.720994278397740829e-01
-1.776737887267504923e-01,-1.194696355877024607e-01
-1.870270889838376027e-01,-1.572356912975781951e-01
-2.005824010758270326e-01,-1.523479323068460678e-01
-2.882983815234057556e-01,-1.906448718728771807e-01
-1.632899985979270607e-01,-2.093678688590618897e-01
-1.663752001823017024e-01,-1.276390238227822493e-01
-1.802908023154573269e-01,-1.614357231080319199e-01
-1.319607900130578826e-01,-1.442646869601696691e-01
-1.778323946050088256e-01,-1.710244959254239305e-01
-2.012168052884016345e-01,-1.265110416838509388e-01
-1.317849981287210481e-01,-2.233899659159700180e-01
-1.592416189639001833e-01,-2.041440546482890528e-01
-1.947489213369691108e-01,-1.687471706285645356e-01
-1.371357746637703323e-01,-1.780633918000509852e-01
-1.543503906187373154e-01,-2.046044491848708069e-01
-1.601648195870520597e-01,-1.425989604750980688e-01
-1.906898966864541412e-01,-1.557582123266081642e-01
-1.861742071223441153e-01,-1.669386833346555854e-01
-2.155650005787227708e-01,-1.960165078541278860e-01
-2.249746418009016535e-01,-1.629970388339297138e-01
-3.136546528038238746e-01,-2.005576072974866730e-01
-1.946384998472669992e-01,-1.582406199141745684e-01
-2.297983064402625009e-01,-1.962356787568548255e-01
-2.031964056888060088e-01,-2.257247192571085193e-01
-2.201863363726482281e-01,-1.902825656333838877e-01
-2.073679955398448349e-01,-1.883317335459742115e-01
-2.145113076143514708e-01,-2.059630308749746119e-01
-3.129045343954292013e-01,-1.912958126944258319e-01
-1.126503668449566203e-01,-1.563342203416220599e-01
-2.051038532259421565e-01,-1.815201655763602484e-01
-2.155839020504362047e-01,-1.704470128450032151e-01
-1.701801160821097003e-01,-1.576801935100018148e-01
-1.214657320983739408e-01,-1.809483264658178214e-01
-2.736671961982233836e-01,-2.604193236103091169e-01
-2.059001141992167772e-01,-1.984230271849850014e-01
-2.384878967427486729e-01,-2.237812752345698097e-01
-2.277977589604287534e-01,-2.325776145635868319e-01
-1.478330554743134961e-01,-1.719373519839162978e-01
-2.407133136964714482e-01,-2.164520506458888216e-01
-2.064359259077697684e-01,-1.990741002462004527e-01
-1.653077215361068719e-01,-2.214926901393075576e-01
-2.176036237725405831e-01,-1.874293254709979428e-01
-1.614210694864158246e-01,-1.373868794508415481e-01
-1.963572263766820147e-01,-1.544239017508873268e-01
-1.724706814820931577e-01,-1.922946117012727385e-01
-1.491376869897229618e-01,-2.185375999276432113e-01
-3.173142130235871994e-01,-2.020449321119236474e-01
-2.728977663457706759e-01,-2.356442658158971470e-01
-1.508188618508734258e-01,-1.675405467275311033e-01
-2.223961175851312810e-01,-1.616188947739398141e-01
-1.382982569453695687e-01,-1.537206351163834805e-01
-1.473400144677398105e-01,-1.258033942437107588e-01
-2.168387865091982725e-01,-1.645751789860147307e-01
-1.884896863180008930e-01,-1.848517549144577943e-01
-2.025433856511721642e-01,-1.827969223817715871e-01
-2.265473577756409174e-01,-1.740178288147781194e-01
-1.740693688349251311e-01,-1.561421103424282808e-01
-1.390487444944260020e-01,-1.294371726702481240e-01
-2.679020202832346764e-01,-2.021983121978869480e-01
-2.172647780366161463e-01,-1.701925018001009260e-01
-1.708532968676774733e-01,-1.567522889992003510e-01
-8.981966726657772404e-02,-2.340964925080735171e-01
-3.460740032664718080e-01,-2.019667897263858480e-01
-2.416238800555661481e-01,-1.737408879388377125e-01
-3.049451815562317369e-01,-2.287722284417745833e-01
-2.941626243619410164e-01,-1.974851678591966475e-01
-2.388144649993759194e-01,-1.972083324568430218e-01
-2.710763737695346398e-01,-1.991463860632383398e-01
-2.029167132068469548e-01,-2.062167293131400292e-01
-2.445807695719810770e-01,-1.762862601853225630e-01
-1.552636359160798341e-01,-1.905025961064279183e-01
-2.569356018853866108e-01,-2.014249027673038483e-01
-2.452565647020077677e-01,-1.931119597848281189e-01
-2.125878618017840449e-01,-1.582427240328106166e-01
-2.190691984264475367e-01,-1.623162923485343967e-01
-1.499743447853288669e-01,-1.206748678713897710e-01
-2.089253103723520966e-01,-1.602092076228868178e-01
-3.397209675597271383e-01,-2.505680011722229428e-01
-1.673521029547887506e-01,-1.406493281672915041e-01
-1.327133858442525460e-01,-1.170281809896975417e-01
-1.800193097341718507e-01,-1.188653668388161555e-01
-1.524344007374719145e-01,-1.541135879681889975e-01
-1.315176980478187374e-01,-2.009627116382692313e-01
-1.773500794292731386e-01,-1.467285818084978488e-01
-2.649279090886685895e-01,-1.558288791179427146e-01
-1.577243212857658838e-01,-2.085452751073901545e-01
-2.044314853386728359e-01,-1.534302548412834755e-01
-2.799961191298563912e-01,-2.208033092836026445e-01
-1.928076469159800688e-01,-1.746299558183215805e-01
-1.797889100233000248e-01,-1.581480672357538364e-01
-2.359585392653541502e-01,-1.394822588097993088e-01
-1.802933676001495789e-01,-1.611967526900824621e-01
-1.572084511504772131e-01,-1.504251029777121107e-01
-1.851521749151516238e-01,-1.552861982076208514e-01
-1.709467079732668038e-01,-1.476834425071024970e-01
-1.515997267367598933e-01,-1.326373102862598297e-01
-2.103295562453313672e-01,-1.632561333882979193e-01
-1.569603568044659336e-01,-1.181075760019314885e-01
-1.845791932013913228e-01,-2.226305624953507922e-01
-2.652315145481096703e-01,-1.822028069050683208e-01
-2.021198594770023949e-01,-1.880706085958710472e-01
-1.567168886504475001e-01,-1.951134702905663321e-01
-2.117806949992806498e-01,-1.998863393920828901e-01
-1.901625441196808930e-01,-1.356882905700944331e-01
-2.199639652375667831e-01,-1.555989334588644413e-01
-1.336058253600184709e-01,-1.884060434307901488e-01
-1.218198304073516008e-01,-1.517925565537872334e-01
-2.286236870101972518e-01,-1.574143428555832558e-01
-1.524867709730909349e-01,-1.289816376702281608e-01
-1.895916581548801882e-01,-1.549588938319307052e-01
-1.306425744819310064e-01,-1.499970518052504975e-01
-1.487571638007679775e-01,-1.394714000397978271e-01
-2.504064918859310040e-01,-2.471128509441918863e-01
-2.154905056525164841e-01,-2.348681563104826620e-01
-1.939184907825188264e-01,-1.768324515452758261e-01
-2.392876129324466028e-01,-1.766680554734358366e-01
-2.349858875380065881e-01,-1.773236690963831963e-01
-2.293762384542784860e-01,-1.884242863288346503e-01
-1.728349900529860261e-01,-1.473704043221125415e-01
-1.596404573232705348e-01,-1.810399452772423479e-01
-2.962931070896508423e-01,-2.438714952011403481e-01
-1.720094353552676369e-01,-1.759331030318934674e-01
-3.666324830027616333e-01,-2.274941663517986157e-01
-2.410805884681910538e-01,-1.898949839330631995e-01
-2.045785139051857493e-01,-1.625756239389169466e-01
-2.366263963509775692e-01,-1.918006048539661612e-01
-1.226722227319571173e-01,-1.759360521904827779e-01
-2.134332071999685554e-01,-1.614146095940090231e-01
-1.795535629203684480e-01,-1.859014537194457750e-01
-2.283015726519323496e-01,-1.860734043529420068e-01
-1.980506734947870551e-01,-1.543581667759854059e-01
-1.705705932954616200e-01,-1.994433060201408481e-01
-1.700257095087561177e-01,-1.704619003914231434e-01
-1.811320631091177247e-01,-1.822218303202803591e-01
-2.073204579086978527e-01,-2.025840262963046479e-01
-2.034539191375384637e-01,-1.934715469108320152e-01
-1.735523348598288218e-01,-1.675116149244383346e-01
-1.597195379529586512e-01,-1.508806117487087317e-01
-1.739809135796875905e-01,-1.254353297665320999e-01
-2.075746753491805874e-01,-1.471230187806016332e-01
-2.559262568919121184e-01,-1.711351999871361940e-01
-2.782437381781497354e-01,-2.313213283371020057e-01
-2.009328005264281458e-01,-1.413589472034504635e-01
-2.328804953407507816e-01,-2.279882260557380969e-01
-3.014129995319872468e-01,-2.449146672172518302e-01
-1.004448087900693121e-01,-1.569448692362077069e-01
-1.934020488193302356e-01,-1.873985832934775830e-01
-1.840212517059560404e-01,-1.469303954979648275e-01
-1.872783230727215198e-01,-2.438311263484892466e-01
-1.767468413449412856e-01,-1.540626337025426118e-01
-1.601441516875188598e-01,-1.157062888578437032e-01
-2.594899061211917157e-01,-1.750321007093523229e-01
-2.471031387556323067e-01,-1.823624178637722748e-01
-2.833612259340818618e-01,-1.704528299373295475e-01
-2.710437609891543920e-01,-1.828558214129198944e-01
-2.052524143575787385e-01,-2.797557685184874909e-01
-1.638035751329515732e-01,-1.133536505458503513e-01
-1.383603122920079864e-01,-1.938799090731803676e-01
-1.428791679166380724e-01,-1.422430000549852191e-01
-1.409254718973649567e-01,-2.087551281205196341e-01
-2.077401876736911235e-01,-1.794282130728255265e-01
-1.501803532925695128e-01,-1.562700708700202057e-01
-1.989893023830820173e-01,-2.364532634012576073e-01
-1.733834952294549814e-01,-1.489241789286508688e-01
-2.049642344529492566e-01,-1.915038892237827528e-01
-1.403410106115356992e-01,-1.789959338180055481e-01
-1.849342450993751441e-01,-2.172807476057913023e-01
-2.256375823185460816e-01,-1.823046512907767758e-01
-2.278328036387237132e-01,-1.659684770680769639e-01
-1.922188731942699735e-01,-1.595306103848527224e-01
-2.242310414539964714e-01,-1.550129349626972464e-01
-1.388971344826234189e-01,-1.870040267721529148e-01
-2.567325337458342127e-01,-1.743431447045357685e-01
-2.131229223418835694e-01,-1.940150919809997265e-01
-1.960521266047876576e-01,-1.907471986743639603e-01
-1.445384337078473025e-01,-1.902865871066974635e-01
-2.044226566527129474e-01,-1.773200444801991960e-01
-2.281473114008336633e-01,-1.692357388623662307e-01
-2.190917995453380840e-01,-1.788279587858404573e-01
-2.357574000538446568e-01,-2.714378017614909044e-01
-2.553418810728819155e-01,-2.722599232044529138e-01
-2.042876778265036997e-01,-1.826892591260092236e-01
-1.678177078998288885e-01,-1.559897592684811318e-01
-1.487942761308920780e-01,-1.867764355289694145e-01
-3.088500636932153265e-01,-2.311116553722853684e-01
-1.126388295612354429e-01,-1.598004067361364078e-01
-1.915147404128790809e-01,-1.441128363912071442e-01
-2.126653363098835459e-01,-2.014027574317334424e-01
-2.135905557594033055e-01,-1.533217468536705874e-01
-1.588588108078693162e-01,-1.911442436745989792e-01
-1.938723365659413278e-01,-2.076812751849317074e-01
-1.787415258445019806e-01,-1.407176025037938372e-01
-1.653093932396576538e-01,-1.266403289117272457e-01
-1.926492240574939896e-01,-2.033218280278319967e-01
-2.013588925991675327e-01,-1.903943745380735353e-01
-1.865397934652751610e-01,-2.139140036996324268e-01
-3.031343922549410985e-01,-1.939858444826211281e-01
-1.982127467002711696e-01,-1.598139691812375529e-01
-2.434090911741653707e-01,-2.211823623259894234e-01
-1.334747769999846678e-01,-1.653562297286048366e-01
-1.848547231501355137e-01,-2.034060628931507742e-01
-2.375719954548298762e-01,-1.316435121829276911e-01
-2.009986795669151116e-01,-1.712535543528135584e-01
-1.971914103245570316e-01,-1.732955151057146148e-01
-1.349124029464716934e-01,-2.094132686730958426e-01
-2.217932444973444717e-01,-2.202287668451687330e-01
-2.499323581058126575e-01,-2.218886353950460799e-01
-1.893005337790717446e-01,-1.599026709948032643e-01
-1.324309869639025972e-01,-1.363145554047193175e-01
-1.264450419618612098e-01,-1.457893327535517980e-01
-1.960076210638935779e-01,-1.935279924307831967e-01
-1.469605213319126191e-01,-1.561323878888740413e-01
-1.935044067740886164e-01,-1.337131954792608324e-01
-1.947872375244483478e-01,-1.522881713863981079e-01
-2.010498412349319142e-01,-1.516237640539074838e-01
-2.553522693275838695e-01,-2.105670151610269658e-01
-1.570361629621959132e-01,-2.087211898042403146e-01
-2.680729326896329479e-01,-2.193118231658694461e-01
-2.376342912760652237e-01,-1.990511208445613356e-01
-1.869341176486748746e-01,-1.502394020633016636e-01
-1.686849550534766373e-01,-1.271137657374238616e-01
-1.723304803816123887e-01,-1.802679930074966297e-01
-1.766089314910565811e-01,-1.805738888909209361e-01
-2.030001247545540344e-01,-1.560001014662266705e-01
-1.707149362520634928e-01,-2.081664742922204048e-01
-1.398218821336029705e-01,-1.486628339991561687e-01
-2.600457913243289232e-01,-1.822584456921626239e-01
-1.665387156134973123e-01,-1.868641710615805418e-01
-1.266009419674082592e-01,-1.750772099692549932e-01
-2.597241704912171545e-01,-2.239928074771391220e-01
-1.703517032100920481e-01,-1.469441737221637845e-01
-1.986981417454538046e-01,-1.807764595477786562e-01
-1.635892619436198903e-01,-1.414954068889118233e-01
-1.494242881788354904e-01,-1.399647532653404969e-01
-2.013356800403861002e-01,-1.865400714897043344e-01
-3.178375145227941290e-01,-1.961365292113802228e-01
-1.340330178226891156e-01,-1.407758228824071145e-01
-1.581915169676570698e-01,-1.558950735134236321e-01
-9.885397298842932279e-02,-1.143534736032832955e-01
-2.515708565598863689e-01,-2.227666997941571414e-01
-1.688286521218275715e-01,-1.279937173769502834e-01
-2.735938382572893901e-01,-1.973835425661137344e-01
-2.228511568958201350e-01,-2.875059753952559638e-01
-1.857035240001987386e-01,-1.202926081450566703e-01
-1.959396646872172965e-01,-1.834180345381290211e-01
-1.287511450693402393e-01,-1.162523007426066735e-01
-1.644300321093867256e-01,-1.753274878403285886e-01
-2.917754499154431302e-01,-2.129060184649240184e-01
-1.693565392949345216e-01,-1.543707467888161267e-01
-1.649822777095291682e-01,-1.860815837771372383e-01
-2.147386198824137726e-01,-1.729859864102180900e-01
-1.992217851188252398e-01,-1.966798786710814984e-01
-2.229289051210746608e-01,-1.386513819369530054e-01
-1.939612566227746915e-01,-1.665775523344207310e-01
-3.629834767351469704e-01,-3.001888486104766218e-01
-2.239700140208260581e-01,-1.867809503887283562e-01
-2.783593113125307217e-01,-1.903788051537152193e-01
-1.783024707957605315e-01,-1.745957850234464148e-01
-2.312028091439734534e-01,-1.325797759450946800e-01
-1.515190648150989416e-01,-1.583839874342918841e-01
-1.245626127389199284e-01,-1.554051131046622625e-01
-2.274291604885922413e-01,-1.363614127568257839e-01
-2.321940127218670435e-01,-1.949596931902909391e-01
-2.630553773675718410e-01,-1.882878861758280342e-01
-2.871555546825534933e-01,-2.454187249081503375e-01
-1.731744739437030278e-01,-2.051031282929418054e-01
-2.278706395362680159e-01,-2.090188507350527747e-01
-2.226153531053428336e-01,-1.876126213032309753e-01
-2.911434418672849689e-01,-2.098018929113458775e-01
-1.718437467934998686e-01,-1.539922498784396521e-01
-1.460778909680945370e-01,-1.154943216157305469e-01
-1.777160543383883018e-01,-1.715051343267702533e-01
-1.683976624073324213e-01,-2.039648835510310398e-01
-2.063964174425515774e-01,-1.727196685496745210e-01
-2.311674487520703480e-01,-2.048112216557693155e-01
-1.857649540394531729e-01,-1.331988133611136382e-01
-1.070166674190210082e-01,-1.551826149947492794e-01
-1.903572167058530384e-01,-2.252075521375025424e-01
-2.486282486454122753e-01,-1.969410199038472975e-01
-2.652139487568402898e-01,-1.818067526554233149e-01
-1.888951657087438174e-01,-1.562378414603563803e-01
-3.474276188623101058e-01,-2.618180030584137397e-01
-1.835645286692171585e-01,-2.105365173682436086e-01
-1.854314615733888560e-01,-1.499103265265469553e-01
-3.069564082001585703e-01,-2.477954808973917289e-01
-1.600843371292532957e-01,-1.506799931330502218e-01
-2.222745664895440787e-01,-2.171996394731882107e-01
-2.150294197972109633e-01,-1.999165870069533057e-01
-1.636598991361776223e-01,-1.302070489534350450e-01
-1.573079541931562964e-01,-1.217301091713670347e-01
-2.237552166557437161e-01,-1.509867762444302708e-01
-1.447279270252394556e-01,-2.575203045211098551e-01
-1.511410500049426009e-01,-1.229678951740827003e-01
-1.492261876865619563e-01,-1.614846792050013413e-01
-2.093572934566960420e-01,-1.910406874670248223e-01
-9.317239405651772666e-02,-1.136079242171523368e-01
-1.907029125998758734e-01,-1.780413419628581739e-01
-1.564318108331233248e-01,-2.282222622362981568e-01
-2.719801301496309609e-01,-2.374230658800211002e-01
-1.636777448614424868e-01,-1.484870177980885109e-01
-1.555644526401883387e-01,-1.428239113953814476e-01
-1.536501490050903307e-01,-1.804566372521944351e-01
-1.492526974955539487e-01,-1.850160729879768429e-01
-8.807645327849450423e-02,-1.279378693251556065e-01
-1.948804639314698495e-01,-2.702267360149670505e-01
-1.333668041551430150e-01,-1.322209223246778309e-01
-1.495336044868426917e-01,-1.691997629180319318e-01
-3.148694134709377201e-01,-2.424642895827974487e-01
-1.976021096624203111e-01,-1.919078684262243428e-01
-1.507833989430548971e-01,-1.392521487456897800e-01
-1.492810168751191879e-01,-1.429461719839039968e-01
-1.785018190371252533e-01,-1.034884478980049038e-01
-3.548179760693926932e-01,-2.360627293096423662e-01
-2.139392953093154637e-01,-1.945400113693816491e-01
-3.021247591990147141e-01,-1.578839262505974117e-01
-1.770151847787689026e-01,-1.292375690457631121e-01
-2.701145635409296086e-01,-2.533035093676901384e-01
-1.275291305443578271e-01,-1.673861835258753650e-01
-1.549473687151227130e-01,-1.632130873076165778e-01
-1.657136822107106444e-01,-2.134995814559691452e-01
-2.429668309813320382e-01,-1.622835443768413100e-01
-2.068305762434692885e-01,-1.502301279033772530e-01
-2.009935510720681218e-01,-1.800485040667173520e-01
-2.530667523942587427e-01,-2.456277725239000009e-01
-2.355154122090917235e-01,-1.769070926925663256e-01
-1.824963012011554531e-01,-1.973492775930989762e-01
-1.155833736034086040e-01,-1.322538867565062892e-01
-1.585067405135794361e-01,-1.177210710926995391e-01
-2.057145096338321710e-01,-1.618739549531748589e-01
-1.923315307801838625e-01,-3.131872395875182069e-01
-1.786602803611047063e-01,-1.871945169019971489e-01
-1.680148698079049208e-01,-1.362502185429504131e-01
-1.557331107510121770e-01,-1.586419791341312779e-01
-1.714505334904324052e-01,-1.727902515002570361e-01
-1.522661347210873262e-01,-1.654517117922775782e-01
-1.631765028040739751e-01,-1.544952832733623715e-01
-2.354256625779043155e-01,-2.122414580736494971e-01
-1.457257957954753436e-01,-2.142574227027593259e-01
-2.328754325044088969e-01,-1.932148556720302002e-01
-2.348634985414041754e-01,-1.952563723344592772e-01
-1.791942999532872283e-01,-1.390014832036680914e-01
-1.717802090045899288e-01,-1.518247537241825817e-01
-1.237256094395492584e-01,-2.032424231774045964e-01
-1.460383016616011720e-01,-1.461832054148725080e-01
-1.571602188712034609e-01,-1.540591160841644491e-01
-1.585330139632772362e-01,-1.460389515043950259e-01
-2.291960398377385633e-01,-1.293995813671054707e-01
-1.901804121961948868e-01,-1.233621076485847540e-01
-1.405960934069813151e-01,-1.837826441054521143e-01
-2.151214542464099377e-01,-1.783605208880516546e-01
-2.015218629010889495e-01,-1.505238812630430301e-01
-1.779276192307701343e-01,-1.825802991145144549e-01
-2.356475988662330434e-01,-1.742428815690556521e-01
-1.731295682514699674e-01,-1.230147960971166299e-01
-2.691177196510750047e-01,-1.676873157628767375e-01
-1.936589033437972618e-01,-1.443758026854150556e-01
-1.609538491540500604e-01,-2.319819098394104717e-01
-1.906042754908575387e-01,-2.424769914514888491e-01
-1.981360997421180992e-01,-1.905793018268888972e-01
-1.302172889418651003e-01,-1.889626736967513487e-01
-2.538612430417439558e-01,-1.743837422343408328e-01
-1.575675637935032847e-01,-1.841222587996897975e-01
-2.420060225506593665e-01,-1.856704623953604472e-01
-2.069514178673553806e-01,-2.158678839607668376e-01
-2.135543200646154438e-01,-1.751367267478607104e-01
-2.067623068762104721e-01,-2.316009477680569528e-01
-1.625670087305852718e-01,-2.017276808991242398e-01
-2.846522571788894229e-01,-2.388207060172959639e-01
-1.152042350643250057e-01,-1.708053995969573413e-01
-1.384865531074324640e-01,-1.290311873234121220e-01
-1.841946524674002994e-01,-1.717156732820482867e-01
-2.151136754278817620e-01,-1.988383019529976203e-01
-1.721859984080102990e-01,-1.587251189624947767e-01
-2.869822482946345898e-01,-1.997469746419420766e-01
-2.012804049117649097e-01,-2.185205427378583420e-01
-2.101684507332912122e-01,-1.313852137713481805e-01
-3.300334771518572685e-01,-1.911798460671516320e-01
-2.038078857781157327e-01,-1.300656789531177693e-01
-3.282735979318356367e-01,-2.318009108968828724e-01
-2.142564386454313685e-01,-2.046624012408236326e-01
-2.146089508814419955e-01,-1.637209645630994526e-01
-1.645858771461191361e-01,-1.402408315244438042e-01
-2.563887583938400105e-01,-1.839009414037713619e-01
-1.889015937447406368e-01,-2.382455860096625577e-01
-2.334699069759636758e-01,-2.026301972203997659e-01
-1.673094396171077580e-01,-1.528586437889845606e-01
-2.266414997318826341e-01,-2.694301220516405193e-01
-9.553040457924623363e-02,-1.727369478131537406e-01
-2.470985133836727798e-01,-2.189619245822393701e-01
-1.726913612115314467e-01,-2.023555948450136976e-01
-2.431465507322175534e-01,-1.539357880607742368e-01
-1.669596576713729963e-01,-2.455450092663789552e-01
-2.185592223176154592e-01,-2.005138485090943168e-01
-6.456198394345485925e-02,-1.996887168178889671e-01
-1.859209441147723352e-01,-1.183770919210129779e-01
-1.588275383873877233e-01,-1.522271140254348176e-01
-1.526323736378659146e-01,-2.281098185983060356e-01
-2.336198000983079059e-01,-1.680379724108866935e-01
-3.325005780338539108e-01,-2.764574967681434625e-01
-2.253879316273947331e-01,-2.333109414768399503e-01
-2.126788681273225623e-01,-1.661707327975288084e-01
-3.859056832094835965e-01,-2.384457768700598002e-01
-1.651733520130644339e-01,-1.344587932409704867e-01
-2.049696691813935046e-01,-1.862861892264066344e-01
-1.869271076505707174e-01,-2.016573032682014155e-01
-1.775178613133832628e-01,-1.911704969680206867e-01
-2.480716989348440427e-01,-2.059817827096832310e-01
-2.633227057279289296e-01,-2.001790489561379727e-01
-2.572821266935140794e-01,-1.895672364599000348e-01
-1.848924799381189144e-01,-1.566582788725678077e-01
-1.563961871994152264e-01,-1.317371917294710704e-01
-1.602206295558691318e-01,-1.676776745886079945e-01
-1.515933663978826229e-01,-1.653696317618447986e-01
-2.662360379531263366e-01,-2.260351301096532595e-01
-9.871272869602382150e-02,-9.838394058991416224e-02
-1.473905911879435926e-01,-1.007893153845595274e-01
-1.406790502918628949e-01,-1.332037617295240284e-01
-2.843963648458799343e-01,-1.951670330668340836e-01
-1.648055057638819210e-01,-1.253388470702394009e-01
-1.632642555879551260e-01,-1.449040216847646001e-01
-1.653053131715082058e-01,-1.249874588258943348e-01
-2.463058355475541694e-01,-2.239445927863314700e-01
-1.559320512234642908e-01,-1.608740664953974275e-01
-8.981729225180359877e-02,-1.387438032869661442e-01
-2.535934746384417293e-01,-1.983666418350978622e-01
-1.470145575779980007e-01,-1.836641322945810617e-01
-1.500346594874383821e-01,-2.331836725809506572e-01
-1.976093090320001910e-01,-1.787700023339499067e-01
-3.400616373405363491e-01,-2.562946219383235302e-01
-1.978987775607981003e-01,-2.183649188263694918e-01
-1.615872326270695047e-01,-1.979806474042532238e-01
-2.015126069731814629e-01,-1.913787577981655719e-01
-1.414028263926906948e-01,-1.497328011726086761e-01
-2.602882910688742446e-01,-1.918595496039293413e-01
-2.258219705557295010e-01,-1.259829938749401634e-01
-2.150727507686966689e-01,-1.179894623556410199e-01
-1.909366739940128732e-01,-1.611726440404903926e-01
-1.644797765333030626e-01,-1.705654901076143204e-01
-1.489164669570321453e-01,-1.670640439148260714e-01
-2.790607924135374285e-01,-2.009947834217936102e-01
-1.450242107422474169e-01,-1.958189747428111249e-01
-1.249052991074899588e-01,-8.344804199668798272e-02
-1.585140696505682734e-01,-2.527987592820923890e-01
-1.749258762152982316e-01,-1.692654165840169200e-01
-2.094581155259029881e-01,-1.978775217612465942e-01
-2.255553236617824919e-01,-1.836187592568397919e-01
-1.748300306659586745e-01,-1.373689902543434316e-01
-1.717069346932299234e-01,-1.500959703548986057e-01
-1.633636501897074156e-01,-1.891899353985777021e-01
-1.661932397187939336e-01,-2.357775798086927388e-01
-3.112884268693846823e-01,-2.004149196562775015e-01
-1.710880309519976217e-01,-2.189109509910620865e-01
-1.743381501971967285e-01,-1.737388021146175077e-01
-2.820951599064481785e-01,-2.457176163421696535e-01
-1.596592807813159709e-01,-1.396671182763498387e-01
-2.145249050660271439e-01,-1.719235576806417976e-01
-1.635567236715697592e-01,-1.719920415300189576e-01
-2.200564649846648291e-01,-2.004021513302842450e-01
-1.928868894351793428e-01,-1.552998335092446724e-01
-2.298512262193929678e-01,-1.981599688930721359e-01
-9.440979043240492474e-02,-1.273100386173839915e-01
-1.869312258907809832e-01,-2.583310715782061173e-01
-2.126788764788356545e-01,-1.642611123597937650e-01
-1.602056558412782439e-01,-1.526253430101658370e-01
-1.245930902412036578e-01,-1.850105288530589642e-01
-1.771866226257295951e-01,-2.105917987977443950e-01
-1.683330311352347619e-01,-1.170752845164385186e-01
-2.167959237328946354e-01,-2.655418543533143438e-01
-1.827444294507418743e-01,-2.182246290832923763e-01
-1.909352091613700231e-01,-1.772440175646292637e-01
-2.262336798705089635e-01,-1.981111116692693963e-01
-1.697054560312165339e-01,-1.322670597234142376e-01
-1.426647640329304356e-01,-1.681212749353141189e-01
-1.033425081952892566e-01,-1.514509169184119763e-01
-1.341983683078561695e-01,-1.765179504226389307e-01
-2.957595238433804452e-01,-1.623511251788822274e-01
-2.436101670391206397e-01,-1.754039984613544045e-01
-1.461795788010637198e-01,-1.044584558541205299e-01
-2.804779043751792211e-01,-2.600485894923872388e-01
-1.615581150644722908e-01,-1.718067769216669871e-01
-1.643908938273254128e-01,-2.043204869558020720e-01
-2.395744802305909416e-01,-2.057609407167151350e-01
-2.251851815542884327e-01,-1.570590675486074062e-01
-2.456012732257096542e-01,-1.680214976254834347e-01
-1.578610727423184201e-01,-1.635817625255554242e-01
-1.781541445428213577e-01,-1.456611506841289372e-01
-2.332801130125831124e-01,-1.985473588846999871e-01
-1.946988108221658631e-01,-2.091045988097894326e-01
-1.930542455614832342e-01,-1.835980352657557990e-01
-2.406033185887824777e-01,-1.871590482872939054e-01
-8.360117891759569209e-02,-1.143034943378450630e-01
-1.812624191996579925e-01,-1.594820876499336570e-01
-1.991394923084147395e-01,-1.565435650091496489e-01
-2.131195876743011697e-01,-1.750116296835749763e-01
-3.382903453380645131e-01,-2.187787978558531632e-01
-1.514688252676490432e-01,-1.490476201040111248e-01
-2.602000121450986359e-01,-1.946345901155689395e-01
-2.104599270493797969e-01,-1.699008719512972443e-01
-9.819072295802024064e-02,-1.306849851632908843e-01
-1.548663020260052647e-01,-1.811727987614452362e-01
-2.011870488387854095e-01,-1.671054287087678780e-01
-2.285427148708879252e-01,-2.315270987874629427e-01
-9.246045734045965636e-02,-1.328213689647923246e-01
-2.219030056920986149e-01,-1.703803363154773876e-01
-2.286333395066384444e-01,-2.300089041321345396e-01
-1.778786900142287353e-01,-1.795782343190462371e-01
-2.531569107902791327e-01,-1.708872306941413566e-01
-2.382203244364081152e-01,-1.482649964485117655e-01
-1.644625206987118116e-01,-1.413200829778426815e-01
-2.212799600590178439e-01,-1.725939277551533924e-01
-1.914362148303928035e-01,-1.734270041485327096e-01
-1.508527762293590535e-01,-1.441093244218951130e-01
-1.917136531883117945e-01,-1.747217501923771510e-01
-2.257736054149702132e-01,-2.261894708479834093e-01
-1.923108249990411189e-01,-2.526657318064430835e-01
-1.900881116184273689e-01,-1.438916596634793044e-01
-1.850993999942032731e-01,-1.903146454910944196e-01
-1.853907224842305523e-01,-1.493444202807646115e-01
-2.081557876503801197e-01,-1.715821006098381396e-01
-2.629266474549147303e-01,-2.547373280789978489e-01
-2.077729274195993237e-01,-1.718034404821801864e-01
-1.711673301464746721e-01,-2.125596754920499043e-01
-1.766590582745291016e-01,-1.655622005327879731e-01
-2.732407814908801025e-01,-1.774977013031144302e-01
-1.239200736553945498e-01,-1.525310182393793679e-01
-1.489725345009293711e-01,-2.299989267155340411e-01
-9.911440141341928967e-02,-1.993379840842034456e-01
-2.276332669312216006e-01,-1.244902279569211345e-01
-2.264382534458750096e-01,-1.929895048394470736e-01
-1.265953620571974025e-01,-2.175532978170762188e-01
-1.587855734195101343e-01,-1.427941103356044628e-01
-2.677496293255953175e-01,-2.187868021735518975e-01
-1.227241561390925023e-01,-9.333720224591041115e-02
-2.175024691029514567e-01,-2.004439543162979676e-01
-1.465000354037795938e-01,-1.755530345262919234e-01
-1.205137423299312005e-01,-1.717757098853072983e-01
-2.128223852825584239e-01,-2.056496924975671214e-01
-2.177496587806372341e-01,-1.664085981871996633e-01
-2.132196141833031244e-01,-1.603227654589387818e-01
-1.405088432340821092e-01,-1.387901169072134067e-01
-1.937368091425192840e-01,-1.848002676560354107e-01
-1.858216087432990882e-01,-1.529486034094278413e-01
-1.986414813325766970e-01,-1.552175252825155061e-01
-1.679517351981103801e-01,-1.316659438424356288e-01
-1.903858672885622438e-01,-1.465623228749059204e-01
-1.609434597842485104e-01,-1.589888685454512174e-01
-1.801382525348254326e-01,-1.940464463838544318e-01
-2.899511816622938332e-01,-2.684607729869651349e-01
-3.391904993928846479e-01,-2.970196654160660032e-01
-1.014313026227492143e-01,-1.748342753743442335e-01
-1.530316692877378704e-01,-2.068591766552663747e-01
-1.073205264688397026e-01,-1.281057063197503232e-01
-1.721237479021415773e-01,-1.919921634622092088e-01
-1.895511456591177646e-01,-1.299187386080417062e-01
-2.354456233996870540e-01,-1.893363380060974210e-01
-1.444799693486354675e-01,-1.681863081959971973e-01
-2.765947079378231477e-01,-2.237759587783494375e-01
-1.893981664930282638e-01,-1.704316636997144085e-01
-2.776970203022134376e-01,-2.108116610912781075e-01
-3.343846654420604692e-01,-2.263190208597505304e-01
-1.523526994820143532e-01,-1.659218724768289910e-01
-1.108869481789442335e-01,-1.192529023078081341e-01
-1.424532677523948354e-01,-2.062467228595163959e-01
-1.357927352876638627e-01,-1.538192759666182352e-01
-1.630806772612119204e-01,-1.516072214013592379e-01
-2.188171488230196693e-01,-1.788992834715942837e-01
-1.958210281702370270e-01,-1.762437229152888085e-01
-2.473184710383325435e-01,-2.321901196972138703e-01
-1.433239780041252465e-01,-1.741738199244909358e-01
-1.651529973684091046e-01,-1.365978144619428847e-01
-1.394822227698162553e-01,-1.298461523393445172e-01
-2.190566338566539983e-01,-1.645421768160313936e-01
-2.191784856794616321e-01,-1.577934040360715606e-01
-2.907202218759656898e-01,-1.459267772868261814e-01
-2.736434247283630050e-01,-2.547210161205893941e-01
-2.884649658769977698e-01,-1.900573166156599436e-01
-1.861941555948156690e-01,-1.888455394377548946e-01
-2.764180309216505149e-01,-2.425249250119822786e-01
-1.988481971559275530e-01,-1.368836536063675335e-01
-1.696867994150736414e-01,-1.870330643175245056e-01
-1.735690308948928395e-01,-1.644036861258051374e-01
-2.005501444637748099e-01,-1.910525125810456915e-01
-2.121541732194959784e-01,-1.818730517398713387e-01
-2.185096411084811452e-01,-2.108089569379870132e-01
-1.979870423700009485e-01,-1.647431171249306436e-01
-2.088963759907980500e-01,-2.332514245454886115e-01
-1.396313047953667563e-01,-1.461003285307095889e-01
-2.243482963679187814e-01,-1.842517298275827831e-01
-1.504166123681532075e-01,-1.411346560506854253e-01
-2.347809566485826727e-01,-1.793930809500342005e-01
-1.657305028182667062e-01,-1.427983594381713184e-01
-1.639946814870633374e-01,-1.724487813678808601e-01
-1.806774842720752505e-01,-2.021873042769750939e-01
-1.815217958958715572e-01,-1.626162774609093975e-01
-2.134988875142911635e-01,-1.822094895909464884e-01
-1.202048038515605155e-01,-1.779288558437981116e-01
-1.335371431496456263e-01,-1.938175405693363385e-01
-1.222051337964584899e-01,-1.885931212576525406e-01
-2.429250582701998618e-01,-2.154404117213355452e-01
-2.744918282249497743e-01,-1.998460009244263369e-01
-3.154930983363102848e-01,-2.260442991213300612e-01
-1.482612544842509261e-01,-1.856114889846547378e-01
-1.727894474393904534e-01,-1.516371009711386109e-01
-2.216977366622490675e-01,-2.001073288322722243e-01
-2.111678350279986849e-01,-1.542304527899290012e-01
-2.256166491968897847e-01,-1.560825548874950064e-01
-1.699965366069431105e-01,-1.673878905334511280e-01
-1.635702163328955627e-01,-1.776575722038044869e-01
-1.942232190314076290e-01,-1.742708786996957360e-01
-1.796738875963766191e-01,-2.060398316195403701e-01
-1.279931873644578888e-01,-1.437426174686417812e-01
-1.824602458919747650e-01,-1.855548403675390534e-01
-2.109348823646197135e-01,-2.098174766801327862e-01
-1.186162559171321934e-01,-1.429122078710746424e-01
-2.119300165333512509e-01,-1.155677767679610252e-01
-2.163644727921163191e-01,-1.812715933253893352e-01
-1.557678930312681453e-01,-1.605379363798020154e-01
-2.406774071679222415e-01,-2.036964745913486530e-01
-1.339324634835903360e-01,-1.662630771795847173e-01
-2.002589529193625761e-01,-1.954422960591087055e-01
-2.127136584921460738e-01,-1.537841056398399076e-01
-2.237821715003737721e-01,-2.008897960445321651e-01
-2.077188362240716957e-01,-2.487601096791395849e-01
-1.540447888125330289e-01,-1.845990634813357845e-01
-1.014547188323935145e-01,-1.154665574445122855e-01
-1.315118741540597103e-01,-1.243654973753528931e-01
-1.670271738801671069e-01,-1.755666792001428500e-01
-2.328612465614579574e-01,-2.807567488494819852e-01
-1.711450868224894395e-01,-1.574253974923814081e-01
-2.427773573623417391e-01,-2.051103696468892790e-01
-1.553372579890661409e-01,-1.813977145320523343e-01
-1.788139083755048708e-01,-1.753062823739507392e-01
-1.970088133451464163e-01,-2.074540317737920692e-01
-2.023653703279137406e-01,-1.745913700368849908e-01
-1.769313648196257083e-01,-1.609998531043546344e-01
-1.278891166142839542e-01,-1.596883147407550385e-01
-1.856199384270548203e-01,-2.207398358980660058e-01
-1.108294063767472915e-01,-1.316661174937700240e-01
-1.827379682926247861e-01,-2.303213777125071027e-01
-2.595646877455530799e-01,-2.135663670432679795e-01
-2.159646092800958928e-01,-2.081622963763489209e-01
-1.678168297641144391e-01,-1.337751712796505787e-01
-1.920241767739873096e-01,-1.963398553856395834e-01
-1.207638045131418369e-01,-1.832095315546720671e-01
-1.966829897934099236e-01,-1.900060412218193828e-01
-2.670768512721208299e-01,-1.989354615062649545e-01
-9.777879243736897763e-02,-2.093066412353937478e-01
-1.900647891424073754e-01,-1.414590552370625087e-01
-2.466765677560117109e-01,-1.972816289204054607e-01
-2.124243974748789010e-01,-1.539153665254215375e-01
-1.314419618348579011e-01,-2.221429584355212317e-01
-1.963338585458690166e-01,-1.875202801398512809e-01
-2.315922462867320286e-01,-1.511495789301448567e-01
-1.221203529449924052e-01,-9.135662152557430526e-02
-2.374628647899648948e-01,-1.496693337569043325e-01
-1.699785086756945840e-01,-1.693203911356754854e-01
-1.453377989873090026e-01,-1.962304050833849067e-01
-1.685455641571157182e-01,-2.580772302606587632e-01
-2.356361072652579103e-01,-2.003151860811744067e-01
-1.361883473298347580e-01,-1.818472050218158942e-01
-2.423058098051192599e-01,-1.791041347252893823e-01
-1.991654828290020940e-01,-1.952054236778809904e-01
-2.060618021530574995e-01,-1.908371880450505653e-01
-2.027214875809834338e-01,-1.685934496066157084e-01
-2.052129154454979398e-01,-2.006877805410061943e-01
-9.095792719195393283e-02,-1.184729900568550209e-01
-1.644549557003338047e-01,-1.663642513768098241e-01
-1.962071107442315276e-01,-1.569147378673252657e-01
-2.052478232126247748e-01,-2.029736673271088088e-01
-2.286044650097771858e-01,-2.199313099227873658e-01
-1.619056047076194993e-01,-1.457931911263481983e-01
-2.058940454897633110e-01,-1.465993767265141579e-01
-1.794681997052108291e-01,-1.767222503011214030e-01
-2.576687838386813034e-01,-1.923012610285192436e-01
-1.805490834988993654e-01,-1.672934071142906098e-01
-1.807240846320277150e-01,-1.573697199754677534e-01
-2.201809854147017131e-01,-1.637359187806567140e-01
-1.971389299204250878e-01,-1.774157044700097330e-01
-1.832441062289568434e-01,-1.594129230474465031e-01
-1.391538093626250305e-01,-1.837078312986226425e-01
-2.302901629562535413e-01,-1.969727529284130418e-01
-1.550976272042700888e-01,-2.249534308892912615e-01
-1.630397870711828012e-01,-1.700203894739674149e-01
-2.279633536584842191e-01,-1.973210394895118236e-01
-2.531372519975929047e-01,-1.949712851588145668e-01
-1.181305872352906572e-01,-1.333967545978645142e-01
-1.608893358274492424e-01,-1.855897683429415246e-01
-2.471858521504561867e-01,-1.730581077904079501e-01
-2.420379427902593639e-01,-2.254162330270722825e-01
-1.991349421819643140e-01,-1.649936615385249605e-01
-1.568338362840306921e-01,-1.845027945768537847e-01
-2.111628402454584774e-01,-1.608750558236707873e-01
-2.112732717192398468e-01,-2.869419773913720051e-01
-2.054811803555257610e-01,-1.741861922188997491e-01
-2.183498192839111729e-01,-1.772535462263842287e-01
-1.825151410476467118e-01,-1.447560278026974456e-01
-1.811219125602302749e-01,-1.998225862070457381e-01
-1.676983479678084143e-01,-1.544583259063790903e-01
-2.128447083109081817e-01,-1.669171156881988083e-01
-1.407594468596699289e-01,-1.633264124383309590e-01
-2.454808877809177559e-01,-1.698231198885854221e-01
-9.135095562853448592e-02,-1.369558303251056097e-01
-3.637493105841627661e-01,-2.549124882434751771e-01
-1.541587781886456787e-01,-1.292765911692081160e-01
-1.555332580567734546e-01,-1.608031198945047979e-01
-1.680470094568718986e-01,-1.417812890548621751e-01
-2.494254460638752058e-01,-1.386551361475039101e-01
-2.880274523504113282e-01,-2.290870228410197829e-01
-1.602258353300543281e-01,-1.534055792755897041e-01
-8.982834154039208430e-02,-1.985653249110506391e-01
-2.072021983230480924e-01,-1.962896172467045175e-01
-1.923920983224464143e-01,-2.048717602592507459e-01
-1.786903592899682092e-01,-1.134191769455515225e-01
-1.387154597639977671e-01,-1.191135975481981413e-01
-2.092754305124222558e-01,-1.472574430200020990e-01
-1.463849082162640147e-01,-2.054040749033641255e-01
-1.625887703444522936e-01,-1.889115712708917538e-01
-3.318829224148961976e-01,-1.807278137987431699e-01
-2.007445778129407776e-01,-1.731101425660632742e-01
-2.292668635873716942e-01,-1.366751409683395757e-01
-2.016580815602543042e-01,-1.985990796940585723e-01
-1.682780047982845306e-01,-2.268984674211476371e-01
-1.218191974185226234e-01,-1.253032431418088233e-01
-2.759007130155224363e-01,-1.975890931567013675e-01
-1.851517910518941379e-01,-1.772644887903352118e-01
-1.985233940284519827e-01,-1.799580936811892296e-01
-1.862868101722881531e-01,-1.438758848981296079e-01
-1.857931557050701565e-01,-1.849387769440970497e-01
-1.286292734872405141e-01,-1.607922386425588712e-01
-2.324743162924980400e-01,-2.118574943475168282e-01
-2.589455609932465596e-01,-2.129568912594622387e-01
-2.414634431945448245e-01,-1.751465558721717330e-01
-1.200217710314397945e-01,-1.368979643678186475e-01
-1.862716510552550886e-01,-1.915596665055347148e-01
-2.857105163718046126e-01,-2.067600563184193163e-01
-3.228778207410553658e-01,-2.340967834449330653e-01
-3.010486121558580419e-01,-2.147319461586308931e-01
-1.874578736264743417e-01,-1.762477766098984877e-01
-1.310465824235657328e-01,-1.926521462767321613e-01
-1.987931725962896468e-01,-1.544528299055866472e-01
-1.535160400366006039e-01,-1.561670350227678528e-01
-1.356869053620823051e-01,-1.375310716564141222e-01
-2.414239824612875174e-01,-1.891449146125865344e-01
-2.340858705120660577e-01,-1.925935561268428409e-01
-2.311179480357770655e-01,-1.828908420819672087e-01
-2.013813603244234973e-01,-1.573093076034784432e-01
-1.969756174118615366e-01,-1.701569540562918315e-01
-1.569678917793742023e-01,-1.724980395326471405e-01
-1.803233725861943804e-01,-2.399068995640352975e-01
-1.732967003600767164e-01,-1.204102861126315482e-01
-1.900145589974910898e-01,-1.867752154407551490e-01
-1.528073596018560132e-01,-1.148426852781328084e-01
-3.918403708915136896e-01,-2.957928962712313981e-01
-2.317271248761737790e-01,-1.803487836464388594e-01
-1.414183027112722035e-01,-1.730770745294095414e-01
-2.105361352354414572e-01,-2.354859734615997735e-01
-1.777644911466947364e-01,-1.785106362975397987e-01
-1.487010670975309201e-01,-1.561377195966843767e-01
-2.446272713505515950e-01,-2.259132757947364123e-01
-1.846089933111497439e-01,-1.535870967931677322e-01
-2.316382937096202743e-01,-1.575199597154505471e-01
-1.531719451201493387e-01,-1.188679266804834322e-01
-1.640463043377050345e-01,-1.547920818922873254e-01
-1.613754828281973031e-01,-1.541743516342433395e-01
-1.084983803196449270e-01,-1.720223236870210837e-01
-1.484909987781258545e-01,-1.511313003904311003e-01
-2.144165643642073071e-01,-1.811548592747641573e-01
-2.321014525440654730e-01,-2.362906578649623390e-01
-1.925733819979135175e-01,-2.019138378364605246e-01
-1.939379599640218832e-01,-1.751558545583539739e-01
-2.073949957181263626e-01,-1.695246839115787940e-01
-1.591866208640613511e-01,-2.208515753835699758e-01
-2.271017797880238720e-01,-1.740971230707388795e-01
-1.240937100360485212e-01,-1.202887215815510030e-01
-1.758086187182374693e-01,-1.625835645797223394e-01
-1.316949835575486338e-01,-1.908939977923551634e-01
-1.869057969757235704e-01,-1.336100262936570637e-01
-9.670166822434182741e-02,-1.489697923597766427e-01
-2.093889604426031892e-01,-1.878543595993361071e-01
-2.106806853303332394e-01,-1.962239112249902495e-01
-2.520233179746634300e-01,-1.990920830862587809e-01
-2.186747516238350952e-01,-1.897490654923204845e-01
-1.335515822831230548e-01,-1.450202901133694211e-01
-2.813133945763751642e-01,-1.823485147782938631e-01
-3.241235335126764205e-01,-1.733319903659664984e-01
-1.680360166790601240e-01,-1.985791124289517096e-01
-1.682268638565852514e-01,-1.629481236346191908e-01
-2.007309471596764316e-01,-2.222709056323295407e-01
-1.812635568051990387e-01,-1.878272541774787530e-01
-2.575459538792339576e-01,-2.116187042582642341e-01
-2.022118407297990583e-01,-1.697562476850701663e-01
-2.274021044519624613e-01,-2.034320288369120822e-01
-3.458986249849710926e-01,-1.847562164712861499e-01
-1.196914001078996093e-01,-1.525534621370726318e-01
-1.257029495542276998e-01,-1.524965727498893420e-01
-1.712311147405726486e-01,-1.489019564923800554e-01
-1.937244908240734198e-01,-1.840115230608011243e-01
-2.370637745039411992e-01,-1.963426788566858261e-01
-2.163435916639411816e-01,-1.499865550813399562e-01
-2.060611670220980074e-01,-1.631738412868589672e-01
-1.684773714258084865e-01,-1.669199724679794883e-01
-1.312412405370292912e-01,-1.267460763570880111e-01
-2.058173496028668503e-01,-1.577247846032392986e-01
-2.354098863127000729e-01,-2.270362767844954499e-01
-2.914291635980770234e-01,-2.570940025093806369e-01
-7.886058612008779722e-02,-1.508071024373779656e-01
-2.169177280474021141e-01,-2.041091359451554510e-01
-1.522097076914939728e-01,-1.632586558987910441e-01
-1.763149834733533372e-01,-1.187527178547470169e-01
-9.343721248206110497e-02,-1.837770540162446120e-01
-2.254042781773331894e-01,-1.800698338747947769e-01
-1.913099178502871978e-01,-1.989056050340354265e-01
-1.948289258075139030e-01,-1.619846607106793512e-01
-2.776524627991749372e-01,-1.951783765202931564e-01
-2.198616374734354562e-01,-2.262132238834773656e-01
-2.820388062490046810e-01,-1.944432077943209769e-01
-1.484559518883319662e-01,-1.553074624825759309e-01
-1.211296544416886611e-01,-1.344657912611480211e-01
-2.104706612324404591e-01,-1.647026489706043539e-01
-2.321902781658360948e-01,-2.167985367448390932e-01
-2.265560976756852973e-01,-1.682123407227770207e-01
-1.840666008394382380e-01,-1.772619227680110598e-01
-2.173767833050021248e-01,-1.763887515704610220e-01
-1.944471933179237333e-01,-1.964707270510729908e-01
-2.941885113771413596e-01,-2.345462147707499945e-01
-1.629030711692101563e-01,-1.286206489674644460e-01
-2.179447266647048798e-01,-1.563917440401975112e-01
-1.812941561823929182e-01,-1.243691945103248403e-01
-1.271607760860926639e-01,-1.429000223176072337e-01
-3.034419320878686821e-01,-2.531630154299689961e-01
-1.236334444698600765e-01,-1.493674310458928123e-01
-1.981036725188514702e-01,-1.683778299639418774e-01
-1.625498872048679322e-01,-1.659045422759546917e-01
-1.796583207237284763e-01,-2.032408806537981394e-01
-2.274016550889603194e-01,-2.557639223200347534e-01
-1.281514730009261638e-01,-1.594866943788409153e-01
-1.372692528211781060e-01,-1.667699490788763228e-01
-2.693610087134054587e-01,-2.171007382941954889e-01
-2.078186576585659417e-01,-2.114047364951595898e-01
-2.331784486493397313e-01,-1.987656912791702091e-01
-2.524182696817168226e-01,-1.943737684577424574e-01
-2.333367088669257849e-01,-2.034811217748487278e-01
-1.856862744216911110e-01,-1.392775179453888124e-01
-2.563095396845788132e-01,-2.500244223805818122e-01
-2.090639921579198202e-01,-2.111408762604793099e-01
-1.682726490246919948e-01,-1.485741358787820710e-01
-1.242893093567538632e-01,-1.706310342546110692e-01
-1.813604262206439388e-01,-1.401087306572728064e-01
-3.370624999892631868e-01,-2.316988787246502812e-01
-2.412048312279987394e-01,-1.811396310194043346e-01
-2.090615654103606946e-01,-1.533398255684316758e-01
-1.397751510494787963e-01,-1.274021477269256797e-01
-1.683690590255789432e-01,-1.916107341664339825e-01
-1.670477592895634189e-01,-1.204777265337738379e-01
-1.565297932088481059e-01,-1.509944991684159521e-01
-2.091046505094856789e-01,-1.997884601713333930e-01
-2.495752637842669208e-01,-1.749253683922772085e-01
-1.373810837254314798e-01,-2.175362211411023816e-01
-1.873342905029940775e-01,-1.847314556505155470e-01
-1.603674668777937129e-01,-1.889812047793129057e-01
-3.332710373299243023e-01,-2.646185433210927473e-01
-1.884185958275069184e-01,-2.428440196561814091e-01
-1.976183874866183354e-01,-1.963621792904132191e-01
-1.174830371741907437e-01,-1.161963209696967869e-01
-2.281285220109269540e-01,-1.572407485223748791e-01
-2.339429210922874813e-01,-1.567950419031698406e-01
-1.267839189957079282e-01,-1.314057190716366730e-01
-1.559980932023564693e-01,-1.369410688129164000e-01
-3.224862778739581159e-01,-2.346900381849778561e-01
-1.226591424409573666e-01,-1.599273299555163397e-01
-1.977636007351626368e-01,-1.619199054439934837e-01
-2.333299853857837280e-01,-1.591880808221296517e-01
-1.772158737014622454e-01,-2.110145508836455130e-01
-2.285855638818202196e-01,-1.928680747804517870e-01
-2.141899989702119034e-01,-1.799899987504167409e-01
-2.340368636788787149e-01,-1.860583827519470268e-01
-1.776335638173527354e-01,-1.485016490175696813e-01
-2.236983965565414734e-01,-2.034349409931464348e-01
-1.932912102399406973e-01,-2.096905241810380627e-01
-2.561910948153515721e-01,-1.703294755399808180e-01
-1.583502444056428538e-01,-1.080427045405333852e-01
-1.620104723539091962e-01,-1.537870152087570108e-01
-2.626587500273404041e-01,-1.652418770989529107e-01
-1.074915062449484926e-01,-1.217194159048094054e-01
-1.642193652398648285e-01,-1.368939715826589243e-01
-1.883724960236939916e-01,-1.722879746823234026e-01
-2.133388599763443028e-01,-2.220867899178112503e-01
-1.730870286867376429e-01,-1.463710029782306077e-01
-2.500717742724736237e-01,-2.490147256617883387e-01
-2.772143568938286728e-01,-2.243900166129664253e-01
-2.503563875549243423e-01,-2.027016485519391453e-01
-2.587559859541677665e-01,-1.709728621506781954e-01
-1.189663327381745989e-01,-1.347547825023429902e-01
-2.099821399158692814e-01,-1.338311528384359406e-01
-1.537738225707691586e-01,-2.121131970341307293e-01
-2.603443372252765564e-01,-2.018777332226091015e-01
-1.021738082386471763e-01,-1.563886362199232716e-01
-1.637307419702435929e-01,-1.657925651348596818e-01
-2.057264821402314536e-01,-2.112920042683127664e-01
-1.933641287861102842e-01,-2.911513068489518519e-01
-1.873804112790681820e-01,-1.677743597525290509e-01
-1.576231246372313821e-01,-1.882367029788865609e-01
-1.475309012798979857e-01,-2.135148841728912728e-01
-1.333927814164204972e-01,-1.432412166205156989e-01
-2.214852947158951202e-01,-2.032782004507587836e-01
-2.322554604723937599e-01,-2.118336754171049330e-01
-2.423043085471391911e-01,-1.666494443828525351e-01
-2.184329354376049470e-01,-2.141268078731102253e-01
-1.247950638906982906e-01,-1.291123145929758964e-01
-2.656140898393418159e-01,-1.706545901139284449e-01
-2.222676936300841122e-01,-1.517147756135771852e-01
-1.407672090630025796e-01,-1.583618565034990433e-01
-2.084776702834962858e-01,-1.401786572383719454e-01
-2.131265103987624587e-01,-1.610268241231856967e-01
-1.561919880914896253e-01,-1.389572939053977940e-01
-1.109195687498586574e-01,-1.265369347219020557e-01
-1.173496862940837382e-01,-1.240643987479732868e-01
-2.265914296925471416e-01,-2.083273377798623704e-01
-2.436684744129098967e-01,-1.754710620260762077e-01
-2.329811779306570629e-01,-2.001616007592149638e-01
-1.485594758445318853e-01,-1.359705765117397991e-01
-1.781202238922596492e-01,-1.642078999383678739e-01
-2.085209243040699878e-01,-1.985534972141355659e-01
-1.005702082432660821e-01,-1.555462738107198650e-01
-1.544523564234921431e-01,-1.288147213993440232e-01
-1.299218766300447303e-01,-1.522298786926845893e-01
-1.327764009233303455e-01,-1.027791309713776413e-01
-2.764376887662403637e-01,-2.332277652228949560e-01
-2.846012727376049378e-01,-1.940535060553464364e-01
-1.350266090295593191e-01,-1.705126688203940089e-01
-1.414973716118434754e-01,-1.791339489672291729e-01
-1.507319986286341229e-01,-1.450302036132397332e-01
-1.470373725324154723e-01,-1.500293721135537994e-01
-1.061482807143269702e-01,-1.506301102532240643e-01
-1.132494787041762319e-01,-1.334632722693656071e-01
-2.280713156341802605e-01,-1.964157912749149304e-01
-9.377186771539341992e-02,-1.199038412841092194e-01
-1.661620523511056491e-01,-1.341059849639869850e-01
-2.441331884706423871e-01,-1.722104725773955791e-01
-1.289938573595653115e-01,-1.852178322082979611e-01
-2.768529006492876365e-01,-1.944351600387224654e-01
-2.525416051681665941e-01,-1.956345119280982758e-01
-2.460975137839200300e-01,-1.787430639504743179e-01
-2.015220213301323893e-01,-1.855413908683300195e-01
-2.811736383299560105e-01,-2.105155426267457108e-01
-2.878529787568224196e-01,-2.827197353674980596e-01
-1.536970961824620785e-01,-1.786072966712184407e-01
-1.255640476953616969e-01,-1.882747256313092310e-01
-2.229225689694913082e-01,-1.722385725068693862e-01
-2.692595342723819729e-01,-2.071758352601782427e-01
-2.158014530813825993e-01,-1.547134359306214235e-01
-1.248839161517105723e-01,-1.896485433842880208e-01
-2.677087793098082980e-01,-2.157344047959927069e-01
-1.991247086645071551e-01,-2.206457499239626863e-01
-2.599777324944402834e-01,-1.912592873570010676e-01
-3.008450982092061299e-01,-1.628384386594392830e-01
-2.259943174144884714e-01,-1.410765853503684053e-01
-2.262511131996502167e-01,-1.478455871701830349e-01
-1.889890589137292465e-01,-1.466987257987130977e-01
-1.749796683320270496e-01,-1.772548442494778498e-01
-2.031700094415118951e-01,-2.259088541001406103e-01
-1.700838547560657166e-01,-1.849942507213314102e-01
-1.371534158914080315e-01,-2.057329746182296193e-01
-2.077330991742323552e-01,-1.830701166362439791e-01
-2.413682727992479959e-01,-1.820209912600239677e-01
-2.469654558410313838e-01,-2.150346932726192040e-01
-1.786304082136620508e-01,-2.110243886046219153e-01
-2.128250554850731335e-01,-1.576841316089679090e-01
-1.536543912774808451e-01,-1.473582906156388761e-01
-2.051917533637051538e-01,-1.423080265299296598e-01
-3.924749614076497028e-01,-2.907773395312167608e-01
-1.051696186322847448e-01,-1.935872533799197215e-01
-1.429990747707405307e-01,-2.529771040194986331e-01
-1.743313621820616055e-01,-1.321518721778416061e-01
-2.189103878909133549e-01,-1.997458012670362826e-01
-1.625140891341803062e-01,-1.753771434244333904e-01
-2.393126527864559983e-01,-1.465502060255282624e-01
-1.612646906787252588e-01,-1.292526258154776120e-01
-2.890580291168073912e-01,-1.747581088412759887e-01
-8.632279867445932786e-02,-1.077546392005375581e-01
-1.498788628222523234e-01,-1.376088063101839065e-01
-2.324064867622572805e-01,-1.547122866482414094e-01
-2.761673453951120072e-01,-1.987283795058983338e-01
-2.087916859311841344e-01,-1.761256296540575361e-01
-2.736395389871575379e-01,-2.043783030140154389e-01
-2.508318560312286505e-01,-1.906979272929107960e-01
-2.342993218657223597e-01,-1.536161372249955082e-01
-9.622532189328171504e-02,-1.927372885306940509e-01
-2.071501053282466809e-01,-1.722866965818435347e-01
-1.348076881488443901e-01,-2.350043689903511535e-01
-2.720362569178286782e-01,-2.016767026333337598e-01
-1.743020744069544437e-01,-1.804671903508652808e-01
-1.455677459603240409e-01,-1.562929556709960477e-01
-1.651865961498790725e-01,-1.733090730386547262e-01
-2.087314604000157225e-01,-1.667109931199515782e-01
-1.079216638089418312e-01,-1.832082514666834583e-01
-2.256691210545402893e-01,-1.582499891574679629e-01
-1.692691441101780436e-01,-2.065296338010292332e-01
-1.585573690778416256e-01,-1.235823574247547768e-01
-1.756695396456926239e-01,-1.798112657785331248e-01
-2.059522797165020125e-01,-2.241168293933891442e-01
-2.099387875776802803e-01,-1.896379735279809797e-01
-2.193005784049734397e-01,-1.620934926772345519e-01
-2.226044853123317346e-01,-2.938213918321621598e-01
-1.255559179809405124e-01,-1.469116313817191433e-01
-2.831388511816131937e-01,-2.196528790125373831e-01
-2.189470973935816467e-01,-1.977568258316783623e-01
-1.549751244329703737e-01,-1.653599899671278628e-01
-2.299768710588755427e-01,-2.103866908675163794e-01
-2.238749179006912782e-01,-1.790047208832061809e-01
-2.867978236715197360e-01,-2.142655785037955174e-01
-2.786605070298355802e-01,-2.281730282424851708e-01
-1.529381115792100565e-01,-1.453612589906656538e-01
-2.505873047904677575e-01,-1.605207939542379336e-01
-2.804368085836636548e-01,-1.746500464536381581e-01
-1.018303206847636366e-01,-1.648685127278798623e-01
-2.234779401943089161e-01,-1.725237267557676868e-01
-1.376017763055589205e-01,-1.186183553071884778e-01
-1.787575751011485914e-01,-1.359790791620281714e-01
-1.861803506745703662e-01,-1.625191175044054248e-01
-1.594356401505684362e-01,-1.907337852170675474e-01
-1.420661373329654975e-01,-1.347135018461162459e-01
-2.481107944755858163e-01,-1.643475760840463207e-01
-1.875848155093456926e-01,-1.356811500832818818e-01
-1.584415394159339185e-01,-1.347340763135902175e-01
-2.450191980324974983e-01,-2.175005487388833592e-01
-1.452855965191490184e-01,-1.946895006045792909e-01
-8.907301904556004513e-02,-1.268071721332947877e-01
-2.502492433915632364e-01,-1.904307464829049779e-01
-1.895051002850722810e-01,-1.295585686055989449e-01
-2.049903098153894598e-01,-1.489434110779874199e-01
-2.756293397139828460e-01,-1.928717757034649483e-01
-1.860295835264792474e-01,-1.645940751272151337e-01
-1.875386237936597644e-01,-1.498608209158190374e-01
-1.251735859106217486e-01,-1.765736670497292660e-01
-1.217164215643144892e-01,-1.881586786517986665e-01
-1.553372038321292337e-01,-1.501900380699529025e-01
-1.913705263268708212e-01,-1.608206861094203799e-01
-1.564214652846380171e-01,-1.475540137204761071e-01
-2.982685866053014778e-01,-2.045666319713045356e-01
-1.714837082211519148e-01,-1.336089258946344949e-01
-2.062002418197796672e-01,-1.630308796696366969e-01
-2.279757214918252672e-01,-1.533960787130468628e-01
-1.888831914688547386e-01,-1.625437504199905292e-01
-1.950642327986676638e-01,-1.759173967104555314e-01
-2.128274933743580510e-01,-1.791882079392052018e-01
-2.533928338343811593e-01,-1.887362804367528346e-01
-1.892848690190656324e-01,-1.666359192881401163e-01
-2.218247483393384623e-01,-2.395014153772005994e-01
-1.966526689218387747e-01,-1.796212708005532344e-01
-1.701676830420377762e-01,-2.302126884968985210e-01
-2.324619569088330617e-01,-2.092853049239400409e-01
-2.517149754776306647e-01,-1.739906623581554124e-01
-2.208651429032796321e-01,-2.004807370168052993e-01
-2.022633014792472594e-01,-1.884975965174238155e-01
-1.737077895804817751e-01,-2.089634338766884758e-01
-1.576023500270055666e-01,-1.440098253081456281e-01
-1.322153301094337596e-01,-1.876832405088283973e-01
-2.166711640044723663e-01,-1.870258920119440837e-01
-1.459565415788635079e-01,-1.587722524705946769e-01
-1.544773532317061104e-01,-1.772920180657903966e-01
-2.010417381680222049e-01,-1.980488329807860715e-01
-2.146845730253258422e-01,-1.427332093169971783e-01
-1.617219421901869014e-01,-1.946757360758103739e-01
-1.905626351347768921e-01,-1.834197944919458145e-01
-1.935702768152771647e-01,-1.718797711397434813e-01
-1.432664183850380635e-01,-1.485192983010837631e-01
-2.038830967555832485e-01,-1.350011924544651243e-01
-2.018412306847473803e-01,-1.847791326283194646e-01
-1.436845687653003911e-01,-1.529009818440413560e-01
-1.635913980429839210e-01,-1.624930649170760188e-01
-2.221888680515340941e-01,-2.247025665000274286e-01
-1.466552048083003268e-01,-1.383558721374517908e-01
-2.578510912177164882e-01,-1.773749372337152796e-01
-2.388449443251901005e-01,-1.806462013283583468e-01
-2.134583512583660414e-01,-1.443342854468082359e-01
-2.577336726823798441e-01,-1.936866294257862942e-01
-1.415427453857002194e-01,-1.435321276891662057e-01
-1.632612988544385746e-01,-2.152092332409968889e-01
-1.759700146776250751e-01,-1.783904590189923645e-01
-2.586271038821623125e-01,-1.962506040908739424e-01
-3.292563396517104723e-01,-1.745826497868294691e-01
-1.399772802002036409e-01,-1.800476455219548466e-01
-1.661175297531494177e-01,-1.493775141755641356e-01
-1.821836600490207569e-01,-1.852519587541752721e-01
-1.239243961047134385e-01,-2.155261359727725090e-01
-2.202440294235819829e-01,-2.112625027145073331e-01
-2.012442769559525668e-01,-1.787630343095241992e-01
-1.802013304204842514e-01,-1.269855052651846228e-01
-2.026489551090262520e-01,-1.955773249955265192e-01
-2.372043802126188039e-01,-1.874052851330617053e-01
-2.272825199559566078e-01,-1.694744524698989785e-01
-1.872512498526467395e-01,-1.802323307804644947e-01
-2.255707792320775229e-01,-1.706553004832498666e-01
-1.315854773768100894e-01,-1.902416218043050666e-01
-1.512221307126547787e-01,-1.330721520678911918e-01
-2.675423321622391604e-01,-2.285227133672969035e-01
-2.150911410772582133e-01,-2.093469471356738665e-01
-1.740232102593954888e-01,-1.319562684231007921e-01
-1.594020658193656959e-01,-1.609630667823010730e-01
-1.731980842305238522e-01,-1.325207720545199530e-01
-1.363853816257949714e-01,-1.705043186162574775e-01
-2.783630352512850847e-01,-1.999703569194292707e-01
-1.429859657797744321e-01,-1.558205962346895512e-01
-1.893476040134450811e-01,-1.890157935220724006e-01
-2.311089863254942589e-01,-1.740818006804867313e-01
-2.435176228386963793e-01,-1.539322660870017234e-01
-1.609900458281079694e-01,-2.143954969500911079e-01
-1.498300220277867800e-01,-2.053123905622380174e-01
-1.374388437963038889e-01,-1.530531910624056968e-01
-2.106195871483321769e-01,-1.549844978440677590e-01
-2.694854725347641256e-01,-1.963974548835475953e-01
-2.047681690014191147e-01,-2.527622333588576131e-01
-2.214009679924854868e-01,-1.810150291937490108e-01
-2.319057524328965725e-01,-1.675869634915070627e-01
-1.596380043077306188e-01,-1.433539851319921843e-01
-2.675657971648590649e-01,-2.481097308544811808e-01
-1.791996840142469627e-01,-1.698209413752028163e-01
-1.731287929304964057e-01,-1.334244845263037049e-01
-1.338841330441323807e-01,-1.485979950266337057e-01
-1.634692849153241423e-01,-1.856334407934077113e-01
-2.913438952289507111e-01,-2.171854590940364149e-01
-2.556748532539317442e-01,-2.453824736935372175e-01
-1.792683365315573818e-01,-2.316433171167390781e-01
-1.702866889472242073e-01,-1.185531662617454601e-01
-2.583417217302218516e-01,-2.191162501415003794e-01
-1.679334390732491189e-01,-1.950891121655869143e-01
-1.885301535250393790e-01,-1.345110967273878966e-01
-3.071377142533514570e-01,-2.060548285542194435e-01
-2.067842805664578676e-01,-1.390583513595374798e-01
-2.706250465259015803e-01,-2.058699267276378475e-01
-2.071869709962385064e-01,-2.275566438723392593e-01
-2.267399208555850032e-01,-1.876186968682460599e-01
-1.573124612447207860e-01,-1.368565201832763201e-01
-1.994808687588085494e-01,-1.820608261748075662e-01
-1.932927053738422996e-01,-1.621389322331774352e-01
-2.775432204519764356e-01,-1.886861125606306422e-01
-2.355639367611433443e-01,-1.782487021043392128e-01
-2.547250042098079814e-01,-1.929410309918326849e-01
-2.137533572666018566e-01,-1.773425977656522545e-01
-1.677642317224366519e-01,-1.871695590761089933e-01
-2.003525913708076311e-01,-2.090213917432101609e-01
-1.354419095590970179e-01,-1.152604096812632484e-01
-1.459276652719080913e-01,-1.430503760383528000e-01
-1.008597981679991012e-01,-1.102439678148109392e-01
-2.048378155189214123e-01,-2.173929494778625016e-01
-1.477943155509330031e-01,-1.114733127937620333e-01
-2.273875362107028175e-01,-2.050263056553625896e-01
-1.581146421642770361e-01,-1.705658221358395954e-01
-2.236795278711385393e-01,-2.181519464575447376e-01
-2.982338940076200151e-01,-1.680716467131375680e-01
-2.258425830563969561e-01,-1.786671300702025178e-01
-1.102313442862817572e-01,-1.352673484830649586e-01
-2.518520154070045813e-01,-1.776904263508249371e-01
-1.794325350840846323e-01,-8.591242893901850086e-02
-1.980316766324033972e-01,-2.286313291224570665e-01
-1.710787388064370917e-01,-2.259878127154654748e-01
-1.537203986688079060e-01,-1.509479724252229538e-01
-1.250762050722499241e-01,-1.361817634514055353e-01
-2.513147936965992035e-01,-2.419517847777248598e-01
-1.792892160918060918e-01,-2.035351311496357840e-01
-2.200410484851392789e-01,-1.912769457730533196e-01
-1.511795770724843058e-01,-1.636908540533900114e-01
-2.319577259331416785e-01,-1.785142822833711007e-01
-8.998950011199012555e-02,-1.301104539352114231e-01
-2.142308566236506284e-01,-1.924234443672434569e-01
-2.255445547152044317e-01,-1.920088072692066050e-01
-2.147319779357108605e-01,-1.607280185961736940e-01
-2.161911164156419540e-01,-1.874283231635709979e-01
-1.852906009484597272e-01,-1.754385077246617408e-01
-1.891557510556209076e-01,-2.435870281673010451e-01
-2.031691606509569703e-01,-1.672390256858400093e-01
-2.265491041490412527e-01,-1.076527203509666797e-01
-2.809998013935816608e-01,-2.291301998173764787e-01
-2.002694030573457795e-01,-1.745094195388705305e-01
-1.526232227433628463e-01,-1.660779773339225718e-01
-2.571188925672356906e-01,-1.684714825254261250e-01
-1.836849793734880998e-01,-1.550872546967594634e-01
-1.306446321770492469e-01,-1.345795477349656932e-01
-2.104425154876469750e-01,-2.186289912146478498e-01
-2.110002162037724616e-01,-1.658747380153552387e-01
-1.712857710806600653e-01,-1.854077014621388630e-01
-2.238976175738390251e-01,-1.216976640471653243e-01
-2.001887817848242435e-01,-1.665518633525693848e-01
-1.856639736930060791e-01,-1.575612949950772612e-01
-2.038920228447622662e-01,-1.631704138297648266e-01
-2.557202376875629679e-01,-2.361865385515828086e-01
-1.587759472955325435e-01,-1.514502720534886271e-01
-1.437564147016020255e-01,-1.822427920499859189e-01
-2.043884228757596455e-01,-2.082434732547242540e-01
-2.118040061029639598e-01,-1.860058532838591017e-01
-2.213482681176484612e-01,-1.670232998765568966e-01
-1.862661840837385174e-01,-1.519033928830730573e-01
-2.215683640512529917e-01,-1.946270538837404085e-01
-1.594349269486309839e-01,-1.561751036526600189e-01
-2.225772893732907154e-01,-2.393901582254038818e-01
-2.072174497763641099e-01,-1.447967995951219833e-01
-2.277697444486946610e-01,-2.018927480620490433e-01
-1.890676116430649034e-01,-1.632732951987573011e-01
-1.725788991089505231e-01,-1.686962730448668957e-01
-1.698515019676778981e-01,-1.487064397202860766e-01
-1.570560043567945097e-01,-2.015495150945373903e-01
-1.964217875759621257e-01,-1.506843208391478728e-01
-1.401549468464091119e-01,-1.039905001429045628e-01
-2.465405148681573122e-01,-2.075344085068162037e-01
-9.866419495650061156e-02,-2.179217742956658654e-01
-1.915677351772733239e-01,-1.803565310848387893e-01
-2.748886811993566659e-01,-2.276691779096909340e-01
-2.248895306106803438e-01,-1.625520548894287542e-01
-1.548953305017186921e-01,-1.309739747416316380e-01
-1.084769914417581388e-01,-1.804085999393639783e-01
-2.251807389851155639e-01,-1.867550096406183913e-01
-2.139830986023232573e-01,-1.887685234117870980e-01
-2.000832255382425096e-01,-1.680031809011150457e-01
-1.004175653438970778e-01,-1.344786202213201776e-01
