t_ps,A_um_inv,Delta_fold_meV,lorentzian,folded_out
0.000000000000000000e+00,1.402423214055054546e+00,2.324439550649999853e-01,2.000000000000000111e-01,0.000000000000000000e+00
5.000000000000000278e-02,1.400736166858736365e+00,2.332077833435999836e-01,2.109066887742177543e-01,0.000000000000000000e+00
1.000000000000000056e-01,1.399096756118909823e+00,2.339470362419999727e-01,2.222512663444151104e-01,0.000000000000000000e+00
1.500000000000000222e-01,1.397506739520196994e+00,2.346612258971999820e-01,2.340122392557445474e-01,0.000000000000000000e+00
2.000000000000000111e-01,1.395967786325077009e+00,2.353499010599999774e-01,2.461610822919455266e-01,0.000000000000000000e+00
2.500000000000000000e-01,1.394481448249043964e+00,2.360126535773999779e-01,2.586619561469194473e-01,0.000000000000000000e+00
3.000000000000000444e-01,1.393049129105837780e+00,2.366491405451999763e-01,2.714719442325020382e-01,0.000000000000000000e+00
3.500000000000000333e-01,1.391672055386170337e+00,2.372590868357999927e-01,2.845412104303630674e-01,0.000000000000000000e+00
4.000000000000000222e-01,1.390351247425052117e+00,2.378423000340000038e-01,2.978136827250681407e-01,0.000000000000000000e+00
4.500000000000000111e-01,1.389087493355446679e+00,2.383986774899999883e-01,3.112278915454350647e-01,0.000000000000000000e+00
5.000000000000000000e-01,1.387881326491803069e+00,2.389282207727999874e-01,3.247182909261885353e-01,0.000000000000000000e+00
5.500000000000000444e-01,1.386733008173087311e+00,2.394310356017999852e-01,3.382165132333857516e-01,0.000000000000000000e+00
6.000000000000000888e-01,1.385642515789174078e+00,2.399073408659999906e-01,3.516530663993758798e-01,0.000000000000000000e+00
6.500000000000000222e-01,1.384609537863901396e+00,2.403574651367999804e-01,3.649588572491827554e-01,0.000000000000000000e+00
7.000000000000000666e-01,1.383633475476499841e+00,2.407818488358000053e-01,3.780669359069605551e-01,0.000000000000000000e+00
7.500000000000000000e-01,1.382713450973271918e+00,2.411810401283999705e-01,3.909140576283121615e-01,0.000000000000000000e+00
8.000000000000000444e-01,1.381848323222413022e+00,2.415556838651999882e-01,4.034419187752190106e-01,0.000000000000000000e+00
8.500000000000000888e-01,1.381036708059216522e+00,2.419065167645999825e-01,4.155984189234509518e-01,0.000000000000000000e+00
9.000000000000000222e-01,1.380277004056595480e+00,2.422343563032000047e-01,4.273385056760297673e-01,0.000000000000000000e+00
9.500000000000000666e-01,1.379567421879676736e+00,2.425400846657999876e-01,4.386245755161285453e-01,0.000000000000000000e+00
1.000000000000000000e+00,1.378906015364442350e+00,2.428246385375999739e-01,4.494268021398539203e-01,0.000000000000000000e+00
1.050000000000000044e+00,1.378290714028777453e+00,2.430889992462000049e-01,4.597232269295802864e-01,0.000000000000000000e+00
1.100000000000000089e+00,1.377719356020685293e+00,2.433341704428000074e-01,4.694991137449487373e-01,0.000000000000000000e+00
1.150000000000000133e+00,1.377189718389961959e+00,2.435611761293999811e-01,4.787468701966554052e-01,0.000000000000000000e+00
1.200000000000000178e+00,1.376699547088870546e+00,2.437710414719999885e-01,4.874651167528759599e-01,0.000000000000000000e+00
1.250000000000000000e+00,1.376246583084391961e+00,2.439647851271999901e-01,4.956580652715326107e-01,0.000000000000000000e+00
1.300000000000000044e+00,1.375828585890611411e+00,2.441434088129999791e-01,5.033346859936883577e-01,0.000000000000000000e+00
1.350000000000000089e+00,1.375443353616530251e+00,2.443078930302000074e-01,5.105080701799008525e-01,0.000000000000000000e+00
1.400000000000000133e+00,1.375088740353655137e+00,2.444591875607999842e-01,5.171945343089859870e-01,0.000000000000000000e+00
1.450000000000000178e+00,1.374762669796388614e+00,2.445982063769999992e-01,5.234128980369721074e-01,0.000000000000000000e+00
1.500000000000000000e+00,1.374463145825561838e+00,2.447258256366000029e-01,5.291839091587199340e-01,0.000000000000000000e+00
1.550000000000000044e+00,1.374188260673230300e+00,2.448428741405999920e-01,5.345293483922906042e-01,0.000000000000000000e+00
1.600000000000000089e+00,1.373936199297880689e+00,2.449501490795999992e-01,5.394723178402333064e-01,0.000000000000000000e+00
1.650000000000000133e+00,1.373705245006074049e+00,2.450483888501999996e-01,5.440356038929095028e-01,0.000000000000000000e+00
1.700000000000000178e+00,1.373493778111668284e+00,2.451382995191999925e-01,5.482425406194789685e-01,0.000000000000000000e+00
1.750000000000000000e+00,1.373300278282677311e+00,2.452205370630000103e-01,5.521158765589722073e-01,0.000000000000000000e+00
1.800000000000000044e+00,1.373123322063785290e+00,2.452957148549999855e-01,5.556778445999911442e-01,0.000000000000000000e+00
1.850000000000000089e+00,1.372961580699220585e+00,2.453644048109999976e-01,5.589499767341223890e-01,0.000000000000000000e+00
1.900000000000000133e+00,1.372813817166855355e+00,2.454271388105999929e-01,5.619529644729701623e-01,0.000000000000000000e+00
1.950000000000000178e+00,1.372678882616742646e+00,2.454844103519999987e-01,5.647065598498051120e-01,0.000000000000000000e+00
2.000000000000000000e+00,1.372555712386137605e+00,2.455366736837999719e-01,5.672293806020228812e-01,0.000000000000000000e+00
2.050000000000000266e+00,1.372443321181194165e+00,2.455843513451999860e-01,5.695391438322962019e-01,0.000000000000000000e+00
2.100000000000000089e+00,1.372340799253752186e+00,2.456278350317999959e-01,5.716526006213481503e-01,0.000000000000000000e+00
2.149999999999999911e+00,1.372247308296947965e+00,2.456674773497999897e-01,5.735850417137132728e-01,0.000000000000000000e+00
2.200000000000000178e+00,1.372162075227653322e+00,2.457036144726000015e-01,5.753513225877783244e-01,0.000000000000000000e+00
2.250000000000000000e+00,1.372084390343548899e+00,2.457365429357999953e-01,5.769646672052353154e-01,0.000000000000000000e+00
2.300000000000000266e+00,1.372013600369585307e+00,2.457665467547999749e-01,5.784379387407911910e-01,0.000000000000000000e+00
2.350000000000000089e+00,1.371949106929253315e+00,2.457938764787999941e-01,5.797825685421543751e-01,0.000000000000000000e+00
2.400000000000000355e+00,1.371890360439413703e+00,2.458187678723999792e-01,5.810094345177030384e-01,0.000000000000000000e+00
2.450000000000000178e+00,1.371836857755315719e+00,2.458414362317999924e-01,5.821285513064741179e-01,0.000000000000000000e+00
2.500000000000000000e+00,1.371788138490705800e+00,2.458620746429999726e-01,5.831489571465245936e-01,0.000000000000000000e+00
2.550000000000000266e+00,1.371743780853061256e+00,2.458808629817999802e-01,5.840791363249058232e-01,0.000000000000000000e+00
2.600000000000000089e+00,1.371703399282555136e+00,2.458979665205999754e-01,5.849269329369335413e-01,0.000000000000000000e+00
2.650000000000000355e+00,1.371666641721603686e+00,2.459135345561999642e-01,5.856994677084407241e-01,0.000000000000000000e+00
2.700000000000000178e+00,1.371633186528042669e+00,2.459277030071999881e-01,5.864032539516470521e-01,0.000000000000000000e+00
2.750000000000000000e+00,1.371602739882982425e+00,2.459405948363999894e-01,5.870442080456143019e-01,0.000000000000000000e+00
2.800000000000000266e+00,1.371575033242753650e+00,2.459523261648000059e-01,5.876279449347929784e-01,0.000000000000000000e+00
2.850000000000000089e+00,1.371549822053225176e+00,2.459630006249999834e-01,5.881594904488461895e-01,0.000000000000000000e+00
2.900000000000000355e+00,1.371526883234137628e+00,2.459727127409999659e-01,5.886434433377817355e-01,0.000000000000000000e+00
2.950000000000000178e+00,1.371506013355528353e+00,2.459815487033999992e-01,5.890840090192517309e-01,0.000000000000000000e+00
3.000000000000000000e+00,1.371487026958048361e+00,2.459895870816000141e-01,5.894850310474900601e-01,0.000000000000000000e+00
3.050000000000000266e+00,1.371469755007493463e+00,2.459968994808000020e-01,5.898500205437866573e-01,0.000000000000000000e+00
3.100000000000000089e+00,1.371454043474885864e+00,2.460035505221999930e-01,5.901821524173130884e-01,0.000000000000000000e+00
3.150000000000000355e+00,1.371439751900183079e+00,2.460095997660000089e-01,5.904843590816930554e-01,0.000000000000000000e+00
3.200000000000000178e+00,1.371426752356422973e+00,2.460151020575999659e-01,5.907593459281279547e-01,0.000000000000000000e+00
3.250000000000000000e+00,1.371414928479877782e+00,2.460201066683999904e-01,5.910095468274496611e-01,0.000000000000000000e+00
3.300000000000000266e+00,1.371404174309857282e+00,2.460246584639999845e-01,5.912371811855782200e-01,0.000000000000000000e+00
3.350000000000000089e+00,1.371394393372312281e+00,2.460287982912000015e-01,5.914442722244739326e-01,0.000000000000000000e+00
3.400000000000000355e+00,1.371385497841501433e+00,2.460325633325999850e-01,5.916326638331077525e-01,0.000000000000000000e+00
3.450000000000000178e+00,1.371377407773626489e+00,2.460359874341999653e-01,5.918040362255295728e-01,0.000000000000000000e+00
3.500000000000000000e+00,1.371370050407345387e+00,2.460391013993999676e-01,5.919599200481655554e-01,0.000000000000000000e+00
3.550000000000000266e+00,1.371363359524548686e+00,2.460419332601999909e-01,5.921017094538203462e-01,0.000000000000000000e+00
3.600000000000000089e+00,1.371357274866986442e+00,2.460445085261999676e-01,5.922306741537253227e-01,0.000000000000000000e+00
3.650000000000000355e+00,1.371351741604388108e+00,2.460468504072000073e-01,5.923479702216020160e-01,0.000000000000000000e+00
3.700000000000000178e+00,1.371346709848742407e+00,2.460489800213999934e-01,5.924546502376275559e-01,0.000000000000000000e+00
3.750000000000000000e+00,1.371342134211923414e+00,2.460509165820000121e-01,5.925516724011594683e-01,0.000000000000000000e+00
3.800000000000000266e+00,1.371337973402256383e+00,2.460526775664000076e-01,5.926399088135242410e-01,0.000000000000000000e+00
3.850000000000000089e+00,1.371334189856480368e+00,2.460542788751999832e-01,5.927201532843862086e-01,0.000000000000000000e+00
3.900000000000000355e+00,1.371330749405070826e+00,2.460557349713999864e-01,5.927931281746086078e-01,0.000000000000000000e+00
3.950000000000000178e+00,1.371327620966809269e+00,2.460570590105999877e-01,5.928594908116959772e-01,0.000000000000000000e+00
4.000000000000000000e+00,1.371324776270771206e+00,2.460582629591999970e-01,5.929198393234071940e-01,0.000000000000000000e+00
4.049999999999999822e+00,1.371322189603248587e+00,2.460593577011999933e-01,5.929747179161509729e-01,0.000000000000000000e+00
4.100000000000000533e+00,1.371319837577233747e+00,2.460603531341999939e-01,5.930246216253529656e-01,0.000000000000000000e+00
4.150000000000000355e+00,1.371317698922207340e+00,2.460612582617999755e-01,5.930700008964303604e-01,0.000000000000000000e+00
4.200000000000000178e+00,1.371315754293509714e+00,2.460620812716000083e-01,5.931112654530077410e-01,0.000000000000000000e+00
4.250000000000000000e+00,1.371313986098245730e+00,2.460628296095999923e-01,5.931487879921552020e-01,0.000000000000000000e+00
4.299999999999999822e+00,1.371312378336986937e+00,2.460635100467999936e-01,5.931829074948242742e-01,0.000000000000000000e+00
4.350000000000000533e+00,1.371310916459625329e+00,2.460641287427999813e-01,5.932139323910032846e-01,0.000000000000000000e+00
4.400000000000000355e+00,1.371309587234756933e+00,2.460646912968000033e-01,5.932421430973622289e-01,0.000000000000000000e+00
4.450000000000000178e+00,1.371308378629914948e+00,2.460652028009999992e-01,5.932677946787268120e-01,0.000000000000000000e+00
4.500000000000000000e+00,1.371307279703180226e+00,2.460656678873999748e-01,5.932911191815469776e-01,0.000000000000000000e+00
4.549999999999999822e+00,1.371306280504767328e+00,2.460660907662000074e-01,5.933123275485009396e-01,0.000000000000000000e+00
4.600000000000000533e+00,1.371305371986796695e+00,2.460664752671999911e-01,5.933316116855319455e-01,0.000000000000000000e+00
4.650000000000000355e+00,1.371304545921903317e+00,2.460668248721999962e-01,5.933491460792021943e-01,0.000000000000000000e+00
4.700000000000000178e+00,1.371303794828760081e+00,2.460671427473999917e-01,5.933650894153724709e-01,0.000000000000000000e+00
4.750000000000000000e+00,1.371303111904520922e+00,2.460674317721999738e-01,5.933795860184627458e-01,0.000000000000000000e+00
4.800000000000000711e+00,1.371302490963418830e+00,2.460676945649999947e-01,5.933927671411977078e-01,0.000000000000000000e+00
4.850000000000000533e+00,1.371301926380876335e+00,2.460679335053999883e-01,5.934047520745181492e-01,0.000000000000000000e+00
4.900000000000000355e+00,1.371301413042362416e+00,2.460681507588000083e-01,5.934156493785429642e-01,0.000000000000000000e+00
4.950000000000000178e+00,1.371300946297511647e+00,2.460683482925999921e-01,5.934255576927010001e-01,0.000000000000000000e+00
5.000000000000000000e+00,1.371300521917707682e+00,2.460685278965999978e-01,5.934345667569895788e-01,0.000000000000000000e+00
5.050000000000000711e+00,1.371300136058032360e+00,2.460686911985999759e-01,5.934427581928027884e-01,0.000000000000000000e+00
5.100000000000000533e+00,1.371299785222553913e+00,2.460688396776000153e-01,5.934502061636872661e-01,0.000000000000000000e+00
5.150000000000000355e+00,1.371299466232440034e+00,2.460689746787999843e-01,5.934569781266192390e-01,0.000000000000000000e+00
5.200000000000000178e+00,1.371299176197282588e+00,2.460690974262000064e-01,5.934631354631186850e-01,0.000000000000000000e+00
5.250000000000000000e+00,1.371298912489121724e+00,2.460692090315999836e-01,5.934687339299242748e-01,0.000000000000000000e+00
5.300000000000000711e+00,1.371298672718395562e+00,2.460693105060000052e-01,5.934738242302135536e-01,0.000000000000000000e+00
5.350000000000000533e+00,1.371298454712333914e+00,2.460694027691999741e-01,5.934784524946288276e-01,0.000000000000000000e+00
5.400000000000000355e+00,1.371298256495406376e+00,2.460694866575999784e-01,5.934826606721324005e-01,0.000000000000000000e+00
5.450000000000000178e+00,1.371298076271444177e+00,2.460695629313999766e-01,5.934864868908010793e-01,0.000000000000000000e+00
5.500000000000000000e+00,1.371297912407302144e+00,2.460696322805999980e-01,5.934899657585286370e-01,0.000000000000000000e+00
5.550000000000000711e+00,1.371297763417808291e+00,2.460696953351999838e-01,5.934931288744420552e-01,0.000000000000000000e+00
5.600000000000000533e+00,1.371297627952899223e+00,2.460697526657999734e-01,5.934960048588037163e-01,0.000000000000000000e+00
5.650000000000000355e+00,1.371297504784882992e+00,2.460698047925999887e-01,5.934986198043272765e-01,0.000000000000000000e+00
5.700000000000000178e+00,1.371297392797632630e+00,2.460698521872000111e-01,5.935009973663190053e-01,0.000000000000000000e+00
5.750000000000000000e+00,1.371297290976164041e+00,2.460698952797999994e-01,5.935031591237659443e-01,0.000000000000000000e+00
5.800000000000000711e+00,1.371297198397758876e+00,2.460699344597999938e-01,5.935051246093382415e-01,0.000000000000000000e+00
5.850000000000000533e+00,1.371297114223214431e+00,2.460699700835999870e-01,5.935069117005925543e-01,0.000000000000000000e+00
5.900000000000000355e+00,1.371297037689767517e+00,2.460700024740000158e-01,5.935085365898162824e-01,0.000000000000000000e+00
5.950000000000000178e+00,1.371296968103888458e+00,2.460700024740000158e-01,5.935085365898162824e-01,0.000000000000000000e+00
6.000000000000000000e+00,1.371296898518012952e+00,2.460700613735999909e-01,5.935114913421337679e-01,0.000000000000000000e+00
6.050000000000000711e+00,1.371296841565821989e+00,2.460700854761999901e-01,5.935127004743804280e-01,0.000000000000000000e+00
6.100000000000000533e+00,1.371296789783539971e+00,2.460700854761999901e-01,5.935127004743804280e-01,0.000000000000000000e+00
6.150000000000000355e+00,1.371296738001259952e+00,2.460701293061999806e-01,5.935148992572270021e-01,0.000000000000000000e+00
6.200000000000000178e+00,1.371296695620354722e+00,2.460701293061999806e-01,5.935148992572270021e-01,0.000000000000000000e+00
6.250000000000000000e+00,1.371296653239450825e+00,2.460701293061999806e-01,5.935148992572270021e-01,0.000000000000000000e+00
6.300000000000000711e+00,1.371296610858548259e+00,2.460701831148000007e-01,5.935175986367093870e-01,0.000000000000000000e+00
6.350000000000000533e+00,1.371296580019430777e+00,2.460701831148000007e-01,5.935175986367093870e-01,0.000000000000000000e+00
6.400000000000000355e+00,1.371296549180314184e+00,2.460702092177999845e-01,5.935189081315813686e-01,0.000000000000000000e+00
6.450000000000000178e+00,1.371296523940229051e+00,2.460702092177999845e-01,5.935189081315813686e-01,0.000000000000000000e+00
6.500000000000000000e+00,1.371296498700144362e+00,2.460702092177999845e-01,5.935189081315813686e-01,0.000000000000000000e+00
6.550000000000000711e+00,1.371296473460060117e+00,2.460702092177999845e-01,5.935189081315813686e-01,0.000000000000000000e+00
6.600000000000000533e+00,1.371296448219976538e+00,2.460702519455999771e-01,5.935210516384717971e-01,0.000000000000000000e+00
6.650000000000000355e+00,1.371296432144925470e+00,2.460702519455999771e-01,5.935210516384717971e-01,0.000000000000000000e+00
6.700000000000000178e+00,1.371296416069874624e+00,2.460702519455999771e-01,5.935210516384717971e-01,0.000000000000000000e+00
6.750000000000000000e+00,1.371296399994824000e+00,2.460702519455999771e-01,5.935210516384717971e-01,0.000000000000000000e+00
6.800000000000000711e+00,1.371296383919773376e+00,2.460702519455999771e-01,5.935210516384717971e-01,0.000000000000000000e+00
6.850000000000000533e+00,1.371296367844722974e+00,2.460702519455999771e-01,5.935210516384717971e-01,0.000000000000000000e+00
6.900000000000000355e+00,1.371296351769672794e+00,2.460702519455999771e-01,5.935210516384717971e-01,0.000000000000000000e+00
6.950000000000000178e+00,1.371296335694622837e+00,2.460702995681999794e-01,5.935234407076802610e-01,0.000000000000000000e+00
7.000000000000000000e+00,1.371296329834561956e+00,2.460702995681999794e-01,5.935234407076802610e-01,0.000000000000000000e+00
7.050000000000000711e+00,1.371296323974501075e+00,2.460702995681999794e-01,5.935234407076802610e-01,0.000000000000000000e+00
7.100000000000000533e+00,1.371296318114440194e+00,2.460702995681999794e-01,5.935234407076802610e-01,0.000000000000000000e+00
7.150000000000000355e+00,1.371296312254379313e+00,2.460702995681999794e-01,5.935234407076802610e-01,0.000000000000000000e+00
7.200000000000000178e+00,1.371296306394318432e+00,2.460702995681999794e-01,5.935234407076802610e-01,0.000000000000000000e+00
7.250000000000000000e+00,1.371296300534257551e+00,2.460702995681999794e-01,5.935234407076802610e-01,0.000000000000000000e+00
7.300000000000000711e+00,1.371296294674196892e+00,2.460702995681999794e-01,5.935234407076802610e-01,0.000000000000000000e+00
7.350000000000000533e+00,1.371296288814136233e+00,2.460702995681999794e-01,5.935234407076802610e-01,0.000000000000000000e+00
7.400000000000000355e+00,1.371296282954075574e+00,2.460702995681999794e-01,5.935234407076802610e-01,0.000000000000000000e+00
7.450000000000000178e+00,1.371296277094014915e+00,2.460702995681999794e-01,5.935234407076802610e-01,0.000000000000000000e+00
7.500000000000000000e+00,1.371296271233954256e+00,2.460702995681999794e-01,5.935234407076802610e-01,0.000000000000000000e+00
7.550000000000000711e+00,1.371296265373893597e+00,2.460702995681999794e-01,5.935234407076802610e-01,0.000000000000000000e+00
7.600000000000000533e+00,1.371296259513832938e+00,2.460702995681999794e-01,5.935234407076802610e-01,0.000000000000000000e+00
7.650000000000000355e+00,1.371296253653772279e+00,2.460702995681999794e-01,5.935234407076802610e-01,0.000000000000000000e+00
7.700000000000000178e+00,1.371296247793711620e+00,2.460703367687999688e-01,5.935253069445771690e-01,0.000000000000000000e+00
7.750000000000000000e+00,1.371296249913157128e+00,2.460703367687999688e-01,5.935253069445771690e-01,0.000000000000000000e+00
7.800000000000000711e+00,1.371296252032602636e+00,2.460702995681999794e-01,5.935234407076802610e-01,0.000000000000000000e+00
7.850000000000000533e+00,1.371296246172542199e+00,2.460703367687999688e-01,5.935253069445771690e-01,0.000000000000000000e+00
7.900000000000000355e+00,1.371296248291987707e+00,2.460703367687999688e-01,5.935253069445771690e-01,0.000000000000000000e+00
7.950000000000000178e+00,1.371296250411433215e+00,2.460702995681999794e-01,5.935234407076802610e-01,0.000000000000000000e+00
8.000000000000000000e+00,1.371296244551372778e+00,2.460703367687999688e-01,5.935253069445771690e-01,0.000000000000000000e+00
8.050000000000000711e+00,1.371296246670818286e+00,2.460703367687999688e-01,5.935253069445771690e-01,0.000000000000000000e+00
8.099999999999999645e+00,1.371296248790263794e+00,2.460703367687999688e-01,5.935253069445771690e-01,0.000000000000000000e+00
8.150000000000000355e+00,1.371296250909709302e+00,2.460702995681999794e-01,5.935234407076802610e-01,0.000000000000000000e+00
8.200000000000001066e+00,1.371296245049648865e+00,2.460703367687999688e-01,5.935253069445771690e-01,0.000000000000000000e+00
8.250000000000000000e+00,1.371296247169094373e+00,2.460703367687999688e-01,5.935253069445771690e-01,0.000000000000000000e+00
8.300000000000000711e+00,1.371296249288539881e+00,2.460703367687999688e-01,5.935253069445771690e-01,0.000000000000000000e+00
8.349999999999999645e+00,1.371296251407985389e+00,2.460702995681999794e-01,5.935234407076802610e-01,0.000000000000000000e+00
8.400000000000000355e+00,1.371296245547924952e+00,2.460703367687999688e-01,5.935253069445771690e-01,0.000000000000000000e+00
8.450000000000001066e+00,1.371296247667370460e+00,2.460703367687999688e-01,5.935253069445771690e-01,0.000000000000000000e+00
8.500000000000000000e+00,1.371296249786815968e+00,2.460703367687999688e-01,5.935253069445771690e-01,0.000000000000000000e+00
8.550000000000000711e+00,1.371296251906261476e+00,2.460702995681999794e-01,5.935234407076802610e-01,0.000000000000000000e+00
8.599999999999999645e+00,1.371296246046201039e+00,2.460703367687999688e-01,5.935253069445771690e-01,0.000000000000000000e+00
8.650000000000000355e+00,1.371296248165646547e+00,2.460703367687999688e-01,5.935253069445771690e-01,0.000000000000000000e+00
8.700000000000001066e+00,1.371296250285092055e+00,2.460702995681999794e-01,5.935234407076802610e-01,0.000000000000000000e+00
8.750000000000000000e+00,1.371296244425031619e+00,2.460703367687999688e-01,5.935253069445771690e-01,0.000000000000000000e+00
8.800000000000000711e+00,1.371296246544476904e+00,2.460703367687999688e-01,5.935253069445771690e-01,0.000000000000000000e+00
8.849999999999999645e+00,1.371296248663922412e+00,2.460703367687999688e-01,5.935253069445771690e-01,0.000000000000000000e+00
8.900000000000000355e+00,1.371296250783367920e+00,2.460702995681999794e-01,5.935234407076802610e-01,0.000000000000000000e+00
8.950000000000001066e+00,1.371296244923307484e+00,2.460703367687999688e-01,5.935253069445771690e-01,0.000000000000000000e+00
9.000000000000000000e+00,1.371296247042752992e+00,2.460703367687999688e-01,5.935253069445771690e-01,0.000000000000000000e+00
9.050000000000000711e+00,1.371296249162198500e+00,2.460703367687999688e-01,5.935253069445771690e-01,0.000000000000000000e+00
9.099999999999999645e+00,1.371296251281644007e+00,2.460702995681999794e-01,5.935234407076802610e-01,0.000000000000000000e+00
9.150000000000000355e+00,1.371296245421583571e+00,2.460703367687999688e-01,5.935253069445771690e-01,0.000000000000000000e+00
9.200000000000001066e+00,1.371296247541029079e+00,2.460703367687999688e-01,5.935253069445771690e-01,0.000000000000000000e+00
9.250000000000000000e+00,1.371296249660474587e+00,2.460703367687999688e-01,5.935253069445771690e-01,0.000000000000000000e+00
9.300000000000000711e+00,1.371296251779920095e+00,2.460702995681999794e-01,5.935234407076802610e-01,0.000000000000000000e+00
9.349999999999999645e+00,1.371296245919859658e+00,2.460703367687999688e-01,5.935253069445771690e-01,0.000000000000000000e+00
9.400000000000000355e+00,1.371296248039305166e+00,2.460703367687999688e-01,5.935253069445771690e-01,0.000000000000000000e+00
9.450000000000001066e+00,1.371296250158750674e+00,2.460702995681999794e-01,5.935234407076802610e-01,0.000000000000000000e+00
9.500000000000000000e+00,1.371296244298690237e+00,2.460703367687999688e-01,5.935253069445771690e-01,0.000000000000000000e+00
9.550000000000000711e+00,1.371296246418135523e+00,2.460703367687999688e-01,5.935253069445771690e-01,0.000000000000000000e+00
9.600000000000001421e+00,1.371296248537581031e+00,2.460703367687999688e-01,5.935253069445771690e-01,0.000000000000000000e+00
9.650000000000000355e+00,1.371296250657026539e+00,2.460702995681999794e-01,5.935234407076802610e-01,0.000000000000000000e+00
9.700000000000001066e+00,1.371296244796966102e+00,2.460703367687999688e-01,5.935253069445771690e-01,0.000000000000000000e+00
9.750000000000000000e+00,1.371296246916411610e+00,2.460703367687999688e-01,5.935253069445771690e-01,0.000000000000000000e+00
9.800000000000000711e+00,1.371296249035857118e+00,2.460703367687999688e-01,5.935253069445771690e-01,0.000000000000000000e+00
9.850000000000001421e+00,1.371296251155302626e+00,2.460702995681999794e-01,5.935234407076802610e-01,0.000000000000000000e+00
9.900000000000000355e+00,1.371296245295242189e+00,2.460703367687999688e-01,5.935253069445771690e-01,0.000000000000000000e+00
9.950000000000001066e+00,1.371296247414687697e+00,2.460703367687999688e-01,5.935253069445771690e-01,0.000000000000000000e+00
1.000000000000000000e+01,1.371296249534133205e+00,2.460703367687999688e-01,5.935253069445771690e-01,0.000000000000000000e+00
1.005000000000000071e+01,1.371296251653578713e+00,2.460702995681999794e-01,5.935234407076802610e-01,0.000000000000000000e+00
1.010000000000000142e+01,1.371296245793518276e+00,2.460703367687999688e-01,5.935253069445771690e-01,0.000000000000000000e+00
1.015000000000000036e+01,1.371296247912963784e+00,2.460703367687999688e-01,5.935253069445771690e-01,0.000000000000000000e+00
1.020000000000000107e+01,1.371296250032409292e+00,2.460702995681999794e-01,5.935234407076802610e-01,0.000000000000000000e+00
1.025000000000000000e+01,1.371296244172348855e+00,2.460703367687999688e-01,5.935253069445771690e-01,0.000000000000000000e+00
1.030000000000000071e+01,1.371296246291794141e+00,2.460703367687999688e-01,5.935253069445771690e-01,0.000000000000000000e+00
1.035000000000000142e+01,1.371296248411239649e+00,2.460703367687999688e-01,5.935253069445771690e-01,0.000000000000000000e+00
1.040000000000000036e+01,1.371296250530685157e+00,2.460702995681999794e-01,5.935234407076802610e-01,0.000000000000000000e+00
1.045000000000000107e+01,1.371296244670624720e+00,2.460703367687999688e-01,5.935253069445771690e-01,0.000000000000000000e+00
1.050000000000000000e+01,1.371296246790070228e+00,2.460703367687999688e-01,5.935253069445771690e-01,0.000000000000000000e+00
1.055000000000000071e+01,1.371296248909515736e+00,2.460703367687999688e-01,5.935253069445771690e-01,0.000000000000000000e+00
1.060000000000000142e+01,1.371296251028961244e+00,2.460702995681999794e-01,5.935234407076802610e-01,0.000000000000000000e+00
1.065000000000000036e+01,1.371296245168900807e+00,2.460703367687999688e-01,5.935253069445771690e-01,0.000000000000000000e+00
1.070000000000000107e+01,1.371296247288346315e+00,2.460703367687999688e-01,5.935253069445771690e-01,0.000000000000000000e+00
1.075000000000000000e+01,1.371296249407791823e+00,2.460703367687999688e-01,5.935253069445771690e-01,0.000000000000000000e+00
1.080000000000000071e+01,1.371296251527237331e+00,2.460702995681999794e-01,5.935234407076802610e-01,0.000000000000000000e+00
1.085000000000000142e+01,1.371296245667176894e+00,2.460703367687999688e-01,5.935253069445771690e-01,0.000000000000000000e+00
1.090000000000000036e+01,1.371296247786622402e+00,2.460703367687999688e-01,5.935253069445771690e-01,0.000000000000000000e+00
1.095000000000000107e+01,1.371296249906067910e+00,2.460703367687999688e-01,5.935253069445771690e-01,0.000000000000000000e+00
1.100000000000000000e+01,1.371296252025513418e+00,2.460702995681999794e-01,5.935234407076802610e-01,0.000000000000000000e+00
1.105000000000000071e+01,1.371296246165452981e+00,2.460703367687999688e-01,5.935253069445771690e-01,0.000000000000000000e+00
1.110000000000000142e+01,1.371296248284898489e+00,2.460703367687999688e-01,5.935253069445771690e-01,0.000000000000000000e+00
1.115000000000000036e+01,1.371296250404343997e+00,2.460702995681999794e-01,5.935234407076802610e-01,0.000000000000000000e+00
1.120000000000000107e+01,1.371296244544283560e+00,2.460703367687999688e-01,5.935253069445771690e-01,0.000000000000000000e+00
1.125000000000000000e+01,1.371296246663729068e+00,2.460703367687999688e-01,5.935253069445771690e-01,0.000000000000000000e+00
1.130000000000000071e+01,1.371296248783174576e+00,2.460703367687999688e-01,5.935253069445771690e-01,0.000000000000000000e+00
1.135000000000000142e+01,1.371296250902620084e+00,2.460702995681999794e-01,5.935234407076802610e-01,0.000000000000000000e+00
1.140000000000000036e+01,1.371296245042559647e+00,2.460703367687999688e-01,5.935253069445771690e-01,0.000000000000000000e+00
1.145000000000000107e+01,1.371296247162005155e+00,2.460703367687999688e-01,5.935253069445771690e-01,0.000000000000000000e+00
1.150000000000000000e+01,1.371296249281450663e+00,2.460703367687999688e-01,5.935253069445771690e-01,0.000000000000000000e+00
1.155000000000000071e+01,1.371296251400896171e+00,2.460702995681999794e-01,5.935234407076802610e-01,0.000000000000000000e+00
1.160000000000000142e+01,1.371296245540835734e+00,2.460703367687999688e-01,5.935253069445771690e-01,0.000000000000000000e+00
1.165000000000000036e+01,1.371296247660281242e+00,2.460703367687999688e-01,5.935253069445771690e-01,0.000000000000000000e+00
1.170000000000000107e+01,1.371296249779726750e+00,2.460703367687999688e-01,5.935253069445771690e-01,0.000000000000000000e+00
1.175000000000000000e+01,1.371296251899172258e+00,2.460702995681999794e-01,5.935234407076802610e-01,0.000000000000000000e+00
1.180000000000000071e+01,1.371296246039111821e+00,2.460703367687999688e-01,5.935253069445771690e-01,0.000000000000000000e+00
1.185000000000000142e+01,1.371296248158557329e+00,2.460703367687999688e-01,5.935253069445771690e-01,0.000000000000000000e+00
1.190000000000000036e+01,1.371296250278002837e+00,2.460702995681999794e-01,5.935234407076802610e-01,0.000000000000000000e+00
1.195000000000000107e+01,1.371296244417942400e+00,2.460703367687999688e-01,5.935253069445771690e-01,0.000000000000000000e+00
1.200000000000000000e+01,1.371296246537387686e+00,2.460703367687999688e-01,5.935253069445771690e-01,0.000000000000000000e+00
1.205000000000000071e+01,1.371296248656833194e+00,2.460703367687999688e-01,5.935253069445771690e-01,0.000000000000000000e+00
1.210000000000000142e+01,1.371296250776278702e+00,2.460702995681999794e-01,5.935234407076802610e-01,0.000000000000000000e+00
1.215000000000000036e+01,1.371296244916218265e+00,2.460703367687999688e-01,5.935253069445771690e-01,0.000000000000000000e+00
1.220000000000000107e+01,1.371296247035663773e+00,2.460703367687999688e-01,5.935253069445771690e-01,0.000000000000000000e+00
1.225000000000000000e+01,1.371296249155109281e+00,2.460703367687999688e-01,5.935253069445771690e-01,0.000000000000000000e+00
1.230000000000000071e+01,1.371296251274554789e+00,2.460702995681999794e-01,5.935234407076802610e-01,0.000000000000000000e+00
1.235000000000000142e+01,1.371296245414494352e+00,2.460703367687999688e-01,5.935253069445771690e-01,0.000000000000000000e+00
1.240000000000000036e+01,1.371296247533939860e+00,2.460703367687999688e-01,5.935253069445771690e-01,0.000000000000000000e+00
1.245000000000000107e+01,1.371296249653385368e+00,2.460703367687999688e-01,5.935253069445771690e-01,0.000000000000000000e+00
1.250000000000000000e+01,1.371296251772830876e+00,2.460702995681999794e-01,5.935234407076802610e-01,0.000000000000000000e+00
1.255000000000000071e+01,1.371296245912770440e+00,2.460703367687999688e-01,5.935253069445771690e-01,0.000000000000000000e+00
1.260000000000000142e+01,1.371296248032215948e+00,2.460703367687999688e-01,5.935253069445771690e-01,0.000000000000000000e+00
1.265000000000000036e+01,1.371296250151661456e+00,2.460702995681999794e-01,5.935234407076802610e-01,0.000000000000000000e+00
1.270000000000000107e+01,1.371296244291601019e+00,2.460703367687999688e-01,5.935253069445771690e-01,0.000000000000000000e+00
1.275000000000000000e+01,1.371296246411046305e+00,2.460703367687999688e-01,5.935253069445771690e-01,0.000000000000000000e+00
1.280000000000000071e+01,1.371296248530491813e+00,2.460703367687999688e-01,5.935253069445771690e-01,0.000000000000000000e+00
1.285000000000000142e+01,1.371296250649937321e+00,2.460702995681999794e-01,5.935234407076802610e-01,0.000000000000000000e+00
1.290000000000000036e+01,1.371296244789876884e+00,2.460703367687999688e-01,5.935253069445771690e-01,0.000000000000000000e+00
1.295000000000000107e+01,1.371296246909322392e+00,2.460703367687999688e-01,5.935253069445771690e-01,0.000000000000000000e+00
1.300000000000000000e+01,1.371296249028767900e+00,2.460703367687999688e-01,5.935253069445771690e-01,0.000000000000000000e+00
1.305000000000000071e+01,1.371296251148213408e+00,2.460702995681999794e-01,5.935234407076802610e-01,0.000000000000000000e+00
1.310000000000000142e+01,1.371296245288152971e+00,2.460703367687999688e-01,5.935253069445771690e-01,0.000000000000000000e+00
1.315000000000000036e+01,1.371296247407598479e+00,2.460703367687999688e-01,5.935253069445771690e-01,0.000000000000000000e+00
1.320000000000000107e+01,1.371296249527043987e+00,2.460703367687999688e-01,5.935253069445771690e-01,0.000000000000000000e+00
1.325000000000000000e+01,1.371296251646489495e+00,2.460702995681999794e-01,5.935234407076802610e-01,0.000000000000000000e+00
1.330000000000000071e+01,1.371296245786429058e+00,2.460703367687999688e-01,5.935253069445771690e-01,0.000000000000000000e+00
1.335000000000000142e+01,1.371296247905874566e+00,2.460703367687999688e-01,5.935253069445771690e-01,0.000000000000000000e+00
1.340000000000000036e+01,1.371296250025320074e+00,2.460702995681999794e-01,5.935234407076802610e-01,0.000000000000000000e+00
1.345000000000000107e+01,1.371296244165259637e+00,2.460703367687999688e-01,5.935253069445771690e-01,0.000000000000000000e+00
1.350000000000000000e+01,1.371296246284704923e+00,2.460703367687999688e-01,5.935253069445771690e-01,0.000000000000000000e+00
1.355000000000000071e+01,1.371296248404150431e+00,2.460703367687999688e-01,5.935253069445771690e-01,0.000000000000000000e+00
1.360000000000000142e+01,1.371296250523595939e+00,2.460702995681999794e-01,5.935234407076802610e-01,0.000000000000000000e+00
1.365000000000000036e+01,1.371296244663535502e+00,2.460703367687999688e-01,5.935253069445771690e-01,0.000000000000000000e+00
1.370000000000000107e+01,1.371296246782981010e+00,2.460703367687999688e-01,5.935253069445771690e-01,0.000000000000000000e+00
1.375000000000000000e+01,1.371296248902426518e+00,2.460703367687999688e-01,5.935253069445771690e-01,0.000000000000000000e+00
1.380000000000000071e+01,1.371296251021872026e+00,2.460702995681999794e-01,5.935234407076802610e-01,0.000000000000000000e+00
1.385000000000000142e+01,1.371296245161811589e+00,2.460703367687999688e-01,5.935253069445771690e-01,0.000000000000000000e+00
1.390000000000000036e+01,1.371296247281257097e+00,2.460703367687999688e-01,5.935253069445771690e-01,0.000000000000000000e+00
1.395000000000000107e+01,1.371296249400702605e+00,2.460703367687999688e-01,5.935253069445771690e-01,0.000000000000000000e+00
1.400000000000000000e+01,1.371296251520148113e+00,2.460702995681999794e-01,5.935234407076802610e-01,0.000000000000000000e+00
1.405000000000000071e+01,1.371296245660087676e+00,2.460703367687999688e-01,5.935253069445771690e-01,0.000000000000000000e+00
1.410000000000000142e+01,1.371296247779533184e+00,2.460703367687999688e-01,5.935253069445771690e-01,0.000000000000000000e+00
1.415000000000000036e+01,1.371296249898978692e+00,2.460703367687999688e-01,5.935253069445771690e-01,0.000000000000000000e+00
1.420000000000000107e+01,1.371296252018424200e+00,2.460702995681999794e-01,5.935234407076802610e-01,0.000000000000000000e+00
1.425000000000000000e+01,1.371296246158363763e+00,2.460703367687999688e-01,5.935253069445771690e-01,0.000000000000000000e+00
1.430000000000000071e+01,1.371296248277809271e+00,2.460703367687999688e-01,5.935253069445771690e-01,0.000000000000000000e+00
1.435000000000000142e+01,1.371296250397254779e+00,2.460702995681999794e-01,5.935234407076802610e-01,0.000000000000000000e+00
1.440000000000000036e+01,1.371296244537194342e+00,2.460703367687999688e-01,5.935253069445771690e-01,0.000000000000000000e+00
1.445000000000000107e+01,1.371296246656639850e+00,2.460703367687999688e-01,5.935253069445771690e-01,0.000000000000000000e+00
1.450000000000000000e+01,1.371296248776085358e+00,2.460703367687999688e-01,5.935253069445771690e-01,0.000000000000000000e+00
1.455000000000000071e+01,1.371296250895530866e+00,2.460702995681999794e-01,5.935234407076802610e-01,0.000000000000000000e+00
1.460000000000000142e+01,1.371296245035470429e+00,2.460703367687999688e-01,5.935253069445771690e-01,0.000000000000000000e+00
1.465000000000000036e+01,1.371296247154915937e+00,2.460703367687999688e-01,5.935253069445771690e-01,0.000000000000000000e+00
1.470000000000000107e+01,1.371296249274361445e+00,2.460703367687999688e-01,5.935253069445771690e-01,0.000000000000000000e+00
1.475000000000000000e+01,1.371296251393806953e+00,2.460702995681999794e-01,5.935234407076802610e-01,0.000000000000000000e+00
1.480000000000000071e+01,1.371296245533746516e+00,2.460703367687999688e-01,5.935253069445771690e-01,0.000000000000000000e+00
1.485000000000000142e+01,1.371296247653192024e+00,2.460703367687999688e-01,5.935253069445771690e-01,0.000000000000000000e+00
1.490000000000000036e+01,1.371296249772637532e+00,2.460703367687999688e-01,5.935253069445771690e-01,0.000000000000000000e+00
1.495000000000000107e+01,1.371296251892083040e+00,2.460702995681999794e-01,5.935234407076802610e-01,0.000000000000000000e+00
1.500000000000000000e+01,1.371296246032022603e+00,2.460703367687999688e-01,5.935253069445771690e-01,0.000000000000000000e+00
1.505000000000000071e+01,1.371296248151468111e+00,2.460703367687999688e-01,5.935253069445771690e-01,0.000000000000000000e+00
1.510000000000000142e+01,1.371296250270913619e+00,2.460702995681999794e-01,5.935234407076802610e-01,0.000000000000000000e+00
1.515000000000000036e+01,1.371296244410853182e+00,2.460703367687999688e-01,5.935253069445771690e-01,0.000000000000000000e+00
1.520000000000000107e+01,1.371296246530298468e+00,2.460703367687999688e-01,5.935253069445771690e-01,0.000000000000000000e+00
1.525000000000000000e+01,1.371296248649743976e+00,2.460703367687999688e-01,5.935253069445771690e-01,0.000000000000000000e+00
1.530000000000000071e+01,1.371296250769189484e+00,2.460702995681999794e-01,5.935234407076802610e-01,0.000000000000000000e+00
1.535000000000000142e+01,1.371296244909129047e+00,2.460703367687999688e-01,5.935253069445771690e-01,0.000000000000000000e+00
1.540000000000000036e+01,1.371296247028574555e+00,2.460703367687999688e-01,5.935253069445771690e-01,0.000000000000000000e+00
1.545000000000000107e+01,1.371296249148020063e+00,2.460703367687999688e-01,5.935253069445771690e-01,0.000000000000000000e+00
1.550000000000000000e+01,1.371296251267465571e+00,2.460702995681999794e-01,5.935234407076802610e-01,0.000000000000000000e+00
1.555000000000000071e+01,1.371296245407405134e+00,2.460703367687999688e-01,5.935253069445771690e-01,0.000000000000000000e+00
1.560000000000000142e+01,1.371296247526850642e+00,2.460703367687999688e-01,5.935253069445771690e-01,0.000000000000000000e+00
1.565000000000000036e+01,1.371296249646296150e+00,2.460703367687999688e-01,5.935253069445771690e-01,0.000000000000000000e+00
1.570000000000000107e+01,1.371296251765741658e+00,2.460702995681999794e-01,5.935234407076802610e-01,0.000000000000000000e+00
1.575000000000000000e+01,1.371296245905681221e+00,2.460703367687999688e-01,5.935253069445771690e-01,0.000000000000000000e+00
1.580000000000000071e+01,1.371296248025126729e+00,2.460703367687999688e-01,5.935253069445771690e-01,0.000000000000000000e+00
1.585000000000000142e+01,1.371296250144572237e+00,2.460702995681999794e-01,5.935234407076802610e-01,0.000000000000000000e+00
1.590000000000000036e+01,1.371296244284511801e+00,2.460703367687999688e-01,5.935253069445771690e-01,0.000000000000000000e+00
1.595000000000000107e+01,1.371296246403957086e+00,2.460703367687999688e-01,5.935253069445771690e-01,0.000000000000000000e+00
1.600000000000000000e+01,1.371296248523402594e+00,2.460703367687999688e-01,5.935253069445771690e-01,0.000000000000000000e+00
1.605000000000000071e+01,1.371296250642848102e+00,2.460702995681999794e-01,5.935234407076802610e-01,0.000000000000000000e+00
1.610000000000000142e+01,1.371296244782787666e+00,2.460703367687999688e-01,5.935253069445771690e-01,0.000000000000000000e+00
1.615000000000000213e+01,1.371296246902233174e+00,2.460703367687999688e-01,5.935253069445771690e-01,0.000000000000000000e+00
1.619999999999999929e+01,1.371296249021678682e+00,2.460703367687999688e-01,5.935253069445771690e-01,0.000000000000000000e+00
1.625000000000000000e+01,1.371296251141124189e+00,2.460702995681999794e-01,5.935234407076802610e-01,0.000000000000000000e+00
1.630000000000000071e+01,1.371296245281063753e+00,2.460703367687999688e-01,5.935253069445771690e-01,0.000000000000000000e+00
1.635000000000000142e+01,1.371296247400509261e+00,2.460703367687999688e-01,5.935253069445771690e-01,0.000000000000000000e+00
1.640000000000000213e+01,1.371296249519954769e+00,2.460703367687999688e-01,5.935253069445771690e-01,0.000000000000000000e+00
1.644999999999999929e+01,1.371296251639400277e+00,2.460702995681999794e-01,5.935234407076802610e-01,0.000000000000000000e+00
1.650000000000000000e+01,1.371296245779339840e+00,2.460703367687999688e-01,5.935253069445771690e-01,0.000000000000000000e+00
1.655000000000000071e+01,1.371296247898785348e+00,2.460703367687999688e-01,5.935253069445771690e-01,0.000000000000000000e+00
1.660000000000000142e+01,1.371296250018230856e+00,2.460702995681999794e-01,5.935234407076802610e-01,0.000000000000000000e+00
1.665000000000000213e+01,1.371296244158170419e+00,2.460703367687999688e-01,5.935253069445771690e-01,0.000000000000000000e+00
1.669999999999999929e+01,1.371296246277615705e+00,2.460703367687999688e-01,5.935253069445771690e-01,0.000000000000000000e+00
1.675000000000000000e+01,1.371296248397061213e+00,2.460703367687999688e-01,5.935253069445771690e-01,0.000000000000000000e+00
1.680000000000000071e+01,1.371296250516506721e+00,2.460702995681999794e-01,5.935234407076802610e-01,0.000000000000000000e+00
1.685000000000000142e+01,1.371296244656446284e+00,2.460703367687999688e-01,5.935253069445771690e-01,0.000000000000000000e+00
1.690000000000000213e+01,1.371296246775891792e+00,2.460703367687999688e-01,5.935253069445771690e-01,0.000000000000000000e+00
1.694999999999999929e+01,1.371296248895337300e+00,2.460703367687999688e-01,5.935253069445771690e-01,0.000000000000000000e+00
1.700000000000000000e+01,1.371296251014782808e+00,2.460702995681999794e-01,5.935234407076802610e-01,0.000000000000000000e+00
1.705000000000000071e+01,1.371296245154722371e+00,2.460703367687999688e-01,5.935253069445771690e-01,0.000000000000000000e+00
1.710000000000000142e+01,1.371296247274167879e+00,2.460703367687999688e-01,5.935253069445771690e-01,0.000000000000000000e+00
1.715000000000000213e+01,1.371296249393613387e+00,2.460703367687999688e-01,5.935253069445771690e-01,0.000000000000000000e+00
1.719999999999999929e+01,1.371296251513058895e+00,2.460702995681999794e-01,5.935234407076802610e-01,0.000000000000000000e+00
1.725000000000000000e+01,1.371296245652998458e+00,2.460703367687999688e-01,5.935253069445771690e-01,0.000000000000000000e+00
1.730000000000000071e+01,1.371296247772443966e+00,2.460703367687999688e-01,5.935253069445771690e-01,0.000000000000000000e+00
1.735000000000000142e+01,1.371296249891889474e+00,2.460703367687999688e-01,5.935253069445771690e-01,0.000000000000000000e+00
1.740000000000000213e+01,1.371296252011334982e+00,2.460702995681999794e-01,5.935234407076802610e-01,0.000000000000000000e+00
1.744999999999999929e+01,1.371296246151274545e+00,2.460703367687999688e-01,5.935253069445771690e-01,0.000000000000000000e+00
1.750000000000000000e+01,1.371296248270720053e+00,2.460703367687999688e-01,5.935253069445771690e-01,0.000000000000000000e+00
1.755000000000000071e+01,1.371296250390165561e+00,2.460702995681999794e-01,5.935234407076802610e-01,0.000000000000000000e+00
1.760000000000000142e+01,1.371296244530105124e+00,2.460703367687999688e-01,5.935253069445771690e-01,0.000000000000000000e+00
1.765000000000000213e+01,1.371296246649550632e+00,2.460703367687999688e-01,5.935253069445771690e-01,0.000000000000000000e+00
1.769999999999999929e+01,1.371296248768996140e+00,2.460703367687999688e-01,5.935253069445771690e-01,0.000000000000000000e+00
1.775000000000000000e+01,1.371296250888441648e+00,2.460702995681999794e-01,5.935234407076802610e-01,0.000000000000000000e+00
1.780000000000000071e+01,1.371296245028381211e+00,2.460703367687999688e-01,5.935253069445771690e-01,0.000000000000000000e+00
1.785000000000000142e+01,1.371296247147826719e+00,2.460703367687999688e-01,5.935253069445771690e-01,0.000000000000000000e+00
1.790000000000000213e+01,1.371296249267272227e+00,2.460703367687999688e-01,5.935253069445771690e-01,0.000000000000000000e+00
1.794999999999999929e+01,1.371296251386717735e+00,2.460702995681999794e-01,5.935234407076802610e-01,0.000000000000000000e+00
1.800000000000000000e+01,1.371296245526657298e+00,2.460703367687999688e-01,5.935253069445771690e-01,0.000000000000000000e+00
1.805000000000000071e+01,1.371296247646102806e+00,2.460703367687999688e-01,5.935253069445771690e-01,0.000000000000000000e+00
1.810000000000000142e+01,1.371296249765548314e+00,2.460703367687999688e-01,5.935253069445771690e-01,0.000000000000000000e+00
1.815000000000000213e+01,1.371296251884993822e+00,2.460702995681999794e-01,5.935234407076802610e-01,0.000000000000000000e+00
1.819999999999999929e+01,1.371296246024933385e+00,2.460703367687999688e-01,5.935253069445771690e-01,0.000000000000000000e+00
1.825000000000000000e+01,1.371296248144378893e+00,2.460703367687999688e-01,5.935253069445771690e-01,0.000000000000000000e+00
1.830000000000000071e+01,1.371296250263824401e+00,2.460702995681999794e-01,5.935234407076802610e-01,0.000000000000000000e+00
1.835000000000000142e+01,1.371296244403763964e+00,2.460703367687999688e-01,5.935253069445771690e-01,0.000000000000000000e+00
1.840000000000000213e+01,1.371296246523209250e+00,2.460703367687999688e-01,5.935253069445771690e-01,0.000000000000000000e+00
1.844999999999999929e+01,1.371296248642654758e+00,2.460703367687999688e-01,5.935253069445771690e-01,0.000000000000000000e+00
1.850000000000000000e+01,1.371296250762100266e+00,2.460702995681999794e-01,5.935234407076802610e-01,0.000000000000000000e+00
1.855000000000000071e+01,1.371296244902039829e+00,2.460703367687999688e-01,5.935253069445771690e-01,0.000000000000000000e+00
1.860000000000000142e+01,1.371296247021485337e+00,2.460703367687999688e-01,5.935253069445771690e-01,0.000000000000000000e+00
1.865000000000000213e+01,1.371296249140930845e+00,2.460703367687999688e-01,5.935253069445771690e-01,0.000000000000000000e+00
1.869999999999999929e+01,1.371296251260376353e+00,2.460702995681999794e-01,5.935234407076802610e-01,0.000000000000000000e+00
1.875000000000000000e+01,1.371296245400315916e+00,2.460703367687999688e-01,5.935253069445771690e-01,0.000000000000000000e+00
1.880000000000000071e+01,1.371296247519761424e+00,2.460703367687999688e-01,5.935253069445771690e-01,0.000000000000000000e+00
1.885000000000000142e+01,1.371296249639206932e+00,2.460703367687999688e-01,5.935253069445771690e-01,0.000000000000000000e+00
1.890000000000000213e+01,1.371296251758652440e+00,2.460702995681999794e-01,5.935234407076802610e-01,0.000000000000000000e+00
1.894999999999999929e+01,1.371296245898592003e+00,2.460703367687999688e-01,5.935253069445771690e-01,0.000000000000000000e+00
1.900000000000000000e+01,1.371296248018037511e+00,2.460703367687999688e-01,5.935253069445771690e-01,0.000000000000000000e+00
1.905000000000000071e+01,1.371296250137483019e+00,2.460702995681999794e-01,5.935234407076802610e-01,0.000000000000000000e+00
1.910000000000000142e+01,1.371296244277422582e+00,2.460703367687999688e-01,5.935253069445771690e-01,0.000000000000000000e+00
1.915000000000000213e+01,1.371296246396867868e+00,2.460703367687999688e-01,5.935253069445771690e-01,0.000000000000000000e+00
1.920000000000000284e+01,1.371296248516313376e+00,2.460703367687999688e-01,5.935253069445771690e-01,0.000000000000000000e+00
1.925000000000000000e+01,1.371296250635758884e+00,2.460702995681999794e-01,5.935234407076802610e-01,0.000000000000000000e+00
1.930000000000000071e+01,1.371296244775698447e+00,2.460703367687999688e-01,5.935253069445771690e-01,0.000000000000000000e+00
1.935000000000000142e+01,1.371296246895143955e+00,2.460703367687999688e-01,5.935253069445771690e-01,0.000000000000000000e+00
1.940000000000000213e+01,1.371296249014589463e+00,2.460703367687999688e-01,5.935253069445771690e-01,0.000000000000000000e+00
1.945000000000000284e+01,1.371296251134034971e+00,2.460702995681999794e-01,5.935234407076802610e-01,0.000000000000000000e+00
1.950000000000000000e+01,1.371296245273974534e+00,2.460703367687999688e-01,5.935253069445771690e-01,0.000000000000000000e+00
1.955000000000000071e+01,1.371296247393420042e+00,2.460703367687999688e-01,5.935253069445771690e-01,0.000000000000000000e+00
1.960000000000000142e+01,1.371296249512865550e+00,2.460703367687999688e-01,5.935253069445771690e-01,0.000000000000000000e+00
1.965000000000000213e+01,1.371296251632311058e+00,2.460702995681999794e-01,5.935234407076802610e-01,0.000000000000000000e+00
1.970000000000000284e+01,1.371296245772250622e+00,2.460703367687999688e-01,5.935253069445771690e-01,0.000000000000000000e+00
1.975000000000000000e+01,1.371296247891696130e+00,2.460703367687999688e-01,5.935253069445771690e-01,0.000000000000000000e+00
1.980000000000000071e+01,1.371296250011141638e+00,2.460702995681999794e-01,5.935234407076802610e-01,0.000000000000000000e+00
1.985000000000000142e+01,1.371296244151081201e+00,2.460703367687999688e-01,5.935253069445771690e-01,0.000000000000000000e+00
1.990000000000000213e+01,1.371296246270526487e+00,2.460703367687999688e-01,5.935253069445771690e-01,0.000000000000000000e+00
1.995000000000000284e+01,1.371296248389971995e+00,2.460703367687999688e-01,5.935253069445771690e-01,0.000000000000000000e+00
2.000000000000000000e+01,1.371296250509417503e+00,2.460702995681999794e-01,5.935234407076802610e-01,0.000000000000000000e+00
2.005000000000000071e+01,1.371296244649357066e+00,2.460703367687999688e-01,5.935253069445771690e-01,0.000000000000000000e+00
2.010000000000000142e+01,1.371296246768802574e+00,2.460703367687999688e-01,5.935253069445771690e-01,0.000000000000000000e+00
2.015000000000000213e+01,1.371296248888248082e+00,2.460703367687999688e-01,5.935253069445771690e-01,0.000000000000000000e+00
2.020000000000000284e+01,1.371296251007693590e+00,2.460702995681999794e-01,5.935234407076802610e-01,0.000000000000000000e+00
2.025000000000000000e+01,1.371296245147633153e+00,2.460703367687999688e-01,5.935253069445771690e-01,0.000000000000000000e+00
2.030000000000000071e+01,1.371296247267078661e+00,2.460703367687999688e-01,5.935253069445771690e-01,0.000000000000000000e+00
2.035000000000000142e+01,1.371296249386524169e+00,2.460703367687999688e-01,5.935253069445771690e-01,0.000000000000000000e+00
2.040000000000000213e+01,1.371296251505969677e+00,2.460702995681999794e-01,5.935234407076802610e-01,0.000000000000000000e+00
2.045000000000000284e+01,1.371296245645909240e+00,2.460703367687999688e-01,5.935253069445771690e-01,0.000000000000000000e+00
2.050000000000000000e+01,1.371296247765354748e+00,2.460703367687999688e-01,5.935253069445771690e-01,0.000000000000000000e+00
2.055000000000000071e+01,1.371296249884800256e+00,2.460703367687999688e-01,5.935253069445771690e-01,0.000000000000000000e+00
2.060000000000000142e+01,1.371296252004245764e+00,2.460702995681999794e-01,5.935234407076802610e-01,0.000000000000000000e+00
2.065000000000000213e+01,1.371296246144185327e+00,2.460703367687999688e-01,5.935253069445771690e-01,0.000000000000000000e+00
2.070000000000000284e+01,1.371296248263630835e+00,2.460703367687999688e-01,5.935253069445771690e-01,0.000000000000000000e+00
2.075000000000000000e+01,1.371296250383076343e+00,2.460702995681999794e-01,5.935234407076802610e-01,0.000000000000000000e+00
2.080000000000000071e+01,1.371296244523015906e+00,2.460703367687999688e-01,5.935253069445771690e-01,0.000000000000000000e+00
2.085000000000000142e+01,1.371296246642461414e+00,2.460703367687999688e-01,5.935253069445771690e-01,0.000000000000000000e+00
2.090000000000000213e+01,1.371296248761906922e+00,2.460703367687999688e-01,5.935253069445771690e-01,0.000000000000000000e+00
2.095000000000000284e+01,1.371296250881352430e+00,2.460702995681999794e-01,5.935234407076802610e-01,0.000000000000000000e+00
2.100000000000000000e+01,1.371296245021291993e+00,2.460703367687999688e-01,5.935253069445771690e-01,0.000000000000000000e+00
2.105000000000000071e+01,1.371296247140737501e+00,2.460703367687999688e-01,5.935253069445771690e-01,0.000000000000000000e+00
2.110000000000000142e+01,1.371296249260183009e+00,2.460703367687999688e-01,5.935253069445771690e-01,0.000000000000000000e+00
2.115000000000000213e+01,1.371296251379628517e+00,2.460702995681999794e-01,5.935234407076802610e-01,0.000000000000000000e+00
2.120000000000000284e+01,1.371296245519568080e+00,2.460703367687999688e-01,5.935253069445771690e-01,0.000000000000000000e+00
2.125000000000000000e+01,1.371296247639013588e+00,2.460703367687999688e-01,5.935253069445771690e-01,0.000000000000000000e+00
2.130000000000000071e+01,1.371296249758459096e+00,2.460703367687999688e-01,5.935253069445771690e-01,0.000000000000000000e+00
2.135000000000000142e+01,1.371296251877904604e+00,2.460702995681999794e-01,5.935234407076802610e-01,0.000000000000000000e+00
2.140000000000000213e+01,1.371296246017844167e+00,2.460703367687999688e-01,5.935253069445771690e-01,0.000000000000000000e+00
2.145000000000000284e+01,1.371296248137289675e+00,2.460703367687999688e-01,5.935253069445771690e-01,0.000000000000000000e+00
2.150000000000000000e+01,1.371296250256735183e+00,2.460702995681999794e-01,5.935234407076802610e-01,0.000000000000000000e+00
2.155000000000000071e+01,1.371296244396674746e+00,2.460703367687999688e-01,5.935253069445771690e-01,0.000000000000000000e+00
2.160000000000000142e+01,1.371296246516120032e+00,2.460703367687999688e-01,5.935253069445771690e-01,0.000000000000000000e+00
2.165000000000000213e+01,1.371296248635565540e+00,2.460703367687999688e-01,5.935253069445771690e-01,0.000000000000000000e+00
2.170000000000000284e+01,1.371296250755011048e+00,2.460702995681999794e-01,5.935234407076802610e-01,0.000000000000000000e+00
2.175000000000000000e+01,1.371296244894950611e+00,2.460703367687999688e-01,5.935253069445771690e-01,0.000000000000000000e+00
2.180000000000000071e+01,1.371296247014396119e+00,2.460703367687999688e-01,5.935253069445771690e-01,0.000000000000000000e+00
2.185000000000000142e+01,1.371296249133841627e+00,2.460703367687999688e-01,5.935253069445771690e-01,0.000000000000000000e+00
2.190000000000000213e+01,1.371296251253287135e+00,2.460702995681999794e-01,5.935234407076802610e-01,0.000000000000000000e+00
2.195000000000000284e+01,1.371296245393226698e+00,2.460703367687999688e-01,5.935253069445771690e-01,0.000000000000000000e+00
2.200000000000000000e+01,1.371296247512672206e+00,2.460703367687999688e-01,5.935253069445771690e-01,0.000000000000000000e+00
2.205000000000000071e+01,1.371296249632117714e+00,2.460703367687999688e-01,5.935253069445771690e-01,0.000000000000000000e+00
2.210000000000000142e+01,1.371296251751563222e+00,2.460702995681999794e-01,5.935234407076802610e-01,0.000000000000000000e+00
2.215000000000000213e+01,1.371296245891502785e+00,2.460703367687999688e-01,5.935253069445771690e-01,0.000000000000000000e+00
2.220000000000000284e+01,1.371296248010948293e+00,2.460703367687999688e-01,5.935253069445771690e-01,0.000000000000000000e+00
2.225000000000000000e+01,1.371296250130393801e+00,2.460702995681999794e-01,5.935234407076802610e-01,0.000000000000000000e+00
2.230000000000000071e+01,1.371296244270333364e+00,2.460703367687999688e-01,5.935253069445771690e-01,0.000000000000000000e+00
2.235000000000000142e+01,1.371296246389778650e+00,2.460703367687999688e-01,5.935253069445771690e-01,0.000000000000000000e+00
2.240000000000000213e+01,1.371296248509224158e+00,2.460703367687999688e-01,5.935253069445771690e-01,0.000000000000000000e+00
2.245000000000000284e+01,1.371296250628669666e+00,2.460702995681999794e-01,5.935234407076802610e-01,0.000000000000000000e+00
2.250000000000000000e+01,1.371296244768609229e+00,2.460703367687999688e-01,5.935253069445771690e-01,0.000000000000000000e+00
2.255000000000000071e+01,1.371296246888054737e+00,2.460703367687999688e-01,5.935253069445771690e-01,0.000000000000000000e+00
2.260000000000000142e+01,1.371296249007500245e+00,2.460703367687999688e-01,5.935253069445771690e-01,0.000000000000000000e+00
2.265000000000000213e+01,1.371296251126945753e+00,2.460702995681999794e-01,5.935234407076802610e-01,0.000000000000000000e+00
2.270000000000000284e+01,1.371296245266885316e+00,2.460703367687999688e-01,5.935253069445771690e-01,0.000000000000000000e+00
2.275000000000000000e+01,1.371296247386330824e+00,2.460703367687999688e-01,5.935253069445771690e-01,0.000000000000000000e+00
2.280000000000000071e+01,1.371296249505776332e+00,2.460703367687999688e-01,5.935253069445771690e-01,0.000000000000000000e+00
2.285000000000000142e+01,1.371296251625221840e+00,2.460702995681999794e-01,5.935234407076802610e-01,0.000000000000000000e+00
2.290000000000000213e+01,1.371296245765161403e+00,2.460703367687999688e-01,5.935253069445771690e-01,0.000000000000000000e+00
2.295000000000000284e+01,1.371296247884606911e+00,2.460703367687999688e-01,5.935253069445771690e-01,0.000000000000000000e+00
2.300000000000000000e+01,1.371296250004052419e+00,2.460702995681999794e-01,5.935234407076802610e-01,0.000000000000000000e+00
2.305000000000000071e+01,1.371296244143991983e+00,2.460703367687999688e-01,5.935253069445771690e-01,0.000000000000000000e+00
2.310000000000000142e+01,1.371296246263437268e+00,2.460703367687999688e-01,5.935253069445771690e-01,0.000000000000000000e+00
2.315000000000000213e+01,1.371296248382882776e+00,2.460703367687999688e-01,5.935253069445771690e-01,0.000000000000000000e+00
2.320000000000000284e+01,1.371296250502328284e+00,2.460702995681999794e-01,5.935234407076802610e-01,0.000000000000000000e+00
2.325000000000000000e+01,1.371296244642267848e+00,2.460703367687999688e-01,5.935253069445771690e-01,0.000000000000000000e+00
2.330000000000000071e+01,1.371296246761713356e+00,2.460703367687999688e-01,5.935253069445771690e-01,0.000000000000000000e+00
2.335000000000000142e+01,1.371296248881158863e+00,2.460703367687999688e-01,5.935253069445771690e-01,0.000000000000000000e+00
2.340000000000000213e+01,1.371296251000604371e+00,2.460702995681999794e-01,5.935234407076802610e-01,0.000000000000000000e+00
2.345000000000000284e+01,1.371296245140543935e+00,2.460703367687999688e-01,5.935253069445771690e-01,0.000000000000000000e+00
2.350000000000000000e+01,1.371296247259989443e+00,2.460703367687999688e-01,5.935253069445771690e-01,0.000000000000000000e+00
2.355000000000000071e+01,1.371296249379434951e+00,2.460703367687999688e-01,5.935253069445771690e-01,0.000000000000000000e+00
2.360000000000000142e+01,1.371296251498880459e+00,2.460702995681999794e-01,5.935234407076802610e-01,0.000000000000000000e+00
2.365000000000000213e+01,1.371296245638820022e+00,2.460703367687999688e-01,5.935253069445771690e-01,0.000000000000000000e+00
2.370000000000000284e+01,1.371296247758265530e+00,2.460703367687999688e-01,5.935253069445771690e-01,0.000000000000000000e+00
2.375000000000000000e+01,1.371296249877711038e+00,2.460703367687999688e-01,5.935253069445771690e-01,0.000000000000000000e+00
2.380000000000000071e+01,1.371296251997156546e+00,2.460702995681999794e-01,5.935234407076802610e-01,0.000000000000000000e+00
2.385000000000000142e+01,1.371296246137096109e+00,2.460703367687999688e-01,5.935253069445771690e-01,0.000000000000000000e+00
2.390000000000000213e+01,1.371296248256541617e+00,2.460703367687999688e-01,5.935253069445771690e-01,0.000000000000000000e+00
2.395000000000000284e+01,1.371296250375987125e+00,2.460702995681999794e-01,5.935234407076802610e-01,0.000000000000000000e+00
2.400000000000000000e+01,1.371296244515926688e+00,2.460703367687999688e-01,5.935253069445771690e-01,0.000000000000000000e+00
2.405000000000000071e+01,1.371296246635372196e+00,2.460703367687999688e-01,5.935253069445771690e-01,0.000000000000000000e+00
2.410000000000000142e+01,1.371296248754817704e+00,2.460703367687999688e-01,5.935253069445771690e-01,0.000000000000000000e+00
2.415000000000000213e+01,1.371296250874263212e+00,2.460702995681999794e-01,5.935234407076802610e-01,0.000000000000000000e+00
2.420000000000000284e+01,1.371296245014202775e+00,2.460703367687999688e-01,5.935253069445771690e-01,0.000000000000000000e+00
2.425000000000000000e+01,1.371296247133648283e+00,2.460703367687999688e-01,5.935253069445771690e-01,0.000000000000000000e+00
2.430000000000000071e+01,1.371296249253093791e+00,2.460703367687999688e-01,5.935253069445771690e-01,0.000000000000000000e+00
2.435000000000000142e+01,1.371296251372539299e+00,2.460702995681999794e-01,5.935234407076802610e-01,0.000000000000000000e+00
2.440000000000000213e+01,1.371296245512478862e+00,2.460703367687999688e-01,5.935253069445771690e-01,0.000000000000000000e+00
2.445000000000000284e+01,1.371296247631924370e+00,2.460703367687999688e-01,5.935253069445771690e-01,0.000000000000000000e+00
2.450000000000000000e+01,1.371296249751369878e+00,2.460703367687999688e-01,5.935253069445771690e-01,0.000000000000000000e+00
2.455000000000000071e+01,1.371296251870815386e+00,2.460702995681999794e-01,5.935234407076802610e-01,0.000000000000000000e+00
2.460000000000000142e+01,1.371296246010754949e+00,2.460703367687999688e-01,5.935253069445771690e-01,0.000000000000000000e+00
2.465000000000000213e+01,1.371296248130200457e+00,2.460703367687999688e-01,5.935253069445771690e-01,0.000000000000000000e+00
2.470000000000000284e+01,1.371296250249645965e+00,2.460702995681999794e-01,5.935234407076802610e-01,0.000000000000000000e+00
2.475000000000000000e+01,1.371296244389585528e+00,2.460703367687999688e-01,5.935253069445771690e-01,0.000000000000000000e+00
2.480000000000000071e+01,1.371296246509030814e+00,2.460703367687999688e-01,5.935253069445771690e-01,0.000000000000000000e+00
2.485000000000000142e+01,1.371296248628476322e+00,2.460703367687999688e-01,5.935253069445771690e-01,0.000000000000000000e+00
2.490000000000000213e+01,1.371296250747921830e+00,2.460702995681999794e-01,5.935234407076802610e-01,0.000000000000000000e+00
2.495000000000000284e+01,1.371296244887861393e+00,2.460703367687999688e-01,5.935253069445771690e-01,0.000000000000000000e+00
2.500000000000000000e+01,1.371296247007306901e+00,2.460703367687999688e-01,5.935253069445771690e-01,0.000000000000000000e+00
2.505000000000000071e+01,1.371296249126752409e+00,2.460703367687999688e-01,5.935253069445771690e-01,0.000000000000000000e+00
2.510000000000000142e+01,1.371296251246197917e+00,2.460702995681999794e-01,5.935234407076802610e-01,0.000000000000000000e+00
2.515000000000000213e+01,1.371296245386137480e+00,2.460703367687999688e-01,5.935253069445771690e-01,0.000000000000000000e+00
2.520000000000000284e+01,1.371296247505582988e+00,2.460703367687999688e-01,5.935253069445771690e-01,0.000000000000000000e+00
2.525000000000000000e+01,1.371296249625028496e+00,2.460703367687999688e-01,5.935253069445771690e-01,0.000000000000000000e+00
2.530000000000000071e+01,1.371296251744474004e+00,2.460702995681999794e-01,5.935234407076802610e-01,0.000000000000000000e+00
2.535000000000000142e+01,1.371296245884413567e+00,2.460703367687999688e-01,5.935253069445771690e-01,0.000000000000000000e+00
2.540000000000000213e+01,1.371296248003859075e+00,2.460703367687999688e-01,5.935253069445771690e-01,0.000000000000000000e+00
2.545000000000000284e+01,1.371296250123304583e+00,2.460702995681999794e-01,5.935234407076802610e-01,0.000000000000000000e+00
2.550000000000000000e+01,1.371296244263244146e+00,2.460703367687999688e-01,5.935253069445771690e-01,0.000000000000000000e+00
2.555000000000000071e+01,1.371296246382689432e+00,2.460703367687999688e-01,5.935253069445771690e-01,0.000000000000000000e+00
2.560000000000000142e+01,1.371296248502134940e+00,2.460703367687999688e-01,5.935253069445771690e-01,0.000000000000000000e+00
2.565000000000000213e+01,1.371296250621580448e+00,2.460702995681999794e-01,5.935234407076802610e-01,0.000000000000000000e+00
2.570000000000000284e+01,1.371296244761520011e+00,2.460703367687999688e-01,5.935253069445771690e-01,0.000000000000000000e+00
2.575000000000000000e+01,1.371296246880965519e+00,2.460703367687999688e-01,5.935253069445771690e-01,0.000000000000000000e+00
2.580000000000000071e+01,1.371296249000411027e+00,2.460703367687999688e-01,5.935253069445771690e-01,0.000000000000000000e+00
2.585000000000000142e+01,1.371296251119856535e+00,2.460702995681999794e-01,5.935234407076802610e-01,0.000000000000000000e+00
2.590000000000000213e+01,1.371296245259796098e+00,2.460703367687999688e-01,5.935253069445771690e-01,0.000000000000000000e+00
2.595000000000000284e+01,1.371296247379241606e+00,2.460703367687999688e-01,5.935253069445771690e-01,0.000000000000000000e+00
2.600000000000000000e+01,1.371296249498687114e+00,2.460703367687999688e-01,5.935253069445771690e-01,0.000000000000000000e+00
2.605000000000000071e+01,1.371296251618132622e+00,2.460702995681999794e-01,5.935234407076802610e-01,0.000000000000000000e+00
2.610000000000000142e+01,1.371296245758072185e+00,2.460703367687999688e-01,5.935253069445771690e-01,0.000000000000000000e+00
2.615000000000000213e+01,1.371296247877517693e+00,2.460703367687999688e-01,5.935253069445771690e-01,0.000000000000000000e+00
2.620000000000000284e+01,1.371296249996963201e+00,2.460703367687999688e-01,5.935253069445771690e-01,0.000000000000000000e+00
2.625000000000000000e+01,1.371296252116408709e+00,2.460702995681999794e-01,5.935234407076802610e-01,0.000000000000000000e+00
2.630000000000000071e+01,1.371296246256348272e+00,2.460703367687999688e-01,5.935253069445771690e-01,0.000000000000000000e+00
2.635000000000000142e+01,1.371296248375793780e+00,2.460703367687999688e-01,5.935253069445771690e-01,0.000000000000000000e+00
2.640000000000000213e+01,1.371296250495239288e+00,2.460702995681999794e-01,5.935234407076802610e-01,0.000000000000000000e+00
2.645000000000000284e+01,1.371296244635178851e+00,2.460703367687999688e-01,5.935253069445771690e-01,0.000000000000000000e+00
2.650000000000000000e+01,1.371296246754624359e+00,2.460703367687999688e-01,5.935253069445771690e-01,0.000000000000000000e+00
2.655000000000000071e+01,1.371296248874069867e+00,2.460703367687999688e-01,5.935253069445771690e-01,0.000000000000000000e+00
2.660000000000000142e+01,1.371296250993515375e+00,2.460702995681999794e-01,5.935234407076802610e-01,0.000000000000000000e+00
2.665000000000000213e+01,1.371296245133454939e+00,2.460703367687999688e-01,5.935253069445771690e-01,0.000000000000000000e+00
2.670000000000000284e+01,1.371296247252900447e+00,2.460703367687999688e-01,5.935253069445771690e-01,0.000000000000000000e+00
2.675000000000000000e+01,1.371296249372345954e+00,2.460703367687999688e-01,5.935253069445771690e-01,0.000000000000000000e+00
2.680000000000000071e+01,1.371296251491791462e+00,2.460702995681999794e-01,5.935234407076802610e-01,0.000000000000000000e+00
2.685000000000000142e+01,1.371296245631731026e+00,2.460703367687999688e-01,5.935253069445771690e-01,0.000000000000000000e+00
2.690000000000000213e+01,1.371296247751176534e+00,2.460703367687999688e-01,5.935253069445771690e-01,0.000000000000000000e+00
2.695000000000000284e+01,1.371296249870622042e+00,2.460703367687999688e-01,5.935253069445771690e-01,0.000000000000000000e+00
2.700000000000000000e+01,1.371296251990067550e+00,2.460702995681999794e-01,5.935234407076802610e-01,0.000000000000000000e+00
2.705000000000000071e+01,1.371296246130007113e+00,2.460703367687999688e-01,5.935253069445771690e-01,0.000000000000000000e+00
2.710000000000000142e+01,1.371296248249452621e+00,2.460703367687999688e-01,5.935253069445771690e-01,0.000000000000000000e+00
2.715000000000000213e+01,1.371296250368898129e+00,2.460702995681999794e-01,5.935234407076802610e-01,0.000000000000000000e+00
2.720000000000000284e+01,1.371296244508837692e+00,2.460703367687999688e-01,5.935253069445771690e-01,0.000000000000000000e+00
2.725000000000000000e+01,1.371296246628283200e+00,2.460703367687999688e-01,5.935253069445771690e-01,0.000000000000000000e+00
2.730000000000000071e+01,1.371296248747728708e+00,2.460703367687999688e-01,5.935253069445771690e-01,0.000000000000000000e+00
2.735000000000000142e+01,1.371296250867174216e+00,2.460702995681999794e-01,5.935234407076802610e-01,0.000000000000000000e+00
2.740000000000000213e+01,1.371296245007113779e+00,2.460703367687999688e-01,5.935253069445771690e-01,0.000000000000000000e+00
2.745000000000000284e+01,1.371296247126559287e+00,2.460703367687999688e-01,5.935253069445771690e-01,0.000000000000000000e+00
2.750000000000000000e+01,1.371296249246004795e+00,2.460703367687999688e-01,5.935253069445771690e-01,0.000000000000000000e+00
2.755000000000000071e+01,1.371296251365450303e+00,2.460702995681999794e-01,5.935234407076802610e-01,0.000000000000000000e+00
2.760000000000000142e+01,1.371296245505389866e+00,2.460703367687999688e-01,5.935253069445771690e-01,0.000000000000000000e+00
2.765000000000000213e+01,1.371296247624835374e+00,2.460703367687999688e-01,5.935253069445771690e-01,0.000000000000000000e+00
2.770000000000000284e+01,1.371296249744280882e+00,2.460703367687999688e-01,5.935253069445771690e-01,0.000000000000000000e+00
2.775000000000000000e+01,1.371296251863726390e+00,2.460702995681999794e-01,5.935234407076802610e-01,0.000000000000000000e+00
2.780000000000000071e+01,1.371296246003665953e+00,2.460703367687999688e-01,5.935253069445771690e-01,0.000000000000000000e+00
2.785000000000000142e+01,1.371296248123111461e+00,2.460703367687999688e-01,5.935253069445771690e-01,0.000000000000000000e+00
2.790000000000000213e+01,1.371296250242556969e+00,2.460702995681999794e-01,5.935234407076802610e-01,0.000000000000000000e+00
2.795000000000000284e+01,1.371296244382496532e+00,2.460703367687999688e-01,5.935253069445771690e-01,0.000000000000000000e+00
2.800000000000000000e+01,1.371296246501941818e+00,2.460703367687999688e-01,5.935253069445771690e-01,0.000000000000000000e+00
2.805000000000000071e+01,1.371296248621387326e+00,2.460703367687999688e-01,5.935253069445771690e-01,0.000000000000000000e+00
2.810000000000000142e+01,1.371296250740832834e+00,2.460702995681999794e-01,5.935234407076802610e-01,0.000000000000000000e+00
2.815000000000000213e+01,1.371296244880772397e+00,2.460703367687999688e-01,5.935253069445771690e-01,0.000000000000000000e+00
2.820000000000000284e+01,1.371296247000217905e+00,2.460703367687999688e-01,5.935253069445771690e-01,0.000000000000000000e+00
2.825000000000000000e+01,1.371296249119663413e+00,2.460703367687999688e-01,5.935253069445771690e-01,0.000000000000000000e+00
2.830000000000000071e+01,1.371296251239108921e+00,2.460702995681999794e-01,5.935234407076802610e-01,0.000000000000000000e+00
2.835000000000000142e+01,1.371296245379048484e+00,2.460703367687999688e-01,5.935253069445771690e-01,0.000000000000000000e+00
2.840000000000000213e+01,1.371296247498493992e+00,2.460703367687999688e-01,5.935253069445771690e-01,0.000000000000000000e+00
2.845000000000000284e+01,1.371296249617939500e+00,2.460703367687999688e-01,5.935253069445771690e-01,0.000000000000000000e+00
2.850000000000000000e+01,1.371296251737385008e+00,2.460702995681999794e-01,5.935234407076802610e-01,0.000000000000000000e+00
2.855000000000000071e+01,1.371296245877324571e+00,2.460703367687999688e-01,5.935253069445771690e-01,0.000000000000000000e+00
2.860000000000000142e+01,1.371296247996770079e+00,2.460703367687999688e-01,5.935253069445771690e-01,0.000000000000000000e+00
2.865000000000000213e+01,1.371296250116215587e+00,2.460702995681999794e-01,5.935234407076802610e-01,0.000000000000000000e+00
2.870000000000000284e+01,1.371296244256155150e+00,2.460703367687999688e-01,5.935253069445771690e-01,0.000000000000000000e+00
2.875000000000000000e+01,1.371296246375600436e+00,2.460703367687999688e-01,5.935253069445771690e-01,0.000000000000000000e+00
2.880000000000000071e+01,1.371296248495045944e+00,2.460703367687999688e-01,5.935253069445771690e-01,0.000000000000000000e+00
2.885000000000000142e+01,1.371296250614491452e+00,2.460702995681999794e-01,5.935234407076802610e-01,0.000000000000000000e+00
2.890000000000000213e+01,1.371296244754431015e+00,2.460703367687999688e-01,5.935253069445771690e-01,0.000000000000000000e+00
2.895000000000000284e+01,1.371296246873876523e+00,2.460703367687999688e-01,5.935253069445771690e-01,0.000000000000000000e+00
2.900000000000000000e+01,1.371296248993322031e+00,2.460703367687999688e-01,5.935253069445771690e-01,0.000000000000000000e+00
2.905000000000000071e+01,1.371296251112767539e+00,2.460702995681999794e-01,5.935234407076802610e-01,0.000000000000000000e+00
2.910000000000000142e+01,1.371296245252707102e+00,2.460703367687999688e-01,5.935253069445771690e-01,0.000000000000000000e+00
2.915000000000000213e+01,1.371296247372152610e+00,2.460703367687999688e-01,5.935253069445771690e-01,0.000000000000000000e+00
2.920000000000000284e+01,1.371296249491598118e+00,2.460703367687999688e-01,5.935253069445771690e-01,0.000000000000000000e+00
2.925000000000000000e+01,1.371296251611043626e+00,2.460702995681999794e-01,5.935234407076802610e-01,0.000000000000000000e+00
2.930000000000000071e+01,1.371296245750983189e+00,2.460703367687999688e-01,5.935253069445771690e-01,0.000000000000000000e+00
2.935000000000000142e+01,1.371296247870428697e+00,2.460703367687999688e-01,5.935253069445771690e-01,0.000000000000000000e+00
2.940000000000000213e+01,1.371296249989874205e+00,2.460703367687999688e-01,5.935253069445771690e-01,0.000000000000000000e+00
2.945000000000000284e+01,1.371296252109319713e+00,2.460702995681999794e-01,5.935234407076802610e-01,0.000000000000000000e+00
2.950000000000000000e+01,1.371296246249259276e+00,2.460703367687999688e-01,5.935253069445771690e-01,0.000000000000000000e+00
2.955000000000000071e+01,1.371296248368704784e+00,2.460703367687999688e-01,5.935253069445771690e-01,0.000000000000000000e+00
2.960000000000000142e+01,1.371296250488150292e+00,2.460702995681999794e-01,5.935234407076802610e-01,0.000000000000000000e+00
2.965000000000000213e+01,1.371296244628089855e+00,2.460703367687999688e-01,5.935253069445771690e-01,0.000000000000000000e+00
2.970000000000000284e+01,1.371296246747535363e+00,2.460703367687999688e-01,5.935253069445771690e-01,0.000000000000000000e+00
2.975000000000000000e+01,1.371296248866980871e+00,2.460703367687999688e-01,5.935253069445771690e-01,0.000000000000000000e+00
2.980000000000000071e+01,1.371296250986426379e+00,2.460702995681999794e-01,5.935234407076802610e-01,0.000000000000000000e+00
2.985000000000000142e+01,1.371296245126365942e+00,2.460703367687999688e-01,5.935253069445771690e-01,0.000000000000000000e+00
2.990000000000000213e+01,1.371296247245811450e+00,2.460703367687999688e-01,5.935253069445771690e-01,0.000000000000000000e+00
2.995000000000000284e+01,1.371296249365256958e+00,2.460703367687999688e-01,5.935253069445771690e-01,0.000000000000000000e+00
3.000000000000000000e+01,1.371296251484702466e+00,2.460702995681999794e-01,5.935234407076802610e-01,0.000000000000000000e+00
3.005000000000000071e+01,1.371296245624642030e+00,2.460703367687999688e-01,5.935253069445771690e-01,0.000000000000000000e+00
3.010000000000000142e+01,1.371296247744087538e+00,2.460703367687999688e-01,5.935253069445771690e-01,0.000000000000000000e+00
3.015000000000000213e+01,1.371296249863533045e+00,2.460703367687999688e-01,5.935253069445771690e-01,0.000000000000000000e+00
3.020000000000000284e+01,1.371296251982978553e+00,2.460702995681999794e-01,5.935234407076802610e-01,0.000000000000000000e+00
3.025000000000000000e+01,1.371296246122918117e+00,2.460703367687999688e-01,5.935253069445771690e-01,0.000000000000000000e+00
3.030000000000000071e+01,1.371296248242363625e+00,2.460703367687999688e-01,5.935253069445771690e-01,0.000000000000000000e+00
3.035000000000000142e+01,1.371296250361809133e+00,2.460702995681999794e-01,5.935234407076802610e-01,0.000000000000000000e+00
3.040000000000000213e+01,1.371296244501748696e+00,2.460703367687999688e-01,5.935253069445771690e-01,0.000000000000000000e+00
3.045000000000000284e+01,1.371296246621194204e+00,2.460703367687999688e-01,5.935253069445771690e-01,0.000000000000000000e+00
3.050000000000000000e+01,1.371296248740639712e+00,2.460703367687999688e-01,5.935253069445771690e-01,0.000000000000000000e+00
3.055000000000000071e+01,1.371296250860085220e+00,2.460702995681999794e-01,5.935234407076802610e-01,0.000000000000000000e+00
3.060000000000000142e+01,1.371296245000024783e+00,2.460703367687999688e-01,5.935253069445771690e-01,0.000000000000000000e+00
3.065000000000000213e+01,1.371296247119470291e+00,2.460703367687999688e-01,5.935253069445771690e-01,0.000000000000000000e+00
3.070000000000000284e+01,1.371296249238915799e+00,2.460703367687999688e-01,5.935253069445771690e-01,0.000000000000000000e+00
3.075000000000000000e+01,1.371296251358361307e+00,2.460702995681999794e-01,5.935234407076802610e-01,0.000000000000000000e+00
3.080000000000000071e+01,1.371296245498300870e+00,2.460703367687999688e-01,5.935253069445771690e-01,0.000000000000000000e+00
3.085000000000000142e+01,1.371296247617746378e+00,2.460703367687999688e-01,5.935253069445771690e-01,0.000000000000000000e+00
3.090000000000000213e+01,1.371296249737191886e+00,2.460703367687999688e-01,5.935253069445771690e-01,0.000000000000000000e+00
3.095000000000000284e+01,1.371296251856637394e+00,2.460702995681999794e-01,5.935234407076802610e-01,0.000000000000000000e+00
3.100000000000000000e+01,1.371296245996576957e+00,2.460703367687999688e-01,5.935253069445771690e-01,0.000000000000000000e+00
3.105000000000000071e+01,1.371296248116022465e+00,2.460703367687999688e-01,5.935253069445771690e-01,0.000000000000000000e+00
3.110000000000000142e+01,1.371296250235467973e+00,2.460702995681999794e-01,5.935234407076802610e-01,0.000000000000000000e+00
3.115000000000000213e+01,1.371296244375407536e+00,2.460703367687999688e-01,5.935253069445771690e-01,0.000000000000000000e+00
3.120000000000000284e+01,1.371296246494852822e+00,2.460703367687999688e-01,5.935253069445771690e-01,0.000000000000000000e+00
3.125000000000000000e+01,1.371296248614298330e+00,2.460703367687999688e-01,5.935253069445771690e-01,0.000000000000000000e+00
3.130000000000000071e+01,1.371296250733743838e+00,2.460702995681999794e-01,5.935234407076802610e-01,0.000000000000000000e+00
3.135000000000000142e+01,1.371296244873683401e+00,2.460703367687999688e-01,5.935253069445771690e-01,0.000000000000000000e+00
3.140000000000000213e+01,1.371296246993128909e+00,2.460703367687999688e-01,5.935253069445771690e-01,0.000000000000000000e+00
3.145000000000000284e+01,1.371296249112574417e+00,2.460703367687999688e-01,5.935253069445771690e-01,0.000000000000000000e+00
3.150000000000000000e+01,1.371296251232019925e+00,2.460702995681999794e-01,5.935234407076802610e-01,0.000000000000000000e+00
3.155000000000000071e+01,1.371296245371959488e+00,2.460703367687999688e-01,5.935253069445771690e-01,0.000000000000000000e+00
3.160000000000000142e+01,1.371296247491404996e+00,2.460703367687999688e-01,5.935253069445771690e-01,0.000000000000000000e+00
3.165000000000000213e+01,1.371296249610850504e+00,2.460703367687999688e-01,5.935253069445771690e-01,0.000000000000000000e+00
3.170000000000000284e+01,1.371296251730296012e+00,2.460702995681999794e-01,5.935234407076802610e-01,0.000000000000000000e+00
3.175000000000000000e+01,1.371296245870235575e+00,2.460703367687999688e-01,5.935253069445771690e-01,0.000000000000000000e+00
3.180000000000000071e+01,1.371296247989681083e+00,2.460703367687999688e-01,5.935253069445771690e-01,0.000000000000000000e+00
3.185000000000000142e+01,1.371296250109126591e+00,2.460702995681999794e-01,5.935234407076802610e-01,0.000000000000000000e+00
3.190000000000000213e+01,1.371296244249066154e+00,2.460703367687999688e-01,5.935253069445771690e-01,0.000000000000000000e+00
3.195000000000000284e+01,1.371296246368511440e+00,2.460703367687999688e-01,5.935253069445771690e-01,0.000000000000000000e+00
3.200000000000000000e+01,1.371296248487956948e+00,2.460703367687999688e-01,5.935253069445771690e-01,0.000000000000000000e+00
3.205000000000000426e+01,1.371296250607402456e+00,2.460702995681999794e-01,5.935234407076802610e-01,0.000000000000000000e+00
3.210000000000000142e+01,1.371296244747342019e+00,2.460703367687999688e-01,5.935253069445771690e-01,0.000000000000000000e+00
3.214999999999999858e+01,1.371296246866787527e+00,2.460703367687999688e-01,5.935253069445771690e-01,0.000000000000000000e+00
3.220000000000000284e+01,1.371296248986233035e+00,2.460703367687999688e-01,5.935253069445771690e-01,0.000000000000000000e+00
3.225000000000000000e+01,1.371296251105678543e+00,2.460702995681999794e-01,5.935234407076802610e-01,0.000000000000000000e+00
3.230000000000000426e+01,1.371296245245618106e+00,2.460703367687999688e-01,5.935253069445771690e-01,0.000000000000000000e+00
3.235000000000000142e+01,1.371296247365063614e+00,2.460703367687999688e-01,5.935253069445771690e-01,0.000000000000000000e+00
3.239999999999999858e+01,1.371296249484509122e+00,2.460703367687999688e-01,5.935253069445771690e-01,0.000000000000000000e+00
3.245000000000000284e+01,1.371296251603954630e+00,2.460702995681999794e-01,5.935234407076802610e-01,0.000000000000000000e+00
3.250000000000000000e+01,1.371296245743894193e+00,2.460703367687999688e-01,5.935253069445771690e-01,0.000000000000000000e+00
3.255000000000000426e+01,1.371296247863339701e+00,2.460703367687999688e-01,5.935253069445771690e-01,0.000000000000000000e+00
3.260000000000000142e+01,1.371296249982785209e+00,2.460703367687999688e-01,5.935253069445771690e-01,0.000000000000000000e+00
3.264999999999999858e+01,1.371296252102230717e+00,2.460702995681999794e-01,5.935234407076802610e-01,0.000000000000000000e+00
3.270000000000000284e+01,1.371296246242170280e+00,2.460703367687999688e-01,5.935253069445771690e-01,0.000000000000000000e+00
3.275000000000000000e+01,1.371296248361615788e+00,2.460703367687999688e-01,5.935253069445771690e-01,0.000000000000000000e+00
3.280000000000000426e+01,1.371296250481061296e+00,2.460702995681999794e-01,5.935234407076802610e-01,0.000000000000000000e+00
3.285000000000000142e+01,1.371296244621000859e+00,2.460703367687999688e-01,5.935253069445771690e-01,0.000000000000000000e+00
3.289999999999999858e+01,1.371296246740446367e+00,2.460703367687999688e-01,5.935253069445771690e-01,0.000000000000000000e+00
3.295000000000000284e+01,1.371296248859891875e+00,2.460703367687999688e-01,5.935253069445771690e-01,0.000000000000000000e+00
3.300000000000000000e+01,1.371296250979337383e+00,2.460702995681999794e-01,5.935234407076802610e-01,0.000000000000000000e+00
3.305000000000000426e+01,1.371296245119276946e+00,2.460703367687999688e-01,5.935253069445771690e-01,0.000000000000000000e+00
3.310000000000000142e+01,1.371296247238722454e+00,2.460703367687999688e-01,5.935253069445771690e-01,0.000000000000000000e+00
3.314999999999999858e+01,1.371296249358167962e+00,2.460703367687999688e-01,5.935253069445771690e-01,0.000000000000000000e+00
3.320000000000000284e+01,1.371296251477613470e+00,2.460702995681999794e-01,5.935234407076802610e-01,0.000000000000000000e+00
3.325000000000000000e+01,1.371296245617553033e+00,2.460703367687999688e-01,5.935253069445771690e-01,0.000000000000000000e+00
3.330000000000000426e+01,1.371296247736998541e+00,2.460703367687999688e-01,5.935253069445771690e-01,0.000000000000000000e+00
3.335000000000000142e+01,1.371296249856444049e+00,2.460703367687999688e-01,5.935253069445771690e-01,0.000000000000000000e+00
3.339999999999999858e+01,1.371296251975889557e+00,2.460702995681999794e-01,5.935234407076802610e-01,0.000000000000000000e+00
3.345000000000000284e+01,1.371296246115829121e+00,2.460703367687999688e-01,5.935253069445771690e-01,0.000000000000000000e+00
3.350000000000000000e+01,1.371296248235274629e+00,2.460703367687999688e-01,5.935253069445771690e-01,0.000000000000000000e+00
3.355000000000000426e+01,1.371296250354720136e+00,2.460702995681999794e-01,5.935234407076802610e-01,0.000000000000000000e+00
3.360000000000000142e+01,1.371296244494659700e+00,2.460703367687999688e-01,5.935253069445771690e-01,0.000000000000000000e+00
3.364999999999999858e+01,1.371296246614105208e+00,2.460703367687999688e-01,5.935253069445771690e-01,0.000000000000000000e+00
3.370000000000000284e+01,1.371296248733550716e+00,2.460703367687999688e-01,5.935253069445771690e-01,0.000000000000000000e+00
3.375000000000000000e+01,1.371296250852996224e+00,2.460702995681999794e-01,5.935234407076802610e-01,0.000000000000000000e+00
3.380000000000000426e+01,1.371296244992935787e+00,2.460703367687999688e-01,5.935253069445771690e-01,0.000000000000000000e+00
3.385000000000000142e+01,1.371296247112381295e+00,2.460703367687999688e-01,5.935253069445771690e-01,0.000000000000000000e+00
3.389999999999999858e+01,1.371296249231826803e+00,2.460703367687999688e-01,5.935253069445771690e-01,0.000000000000000000e+00
3.395000000000000284e+01,1.371296251351272311e+00,2.460702995681999794e-01,5.935234407076802610e-01,0.000000000000000000e+00
3.400000000000000000e+01,1.371296245491211874e+00,2.460703367687999688e-01,5.935253069445771690e-01,0.000000000000000000e+00
3.405000000000000426e+01,1.371296247610657382e+00,2.460703367687999688e-01,5.935253069445771690e-01,0.000000000000000000e+00
3.410000000000000142e+01,1.371296249730102890e+00,2.460703367687999688e-01,5.935253069445771690e-01,0.000000000000000000e+00
3.414999999999999858e+01,1.371296251849548398e+00,2.460702995681999794e-01,5.935234407076802610e-01,0.000000000000000000e+00
3.420000000000000284e+01,1.371296245989487961e+00,2.460703367687999688e-01,5.935253069445771690e-01,0.000000000000000000e+00
3.425000000000000000e+01,1.371296248108933469e+00,2.460703367687999688e-01,5.935253069445771690e-01,0.000000000000000000e+00
3.430000000000000426e+01,1.371296250228378977e+00,2.460702995681999794e-01,5.935234407076802610e-01,0.000000000000000000e+00
3.435000000000000142e+01,1.371296244368318540e+00,2.460703367687999688e-01,5.935253069445771690e-01,0.000000000000000000e+00
3.439999999999999858e+01,1.371296246487763826e+00,2.460703367687999688e-01,5.935253069445771690e-01,0.000000000000000000e+00
3.445000000000000284e+01,1.371296248607209334e+00,2.460703367687999688e-01,5.935253069445771690e-01,0.000000000000000000e+00
3.450000000000000000e+01,1.371296250726654842e+00,2.460702995681999794e-01,5.935234407076802610e-01,0.000000000000000000e+00
3.455000000000000426e+01,1.371296244866594405e+00,2.460703367687999688e-01,5.935253069445771690e-01,0.000000000000000000e+00
3.460000000000000142e+01,1.371296246986039913e+00,2.460703367687999688e-01,5.935253069445771690e-01,0.000000000000000000e+00
3.464999999999999858e+01,1.371296249105485421e+00,2.460703367687999688e-01,5.935253069445771690e-01,0.000000000000000000e+00
3.470000000000000284e+01,1.371296251224930929e+00,2.460702995681999794e-01,5.935234407076802610e-01,0.000000000000000000e+00
3.475000000000000000e+01,1.371296245364870492e+00,2.460703367687999688e-01,5.935253069445771690e-01,0.000000000000000000e+00
3.480000000000000426e+01,1.371296247484316000e+00,2.460703367687999688e-01,5.935253069445771690e-01,0.000000000000000000e+00
3.485000000000000142e+01,1.371296249603761508e+00,2.460703367687999688e-01,5.935253069445771690e-01,0.000000000000000000e+00
3.489999999999999858e+01,1.371296251723207016e+00,2.460702995681999794e-01,5.935234407076802610e-01,0.000000000000000000e+00
3.495000000000000284e+01,1.371296245863146579e+00,2.460703367687999688e-01,5.935253069445771690e-01,0.000000000000000000e+00
3.500000000000000000e+01,1.371296247982592087e+00,2.460703367687999688e-01,5.935253069445771690e-01,0.000000000000000000e+00
3.505000000000000426e+01,1.371296250102037595e+00,2.460702995681999794e-01,5.935234407076802610e-01,0.000000000000000000e+00
3.510000000000000142e+01,1.371296244241977158e+00,2.460703367687999688e-01,5.935253069445771690e-01,0.000000000000000000e+00
3.514999999999999858e+01,1.371296246361422444e+00,2.460703367687999688e-01,5.935253069445771690e-01,0.000000000000000000e+00
3.520000000000000284e+01,1.371296248480867952e+00,2.460703367687999688e-01,5.935253069445771690e-01,0.000000000000000000e+00
3.525000000000000000e+01,1.371296250600313460e+00,2.460702995681999794e-01,5.935234407076802610e-01,0.000000000000000000e+00
3.530000000000000426e+01,1.371296244740253023e+00,2.460703367687999688e-01,5.935253069445771690e-01,0.000000000000000000e+00
3.535000000000000142e+01,1.371296246859698531e+00,2.460703367687999688e-01,5.935253069445771690e-01,0.000000000000000000e+00
3.539999999999999858e+01,1.371296248979144039e+00,2.460703367687999688e-01,5.935253069445771690e-01,0.000000000000000000e+00
3.545000000000000284e+01,1.371296251098589547e+00,2.460702995681999794e-01,5.935234407076802610e-01,0.000000000000000000e+00
3.550000000000000000e+01,1.371296245238529110e+00,2.460703367687999688e-01,5.935253069445771690e-01,0.000000000000000000e+00
3.555000000000000426e+01,1.371296247357974618e+00,2.460703367687999688e-01,5.935253069445771690e-01,0.000000000000000000e+00
3.560000000000000142e+01,1.371296249477420126e+00,2.460703367687999688e-01,5.935253069445771690e-01,0.000000000000000000e+00
3.564999999999999858e+01,1.371296251596865634e+00,2.460702995681999794e-01,5.935234407076802610e-01,0.000000000000000000e+00
3.570000000000000284e+01,1.371296245736805197e+00,2.460703367687999688e-01,5.935253069445771690e-01,0.000000000000000000e+00
3.575000000000000000e+01,1.371296247856250705e+00,2.460703367687999688e-01,5.935253069445771690e-01,0.000000000000000000e+00
3.580000000000000426e+01,1.371296249975696213e+00,2.460703367687999688e-01,5.935253069445771690e-01,0.000000000000000000e+00
3.585000000000000142e+01,1.371296252095141721e+00,2.460702995681999794e-01,5.935234407076802610e-01,0.000000000000000000e+00
3.589999999999999858e+01,1.371296246235081284e+00,2.460703367687999688e-01,5.935253069445771690e-01,0.000000000000000000e+00
3.595000000000000284e+01,1.371296248354526792e+00,2.460703367687999688e-01,5.935253069445771690e-01,0.000000000000000000e+00
3.600000000000000000e+01,1.371296250473972300e+00,2.460702995681999794e-01,5.935234407076802610e-01,0.000000000000000000e+00
3.605000000000000426e+01,1.371296244613911863e+00,2.460703367687999688e-01,5.935253069445771690e-01,0.000000000000000000e+00
3.610000000000000142e+01,1.371296246733357371e+00,2.460703367687999688e-01,5.935253069445771690e-01,0.000000000000000000e+00
3.614999999999999858e+01,1.371296248852802879e+00,2.460703367687999688e-01,5.935253069445771690e-01,0.000000000000000000e+00
3.620000000000000284e+01,1.371296250972248387e+00,2.460702995681999794e-01,5.935234407076802610e-01,0.000000000000000000e+00
3.625000000000000000e+01,1.371296245112187950e+00,2.460703367687999688e-01,5.935253069445771690e-01,0.000000000000000000e+00
3.630000000000000426e+01,1.371296247231633458e+00,2.460703367687999688e-01,5.935253069445771690e-01,0.000000000000000000e+00
3.635000000000000142e+01,1.371296249351078966e+00,2.460703367687999688e-01,5.935253069445771690e-01,0.000000000000000000e+00
3.639999999999999858e+01,1.371296251470524474e+00,2.460702995681999794e-01,5.935234407076802610e-01,0.000000000000000000e+00
3.645000000000000284e+01,1.371296245610464037e+00,2.460703367687999688e-01,5.935253069445771690e-01,0.000000000000000000e+00
3.650000000000000000e+01,1.371296247729909545e+00,2.460703367687999688e-01,5.935253069445771690e-01,0.000000000000000000e+00
3.655000000000000426e+01,1.371296249849355053e+00,2.460703367687999688e-01,5.935253069445771690e-01,0.000000000000000000e+00
3.660000000000000142e+01,1.371296251968800561e+00,2.460702995681999794e-01,5.935234407076802610e-01,0.000000000000000000e+00
3.664999999999999858e+01,1.371296246108740124e+00,2.460703367687999688e-01,5.935253069445771690e-01,0.000000000000000000e+00
3.670000000000000284e+01,1.371296248228185632e+00,2.460703367687999688e-01,5.935253069445771690e-01,0.000000000000000000e+00
3.675000000000000000e+01,1.371296250347631140e+00,2.460702995681999794e-01,5.935234407076802610e-01,0.000000000000000000e+00
3.680000000000000426e+01,1.371296244487570704e+00,2.460703367687999688e-01,5.935253069445771690e-01,0.000000000000000000e+00
3.685000000000000142e+01,1.371296246607016212e+00,2.460703367687999688e-01,5.935253069445771690e-01,0.000000000000000000e+00
3.689999999999999858e+01,1.371296248726461720e+00,2.460703367687999688e-01,5.935253069445771690e-01,0.000000000000000000e+00
3.695000000000000284e+01,1.371296250845907228e+00,2.460702995681999794e-01,5.935234407076802610e-01,0.000000000000000000e+00
3.700000000000000000e+01,1.371296244985846791e+00,2.460703367687999688e-01,5.935253069445771690e-01,0.000000000000000000e+00
3.705000000000000426e+01,1.371296247105292299e+00,2.460703367687999688e-01,5.935253069445771690e-01,0.000000000000000000e+00
3.710000000000000142e+01,1.371296249224737807e+00,2.460703367687999688e-01,5.935253069445771690e-01,0.000000000000000000e+00
3.714999999999999858e+01,1.371296251344183315e+00,2.460702995681999794e-01,5.935234407076802610e-01,0.000000000000000000e+00
3.720000000000000284e+01,1.371296245484122878e+00,2.460703367687999688e-01,5.935253069445771690e-01,0.000000000000000000e+00
3.725000000000000000e+01,1.371296247603568386e+00,2.460703367687999688e-01,5.935253069445771690e-01,0.000000000000000000e+00
3.730000000000000426e+01,1.371296249723013894e+00,2.460703367687999688e-01,5.935253069445771690e-01,0.000000000000000000e+00
3.735000000000000142e+01,1.371296251842459402e+00,2.460702995681999794e-01,5.935234407076802610e-01,0.000000000000000000e+00
3.739999999999999858e+01,1.371296245982398965e+00,2.460703367687999688e-01,5.935253069445771690e-01,0.000000000000000000e+00
3.745000000000000284e+01,1.371296248101844473e+00,2.460703367687999688e-01,5.935253069445771690e-01,0.000000000000000000e+00
3.750000000000000000e+01,1.371296250221289981e+00,2.460702995681999794e-01,5.935234407076802610e-01,0.000000000000000000e+00
3.755000000000000426e+01,1.371296244361229544e+00,2.460703367687999688e-01,5.935253069445771690e-01,0.000000000000000000e+00
3.760000000000000142e+01,1.371296246480674830e+00,2.460703367687999688e-01,5.935253069445771690e-01,0.000000000000000000e+00
3.764999999999999858e+01,1.371296248600120338e+00,2.460703367687999688e-01,5.935253069445771690e-01,0.000000000000000000e+00
3.770000000000000284e+01,1.371296250719565846e+00,2.460702995681999794e-01,5.935234407076802610e-01,0.000000000000000000e+00
3.775000000000000000e+01,1.371296244859505409e+00,2.460703367687999688e-01,5.935253069445771690e-01,0.000000000000000000e+00
3.780000000000000426e+01,1.371296246978950917e+00,2.460703367687999688e-01,5.935253069445771690e-01,0.000000000000000000e+00
3.785000000000000142e+01,1.371296249098396425e+00,2.460703367687999688e-01,5.935253069445771690e-01,0.000000000000000000e+00
3.789999999999999858e+01,1.371296251217841933e+00,2.460702995681999794e-01,5.935234407076802610e-01,0.000000000000000000e+00
3.795000000000000284e+01,1.371296245357781496e+00,2.460703367687999688e-01,5.935253069445771690e-01,0.000000000000000000e+00
3.800000000000000000e+01,1.371296247477227004e+00,2.460703367687999688e-01,5.935253069445771690e-01,0.000000000000000000e+00
3.805000000000000426e+01,1.371296249596672512e+00,2.460703367687999688e-01,5.935253069445771690e-01,0.000000000000000000e+00
3.810000000000000142e+01,1.371296251716118020e+00,2.460702995681999794e-01,5.935234407076802610e-01,0.000000000000000000e+00
3.814999999999999858e+01,1.371296245856057583e+00,2.460703367687999688e-01,5.935253069445771690e-01,0.000000000000000000e+00
3.820000000000000284e+01,1.371296247975503091e+00,2.460703367687999688e-01,5.935253069445771690e-01,0.000000000000000000e+00
3.825000000000000000e+01,1.371296250094948599e+00,2.460702995681999794e-01,5.935234407076802610e-01,0.000000000000000000e+00
3.830000000000000426e+01,1.371296244234888162e+00,2.460703367687999688e-01,5.935253069445771690e-01,0.000000000000000000e+00
3.835000000000000142e+01,1.371296246354333448e+00,2.460703367687999688e-01,5.935253069445771690e-01,0.000000000000000000e+00
3.840000000000000568e+01,1.371296248473778956e+00,2.460703367687999688e-01,5.935253069445771690e-01,0.000000000000000000e+00
3.845000000000000284e+01,1.371296250593224464e+00,2.460702995681999794e-01,5.935234407076802610e-01,0.000000000000000000e+00
3.850000000000000000e+01,1.371296244733164027e+00,2.460703367687999688e-01,5.935253069445771690e-01,0.000000000000000000e+00
3.855000000000000426e+01,1.371296246852609535e+00,2.460703367687999688e-01,5.935253069445771690e-01,0.000000000000000000e+00
3.860000000000000142e+01,1.371296248972055043e+00,2.460703367687999688e-01,5.935253069445771690e-01,0.000000000000000000e+00
3.865000000000000568e+01,1.371296251091500551e+00,2.460702995681999794e-01,5.935234407076802610e-01,0.000000000000000000e+00
3.870000000000000284e+01,1.371296245231440114e+00,2.460703367687999688e-01,5.935253069445771690e-01,0.000000000000000000e+00
3.875000000000000000e+01,1.371296247350885622e+00,2.460703367687999688e-01,5.935253069445771690e-01,0.000000000000000000e+00
3.880000000000000426e+01,1.371296249470331130e+00,2.460703367687999688e-01,5.935253069445771690e-01,0.000000000000000000e+00
3.885000000000000142e+01,1.371296251589776638e+00,2.460702995681999794e-01,5.935234407076802610e-01,0.000000000000000000e+00
3.890000000000000568e+01,1.371296245729716201e+00,2.460703367687999688e-01,5.935253069445771690e-01,0.000000000000000000e+00
3.895000000000000284e+01,1.371296247849161709e+00,2.460703367687999688e-01,5.935253069445771690e-01,0.000000000000000000e+00
3.900000000000000000e+01,1.371296249968607217e+00,2.460703367687999688e-01,5.935253069445771690e-01,0.000000000000000000e+00
3.905000000000000426e+01,1.371296252088052725e+00,2.460702995681999794e-01,5.935234407076802610e-01,0.000000000000000000e+00
3.910000000000000142e+01,1.371296246227992288e+00,2.460703367687999688e-01,5.935253069445771690e-01,0.000000000000000000e+00
3.915000000000000568e+01,1.371296248347437796e+00,2.460703367687999688e-01,5.935253069445771690e-01,0.000000000000000000e+00
3.920000000000000284e+01,1.371296250466883304e+00,2.460702995681999794e-01,5.935234407076802610e-01,0.000000000000000000e+00
3.925000000000000000e+01,1.371296244606822867e+00,2.460703367687999688e-01,5.935253069445771690e-01,0.000000000000000000e+00
3.930000000000000426e+01,1.371296246726268375e+00,2.460703367687999688e-01,5.935253069445771690e-01,0.000000000000000000e+00
3.935000000000000142e+01,1.371296248845713883e+00,2.460703367687999688e-01,5.935253069445771690e-01,0.000000000000000000e+00
3.940000000000000568e+01,1.371296250965159391e+00,2.460702995681999794e-01,5.935234407076802610e-01,0.000000000000000000e+00
3.945000000000000284e+01,1.371296245105098954e+00,2.460703367687999688e-01,5.935253069445771690e-01,0.000000000000000000e+00
3.950000000000000000e+01,1.371296247224544462e+00,2.460703367687999688e-01,5.935253069445771690e-01,0.000000000000000000e+00
3.955000000000000426e+01,1.371296249343989970e+00,2.460703367687999688e-01,5.935253069445771690e-01,0.000000000000000000e+00
3.960000000000000142e+01,1.371296251463435478e+00,2.460702995681999794e-01,5.935234407076802610e-01,0.000000000000000000e+00
3.965000000000000568e+01,1.371296245603375041e+00,2.460703367687999688e-01,5.935253069445771690e-01,0.000000000000000000e+00
3.970000000000000284e+01,1.371296247722820549e+00,2.460703367687999688e-01,5.935253069445771690e-01,0.000000000000000000e+00
3.975000000000000000e+01,1.371296249842266057e+00,2.460703367687999688e-01,5.935253069445771690e-01,0.000000000000000000e+00
3.980000000000000426e+01,1.371296251961711565e+00,2.460702995681999794e-01,5.935234407076802610e-01,0.000000000000000000e+00
3.985000000000000142e+01,1.371296246101651128e+00,2.460703367687999688e-01,5.935253069445771690e-01,0.000000000000000000e+00
3.990000000000000568e+01,1.371296248221096636e+00,2.460703367687999688e-01,5.935253069445771690e-01,0.000000000000000000e+00
3.995000000000000284e+01,1.371296250340542144e+00,2.460702995681999794e-01,5.935234407076802610e-01,0.000000000000000000e+00
4.000000000000000000e+01,1.371296244480481707e+00,2.460703367687999688e-01,5.935253069445771690e-01,0.000000000000000000e+00
4.005000000000000426e+01,1.371296246599927215e+00,2.460703367687999688e-01,5.935253069445771690e-01,0.000000000000000000e+00
4.010000000000000142e+01,1.371296248719372723e+00,2.460703367687999688e-01,5.935253069445771690e-01,0.000000000000000000e+00
4.015000000000000568e+01,1.371296250838818231e+00,2.460702995681999794e-01,5.935234407076802610e-01,0.000000000000000000e+00
4.020000000000000284e+01,1.371296244978757795e+00,2.460703367687999688e-01,5.935253069445771690e-01,0.000000000000000000e+00
4.025000000000000000e+01,1.371296247098203303e+00,2.460703367687999688e-01,5.935253069445771690e-01,0.000000000000000000e+00
4.030000000000000426e+01,1.371296249217648811e+00,2.460703367687999688e-01,5.935253069445771690e-01,0.000000000000000000e+00
4.035000000000000142e+01,1.371296251337094319e+00,2.460702995681999794e-01,5.935234407076802610e-01,0.000000000000000000e+00
4.040000000000000568e+01,1.371296245477033882e+00,2.460703367687999688e-01,5.935253069445771690e-01,0.000000000000000000e+00
4.045000000000000284e+01,1.371296247596479390e+00,2.460703367687999688e-01,5.935253069445771690e-01,0.000000000000000000e+00
4.050000000000000000e+01,1.371296249715924898e+00,2.460703367687999688e-01,5.935253069445771690e-01,0.000000000000000000e+00
4.055000000000000426e+01,1.371296251835370406e+00,2.460702995681999794e-01,5.935234407076802610e-01,0.000000000000000000e+00
4.060000000000000142e+01,1.371296245975309969e+00,2.460703367687999688e-01,5.935253069445771690e-01,0.000000000000000000e+00
4.065000000000000568e+01,1.371296248094755477e+00,2.460703367687999688e-01,5.935253069445771690e-01,0.000000000000000000e+00
4.070000000000000284e+01,1.371296250214200985e+00,2.460702995681999794e-01,5.935234407076802610e-01,0.000000000000000000e+00
4.075000000000000000e+01,1.371296244354140548e+00,2.460703367687999688e-01,5.935253069445771690e-01,0.000000000000000000e+00
4.080000000000000426e+01,1.371296246473585834e+00,2.460703367687999688e-01,5.935253069445771690e-01,0.000000000000000000e+00
4.085000000000000142e+01,1.371296248593031342e+00,2.460703367687999688e-01,5.935253069445771690e-01,0.000000000000000000e+00
4.090000000000000568e+01,1.371296250712476850e+00,2.460702995681999794e-01,5.935234407076802610e-01,0.000000000000000000e+00
4.095000000000000284e+01,1.371296244852416413e+00,2.460703367687999688e-01,5.935253069445771690e-01,0.000000000000000000e+00
4.100000000000000000e+01,1.371296246971861921e+00,2.460703367687999688e-01,5.935253069445771690e-01,0.000000000000000000e+00
4.105000000000000426e+01,1.371296249091307429e+00,2.460703367687999688e-01,5.935253069445771690e-01,0.000000000000000000e+00
4.110000000000000142e+01,1.371296251210752937e+00,2.460702995681999794e-01,5.935234407076802610e-01,0.000000000000000000e+00
4.115000000000000568e+01,1.371296245350692500e+00,2.460703367687999688e-01,5.935253069445771690e-01,0.000000000000000000e+00
4.120000000000000284e+01,1.371296247470138008e+00,2.460703367687999688e-01,5.935253069445771690e-01,0.000000000000000000e+00
4.125000000000000000e+01,1.371296249589583516e+00,2.460703367687999688e-01,5.935253069445771690e-01,0.000000000000000000e+00
4.130000000000000426e+01,1.371296251709029024e+00,2.460702995681999794e-01,5.935234407076802610e-01,0.000000000000000000e+00
4.135000000000000142e+01,1.371296245848968587e+00,2.460703367687999688e-01,5.935253069445771690e-01,0.000000000000000000e+00
4.140000000000000568e+01,1.371296247968414095e+00,2.460703367687999688e-01,5.935253069445771690e-01,0.000000000000000000e+00
4.145000000000000284e+01,1.371296250087859603e+00,2.460702995681999794e-01,5.935234407076802610e-01,0.000000000000000000e+00
4.150000000000000000e+01,1.371296244227799166e+00,2.460703367687999688e-01,5.935253069445771690e-01,0.000000000000000000e+00
4.155000000000000426e+01,1.371296246347244452e+00,2.460703367687999688e-01,5.935253069445771690e-01,0.000000000000000000e+00
4.160000000000000142e+01,1.371296248466689960e+00,2.460703367687999688e-01,5.935253069445771690e-01,0.000000000000000000e+00
4.165000000000000568e+01,1.371296250586135468e+00,2.460702995681999794e-01,5.935234407076802610e-01,0.000000000000000000e+00
4.170000000000000284e+01,1.371296244726075031e+00,2.460703367687999688e-01,5.935253069445771690e-01,0.000000000000000000e+00
4.175000000000000000e+01,1.371296246845520539e+00,2.460703367687999688e-01,5.935253069445771690e-01,0.000000000000000000e+00
4.180000000000000426e+01,1.371296248964966047e+00,2.460703367687999688e-01,5.935253069445771690e-01,0.000000000000000000e+00
4.185000000000000142e+01,1.371296251084411555e+00,2.460702995681999794e-01,5.935234407076802610e-01,0.000000000000000000e+00
4.190000000000000568e+01,1.371296245224351118e+00,2.460703367687999688e-01,5.935253069445771690e-01,0.000000000000000000e+00
4.195000000000000284e+01,1.371296247343796626e+00,2.460703367687999688e-01,5.935253069445771690e-01,0.000000000000000000e+00
4.200000000000000000e+01,1.371296249463242134e+00,2.460703367687999688e-01,5.935253069445771690e-01,0.000000000000000000e+00
4.205000000000000426e+01,1.371296251582687642e+00,2.460702995681999794e-01,5.935234407076802610e-01,0.000000000000000000e+00
4.210000000000000142e+01,1.371296245722627205e+00,2.460703367687999688e-01,5.935253069445771690e-01,0.000000000000000000e+00
4.215000000000000568e+01,1.371296247842072713e+00,2.460703367687999688e-01,5.935253069445771690e-01,0.000000000000000000e+00
4.220000000000000284e+01,1.371296249961518221e+00,2.460703367687999688e-01,5.935253069445771690e-01,0.000000000000000000e+00
4.225000000000000000e+01,1.371296252080963729e+00,2.460702995681999794e-01,5.935234407076802610e-01,0.000000000000000000e+00
4.230000000000000426e+01,1.371296246220903292e+00,2.460703367687999688e-01,5.935253069445771690e-01,0.000000000000000000e+00
4.235000000000000142e+01,1.371296248340348800e+00,2.460703367687999688e-01,5.935253069445771690e-01,0.000000000000000000e+00
4.240000000000000568e+01,1.371296250459794308e+00,2.460702995681999794e-01,5.935234407076802610e-01,0.000000000000000000e+00
4.245000000000000284e+01,1.371296244599733871e+00,2.460703367687999688e-01,5.935253069445771690e-01,0.000000000000000000e+00
4.250000000000000000e+01,1.371296246719179379e+00,2.460703367687999688e-01,5.935253069445771690e-01,0.000000000000000000e+00
4.255000000000000426e+01,1.371296248838624887e+00,2.460703367687999688e-01,5.935253069445771690e-01,0.000000000000000000e+00
4.260000000000000142e+01,1.371296250958070395e+00,2.460702995681999794e-01,5.935234407076802610e-01,0.000000000000000000e+00
4.265000000000000568e+01,1.371296245098009958e+00,2.460703367687999688e-01,5.935253069445771690e-01,0.000000000000000000e+00
4.270000000000000284e+01,1.371296247217455466e+00,2.460703367687999688e-01,5.935253069445771690e-01,0.000000000000000000e+00
4.275000000000000000e+01,1.371296249336900974e+00,2.460703367687999688e-01,5.935253069445771690e-01,0.000000000000000000e+00
4.280000000000000426e+01,1.371296251456346482e+00,2.460702995681999794e-01,5.935234407076802610e-01,0.000000000000000000e+00
4.285000000000000142e+01,1.371296245596286045e+00,2.460703367687999688e-01,5.935253069445771690e-01,0.000000000000000000e+00
4.290000000000000568e+01,1.371296247715731553e+00,2.460703367687999688e-01,5.935253069445771690e-01,0.000000000000000000e+00
4.295000000000000284e+01,1.371296249835177061e+00,2.460703367687999688e-01,5.935253069445771690e-01,0.000000000000000000e+00
4.300000000000000000e+01,1.371296251954622569e+00,2.460702995681999794e-01,5.935234407076802610e-01,0.000000000000000000e+00
4.305000000000000426e+01,1.371296246094562132e+00,2.460703367687999688e-01,5.935253069445771690e-01,0.000000000000000000e+00
4.310000000000000142e+01,1.371296248214007640e+00,2.460703367687999688e-01,5.935253069445771690e-01,0.000000000000000000e+00
4.315000000000000568e+01,1.371296250333453148e+00,2.460702995681999794e-01,5.935234407076802610e-01,0.000000000000000000e+00
4.320000000000000284e+01,1.371296244473392711e+00,2.460703367687999688e-01,5.935253069445771690e-01,0.000000000000000000e+00
4.325000000000000000e+01,1.371296246592838219e+00,2.460703367687999688e-01,5.935253069445771690e-01,0.000000000000000000e+00
4.330000000000000426e+01,1.371296248712283727e+00,2.460703367687999688e-01,5.935253069445771690e-01,0.000000000000000000e+00
4.335000000000000142e+01,1.371296250831729235e+00,2.460702995681999794e-01,5.935234407076802610e-01,0.000000000000000000e+00
4.340000000000000568e+01,1.371296244971668798e+00,2.460703367687999688e-01,5.935253069445771690e-01,0.000000000000000000e+00
4.345000000000000284e+01,1.371296247091114306e+00,2.460703367687999688e-01,5.935253069445771690e-01,0.000000000000000000e+00
4.350000000000000000e+01,1.371296249210559814e+00,2.460703367687999688e-01,5.935253069445771690e-01,0.000000000000000000e+00
4.355000000000000426e+01,1.371296251330005322e+00,2.460702995681999794e-01,5.935234407076802610e-01,0.000000000000000000e+00
4.360000000000000142e+01,1.371296245469944886e+00,2.460703367687999688e-01,5.935253069445771690e-01,0.000000000000000000e+00
4.365000000000000568e+01,1.371296247589390394e+00,2.460703367687999688e-01,5.935253069445771690e-01,0.000000000000000000e+00
4.370000000000000284e+01,1.371296249708835902e+00,2.460703367687999688e-01,5.935253069445771690e-01,0.000000000000000000e+00
4.375000000000000000e+01,1.371296251828281410e+00,2.460702995681999794e-01,5.935234407076802610e-01,0.000000000000000000e+00
4.380000000000000426e+01,1.371296245968220973e+00,2.460703367687999688e-01,5.935253069445771690e-01,0.000000000000000000e+00
4.385000000000000142e+01,1.371296248087666481e+00,2.460703367687999688e-01,5.935253069445771690e-01,0.000000000000000000e+00
4.390000000000000568e+01,1.371296250207111989e+00,2.460702995681999794e-01,5.935234407076802610e-01,0.000000000000000000e+00
4.395000000000000284e+01,1.371296244347051552e+00,2.460703367687999688e-01,5.935253069445771690e-01,0.000000000000000000e+00
4.400000000000000000e+01,1.371296246466496838e+00,2.460703367687999688e-01,5.935253069445771690e-01,0.000000000000000000e+00
4.405000000000000426e+01,1.371296248585942346e+00,2.460703367687999688e-01,5.935253069445771690e-01,0.000000000000000000e+00
4.410000000000000142e+01,1.371296250705387854e+00,2.460702995681999794e-01,5.935234407076802610e-01,0.000000000000000000e+00
4.415000000000000568e+01,1.371296244845327417e+00,2.460703367687999688e-01,5.935253069445771690e-01,0.000000000000000000e+00
4.420000000000000284e+01,1.371296246964772925e+00,2.460703367687999688e-01,5.935253069445771690e-01,0.000000000000000000e+00
4.425000000000000000e+01,1.371296249084218433e+00,2.460703367687999688e-01,5.935253069445771690e-01,0.000000000000000000e+00
4.430000000000000426e+01,1.371296251203663941e+00,2.460702995681999794e-01,5.935234407076802610e-01,0.000000000000000000e+00
4.435000000000000142e+01,1.371296245343603504e+00,2.460703367687999688e-01,5.935253069445771690e-01,0.000000000000000000e+00
4.440000000000000568e+01,1.371296247463049012e+00,2.460703367687999688e-01,5.935253069445771690e-01,0.000000000000000000e+00
4.445000000000000284e+01,1.371296249582494520e+00,2.460703367687999688e-01,5.935253069445771690e-01,0.000000000000000000e+00
4.450000000000000000e+01,1.371296251701940028e+00,2.460702995681999794e-01,5.935234407076802610e-01,0.000000000000000000e+00
4.455000000000000426e+01,1.371296245841879591e+00,2.460703367687999688e-01,5.935253069445771690e-01,0.000000000000000000e+00
4.460000000000000142e+01,1.371296247961325099e+00,2.460703367687999688e-01,5.935253069445771690e-01,0.000000000000000000e+00
4.465000000000000568e+01,1.371296250080770607e+00,2.460702995681999794e-01,5.935234407076802610e-01,0.000000000000000000e+00
4.470000000000000284e+01,1.371296244220710170e+00,2.460703367687999688e-01,5.935253069445771690e-01,0.000000000000000000e+00
4.475000000000000000e+01,1.371296246340155456e+00,2.460703367687999688e-01,5.935253069445771690e-01,0.000000000000000000e+00
4.480000000000000426e+01,1.371296248459600964e+00,2.460703367687999688e-01,5.935253069445771690e-01,0.000000000000000000e+00
4.485000000000000142e+01,1.371296250579046472e+00,2.460702995681999794e-01,5.935234407076802610e-01,0.000000000000000000e+00
4.490000000000000568e+01,1.371296244718986035e+00,2.460703367687999688e-01,5.935253069445771690e-01,0.000000000000000000e+00
4.495000000000000284e+01,1.371296246838431543e+00,2.460703367687999688e-01,5.935253069445771690e-01,0.000000000000000000e+00
4.500000000000000000e+01,1.371296248957877051e+00,2.460703367687999688e-01,5.935253069445771690e-01,0.000000000000000000e+00
4.505000000000000426e+01,1.371296251077322559e+00,2.460702995681999794e-01,5.935234407076802610e-01,0.000000000000000000e+00
4.510000000000000142e+01,1.371296245217262122e+00,2.460703367687999688e-01,5.935253069445771690e-01,0.000000000000000000e+00
4.515000000000000568e+01,1.371296247336707630e+00,2.460703367687999688e-01,5.935253069445771690e-01,0.000000000000000000e+00
4.520000000000000284e+01,1.371296249456153138e+00,2.460703367687999688e-01,5.935253069445771690e-01,0.000000000000000000e+00
4.525000000000000000e+01,1.371296251575598646e+00,2.460702995681999794e-01,5.935234407076802610e-01,0.000000000000000000e+00
4.530000000000000426e+01,1.371296245715538209e+00,2.460703367687999688e-01,5.935253069445771690e-01,0.000000000000000000e+00
4.535000000000000142e+01,1.371296247834983717e+00,2.460703367687999688e-01,5.935253069445771690e-01,0.000000000000000000e+00
4.540000000000000568e+01,1.371296249954429225e+00,2.460703367687999688e-01,5.935253069445771690e-01,0.000000000000000000e+00
4.545000000000000284e+01,1.371296252073874733e+00,2.460702995681999794e-01,5.935234407076802610e-01,0.000000000000000000e+00
4.550000000000000000e+01,1.371296246213814296e+00,2.460703367687999688e-01,5.935253069445771690e-01,0.000000000000000000e+00
4.555000000000000426e+01,1.371296248333259804e+00,2.460703367687999688e-01,5.935253069445771690e-01,0.000000000000000000e+00
4.560000000000000142e+01,1.371296250452705312e+00,2.460702995681999794e-01,5.935234407076802610e-01,0.000000000000000000e+00
4.565000000000000568e+01,1.371296244592644875e+00,2.460703367687999688e-01,5.935253069445771690e-01,0.000000000000000000e+00
4.570000000000000284e+01,1.371296246712090383e+00,2.460703367687999688e-01,5.935253069445771690e-01,0.000000000000000000e+00
4.575000000000000000e+01,1.371296248831535891e+00,2.460703367687999688e-01,5.935253069445771690e-01,0.000000000000000000e+00
4.580000000000000426e+01,1.371296250950981399e+00,2.460702995681999794e-01,5.935234407076802610e-01,0.000000000000000000e+00
4.585000000000000142e+01,1.371296245090920962e+00,2.460703367687999688e-01,5.935253069445771690e-01,0.000000000000000000e+00
4.590000000000000568e+01,1.371296247210366470e+00,2.460703367687999688e-01,5.935253069445771690e-01,0.000000000000000000e+00
4.595000000000000284e+01,1.371296249329811978e+00,2.460703367687999688e-01,5.935253069445771690e-01,0.000000000000000000e+00
4.600000000000000000e+01,1.371296251449257486e+00,2.460702995681999794e-01,5.935234407076802610e-01,0.000000000000000000e+00
4.605000000000000426e+01,1.371296245589197049e+00,2.460703367687999688e-01,5.935253069445771690e-01,0.000000000000000000e+00
4.610000000000000142e+01,1.371296247708642557e+00,2.460703367687999688e-01,5.935253069445771690e-01,0.000000000000000000e+00
4.615000000000000568e+01,1.371296249828088065e+00,2.460703367687999688e-01,5.935253069445771690e-01,0.000000000000000000e+00
4.620000000000000284e+01,1.371296251947533573e+00,2.460702995681999794e-01,5.935234407076802610e-01,0.000000000000000000e+00
4.625000000000000000e+01,1.371296246087473136e+00,2.460703367687999688e-01,5.935253069445771690e-01,0.000000000000000000e+00
4.630000000000000426e+01,1.371296248206918644e+00,2.460703367687999688e-01,5.935253069445771690e-01,0.000000000000000000e+00
4.635000000000000142e+01,1.371296250326364152e+00,2.460702995681999794e-01,5.935234407076802610e-01,0.000000000000000000e+00
4.640000000000000568e+01,1.371296244466303715e+00,2.460703367687999688e-01,5.935253069445771690e-01,0.000000000000000000e+00
4.645000000000000284e+01,1.371296246585749223e+00,2.460703367687999688e-01,5.935253069445771690e-01,0.000000000000000000e+00
4.650000000000000000e+01,1.371296248705194731e+00,2.460703367687999688e-01,5.935253069445771690e-01,0.000000000000000000e+00
4.655000000000000426e+01,1.371296250824640239e+00,2.460702995681999794e-01,5.935234407076802610e-01,0.000000000000000000e+00
4.660000000000000142e+01,1.371296244964579802e+00,2.460703367687999688e-01,5.935253069445771690e-01,0.000000000000000000e+00
4.665000000000000568e+01,1.371296247084025310e+00,2.460703367687999688e-01,5.935253069445771690e-01,0.000000000000000000e+00
4.670000000000000284e+01,1.371296249203470818e+00,2.460703367687999688e-01,5.935253069445771690e-01,0.000000000000000000e+00
4.675000000000000000e+01,1.371296251322916326e+00,2.460702995681999794e-01,5.935234407076802610e-01,0.000000000000000000e+00
4.680000000000000426e+01,1.371296245462855889e+00,2.460703367687999688e-01,5.935253069445771690e-01,0.000000000000000000e+00
4.685000000000000142e+01,1.371296247582301397e+00,2.460703367687999688e-01,5.935253069445771690e-01,0.000000000000000000e+00
4.690000000000000568e+01,1.371296249701746905e+00,2.460703367687999688e-01,5.935253069445771690e-01,0.000000000000000000e+00
4.695000000000000284e+01,1.371296251821192413e+00,2.460702995681999794e-01,5.935234407076802610e-01,0.000000000000000000e+00
4.700000000000000000e+01,1.371296245961131977e+00,2.460703367687999688e-01,5.935253069445771690e-01,0.000000000000000000e+00
4.705000000000000426e+01,1.371296248080577485e+00,2.460703367687999688e-01,5.935253069445771690e-01,0.000000000000000000e+00
4.710000000000000142e+01,1.371296250200022993e+00,2.460702995681999794e-01,5.935234407076802610e-01,0.000000000000000000e+00
4.715000000000000568e+01,1.371296244339962556e+00,2.460703367687999688e-01,5.935253069445771690e-01,0.000000000000000000e+00
4.720000000000000284e+01,1.371296246459407842e+00,2.460703367687999688e-01,5.935253069445771690e-01,0.000000000000000000e+00
4.725000000000000000e+01,1.371296248578853350e+00,2.460703367687999688e-01,5.935253069445771690e-01,0.000000000000000000e+00
4.730000000000000426e+01,1.371296250698298858e+00,2.460702995681999794e-01,5.935234407076802610e-01,0.000000000000000000e+00
4.735000000000000142e+01,1.371296244838238421e+00,2.460703367687999688e-01,5.935253069445771690e-01,0.000000000000000000e+00
4.740000000000000568e+01,1.371296246957683929e+00,2.460703367687999688e-01,5.935253069445771690e-01,0.000000000000000000e+00
4.745000000000000284e+01,1.371296249077129437e+00,2.460703367687999688e-01,5.935253069445771690e-01,0.000000000000000000e+00
4.750000000000000000e+01,1.371296251196574945e+00,2.460702995681999794e-01,5.935234407076802610e-01,0.000000000000000000e+00
4.755000000000000426e+01,1.371296245336514508e+00,2.460703367687999688e-01,5.935253069445771690e-01,0.000000000000000000e+00
4.760000000000000142e+01,1.371296247455960016e+00,2.460703367687999688e-01,5.935253069445771690e-01,0.000000000000000000e+00
4.765000000000000568e+01,1.371296249575405524e+00,2.460703367687999688e-01,5.935253069445771690e-01,0.000000000000000000e+00
4.770000000000000284e+01,1.371296251694851032e+00,2.460702995681999794e-01,5.935234407076802610e-01,0.000000000000000000e+00
4.775000000000000000e+01,1.371296245834790595e+00,2.460703367687999688e-01,5.935253069445771690e-01,0.000000000000000000e+00
4.780000000000000426e+01,1.371296247954236103e+00,2.460703367687999688e-01,5.935253069445771690e-01,0.000000000000000000e+00
4.785000000000000142e+01,1.371296250073681611e+00,2.460702995681999794e-01,5.935234407076802610e-01,0.000000000000000000e+00
4.790000000000000568e+01,1.371296244213621174e+00,2.460703367687999688e-01,5.935253069445771690e-01,0.000000000000000000e+00
4.795000000000000284e+01,1.371296246333066460e+00,2.460703367687999688e-01,5.935253069445771690e-01,0.000000000000000000e+00
4.800000000000000000e+01,1.371296248452511968e+00,2.460703367687999688e-01,5.935253069445771690e-01,0.000000000000000000e+00
4.805000000000000426e+01,1.371296250571957476e+00,2.460702995681999794e-01,5.935234407076802610e-01,0.000000000000000000e+00
4.810000000000000142e+01,1.371296244711897039e+00,2.460703367687999688e-01,5.935253069445771690e-01,0.000000000000000000e+00
4.815000000000000568e+01,1.371296246831342547e+00,2.460703367687999688e-01,5.935253069445771690e-01,0.000000000000000000e+00
4.820000000000000284e+01,1.371296248950788055e+00,2.460703367687999688e-01,5.935253069445771690e-01,0.000000000000000000e+00
4.825000000000000000e+01,1.371296251070233563e+00,2.460702995681999794e-01,5.935234407076802610e-01,0.000000000000000000e+00
4.830000000000000426e+01,1.371296245210173126e+00,2.460703367687999688e-01,5.935253069445771690e-01,0.000000000000000000e+00
4.835000000000000142e+01,1.371296247329618634e+00,2.460703367687999688e-01,5.935253069445771690e-01,0.000000000000000000e+00
4.840000000000000568e+01,1.371296249449064142e+00,2.460703367687999688e-01,5.935253069445771690e-01,0.000000000000000000e+00
4.845000000000000284e+01,1.371296251568509650e+00,2.460702995681999794e-01,5.935234407076802610e-01,0.000000000000000000e+00
4.850000000000000000e+01,1.371296245708449213e+00,2.460703367687999688e-01,5.935253069445771690e-01,0.000000000000000000e+00
4.855000000000000426e+01,1.371296247827894721e+00,2.460703367687999688e-01,5.935253069445771690e-01,0.000000000000000000e+00
4.860000000000000142e+01,1.371296249947340229e+00,2.460703367687999688e-01,5.935253069445771690e-01,0.000000000000000000e+00
4.865000000000000568e+01,1.371296252066785737e+00,2.460702995681999794e-01,5.935234407076802610e-01,0.000000000000000000e+00
4.870000000000000284e+01,1.371296246206725300e+00,2.460703367687999688e-01,5.935253069445771690e-01,0.000000000000000000e+00
4.875000000000000000e+01,1.371296248326170808e+00,2.460703367687999688e-01,5.935253069445771690e-01,0.000000000000000000e+00
4.880000000000000426e+01,1.371296250445616316e+00,2.460702995681999794e-01,5.935234407076802610e-01,0.000000000000000000e+00
4.885000000000000142e+01,1.371296244585555879e+00,2.460703367687999688e-01,5.935253069445771690e-01,0.000000000000000000e+00
4.890000000000000568e+01,1.371296246705001387e+00,2.460703367687999688e-01,5.935253069445771690e-01,0.000000000000000000e+00
4.895000000000000284e+01,1.371296248824446895e+00,2.460703367687999688e-01,5.935253069445771690e-01,0.000000000000000000e+00
4.900000000000000000e+01,1.371296250943892403e+00,2.460702995681999794e-01,5.935234407076802610e-01,0.000000000000000000e+00
4.905000000000000426e+01,1.371296245083831966e+00,2.460703367687999688e-01,5.935253069445771690e-01,0.000000000000000000e+00
4.910000000000000142e+01,1.371296247203277474e+00,2.460703367687999688e-01,5.935253069445771690e-01,0.000000000000000000e+00
4.915000000000000568e+01,1.371296249322722982e+00,2.460703367687999688e-01,5.935253069445771690e-01,0.000000000000000000e+00
4.920000000000000284e+01,1.371296251442168490e+00,2.460702995681999794e-01,5.935234407076802610e-01,0.000000000000000000e+00
4.925000000000000000e+01,1.371296245582108053e+00,2.460703367687999688e-01,5.935253069445771690e-01,0.000000000000000000e+00
4.930000000000000426e+01,1.371296247701553561e+00,2.460703367687999688e-01,5.935253069445771690e-01,0.000000000000000000e+00
4.935000000000000142e+01,1.371296249820999069e+00,2.460703367687999688e-01,5.935253069445771690e-01,0.000000000000000000e+00
4.940000000000000568e+01,1.371296251940444577e+00,2.460702995681999794e-01,5.935234407076802610e-01,0.000000000000000000e+00
4.945000000000000284e+01,1.371296246080384140e+00,2.460703367687999688e-01,5.935253069445771690e-01,0.000000000000000000e+00
4.950000000000000000e+01,1.371296248199829648e+00,2.460703367687999688e-01,5.935253069445771690e-01,0.000000000000000000e+00
4.955000000000000426e+01,1.371296250319275156e+00,2.460702995681999794e-01,5.935234407076802610e-01,0.000000000000000000e+00
4.960000000000000142e+01,1.371296244459214719e+00,2.460703367687999688e-01,5.935253069445771690e-01,0.000000000000000000e+00
4.965000000000000568e+01,1.371296246578660227e+00,2.460703367687999688e-01,5.935253069445771690e-01,0.000000000000000000e+00
4.970000000000000284e+01,1.371296248698105735e+00,2.460703367687999688e-01,5.935253069445771690e-01,0.000000000000000000e+00
4.975000000000000000e+01,1.371296250817551243e+00,2.460702995681999794e-01,5.935234407076802610e-01,0.000000000000000000e+00
4.980000000000000426e+01,1.371296244957490806e+00,2.460703367687999688e-01,5.935253069445771690e-01,0.000000000000000000e+00
4.985000000000000142e+01,1.371296247076936314e+00,2.460703367687999688e-01,5.935253069445771690e-01,0.000000000000000000e+00
4.990000000000000568e+01,1.371296249196381822e+00,2.460703367687999688e-01,5.935253069445771690e-01,0.000000000000000000e+00
4.995000000000000284e+01,1.371296251315827330e+00,2.460702995681999794e-01,5.935234407076802610e-01,0.000000000000000000e+00
5.000000000000000000e+01,1.371296245455766893e+00,2.460703367687999688e-01,5.935253069445771690e-01,0.000000000000000000e+00
5.005000000000000426e+01,1.371296247575212401e+00,2.460703367687999688e-01,5.935253069445771690e-01,0.000000000000000000e+00
5.010000000000000142e+01,1.371296249694657909e+00,2.460703367687999688e-01,5.935253069445771690e-01,0.000000000000000000e+00
5.015000000000000568e+01,1.371296251814103417e+00,2.460702995681999794e-01,5.935234407076802610e-01,0.000000000000000000e+00
5.020000000000000284e+01,1.371296245954042980e+00,2.460703367687999688e-01,5.935253069445771690e-01,0.000000000000000000e+00
5.025000000000000000e+01,1.371296248073488488e+00,2.460703367687999688e-01,5.935253069445771690e-01,0.000000000000000000e+00
5.030000000000000426e+01,1.371296250192933996e+00,2.460702995681999794e-01,5.935234407076802610e-01,0.000000000000000000e+00
5.035000000000000142e+01,1.371296244332873560e+00,2.460703367687999688e-01,5.935253069445771690e-01,0.000000000000000000e+00
5.040000000000000568e+01,1.371296246452318845e+00,2.460703367687999688e-01,5.935253069445771690e-01,0.000000000000000000e+00
5.045000000000000284e+01,1.371296248571764353e+00,2.460703367687999688e-01,5.935253069445771690e-01,0.000000000000000000e+00
5.050000000000000000e+01,1.371296250691209861e+00,2.460702995681999794e-01,5.935234407076802610e-01,0.000000000000000000e+00
5.055000000000000426e+01,1.371296244831149425e+00,2.460703367687999688e-01,5.935253069445771690e-01,0.000000000000000000e+00
5.060000000000000142e+01,1.371296246950594933e+00,2.460703367687999688e-01,5.935253069445771690e-01,0.000000000000000000e+00
5.065000000000000568e+01,1.371296249070040441e+00,2.460703367687999688e-01,5.935253069445771690e-01,0.000000000000000000e+00
5.070000000000000284e+01,1.371296251189485949e+00,2.460702995681999794e-01,5.935234407076802610e-01,0.000000000000000000e+00
5.075000000000000000e+01,1.371296245329425512e+00,2.460703367687999688e-01,5.935253069445771690e-01,0.000000000000000000e+00
5.080000000000000426e+01,1.371296247448871020e+00,2.460703367687999688e-01,5.935253069445771690e-01,0.000000000000000000e+00
5.085000000000000142e+01,1.371296249568316528e+00,2.460703367687999688e-01,5.935253069445771690e-01,0.000000000000000000e+00
5.090000000000000568e+01,1.371296251687762036e+00,2.460702995681999794e-01,5.935234407076802610e-01,0.000000000000000000e+00
5.095000000000000284e+01,1.371296245827701599e+00,2.460703367687999688e-01,5.935253069445771690e-01,0.000000000000000000e+00
5.100000000000000000e+01,1.371296247947147107e+00,2.460703367687999688e-01,5.935253069445771690e-01,0.000000000000000000e+00
5.105000000000000426e+01,1.371296250066592615e+00,2.460702995681999794e-01,5.935234407076802610e-01,0.000000000000000000e+00
5.110000000000000142e+01,1.371296244206532178e+00,2.460703367687999688e-01,5.935253069445771690e-01,0.000000000000000000e+00
5.115000000000000568e+01,1.371296246325977464e+00,2.460703367687999688e-01,5.935253069445771690e-01,0.000000000000000000e+00
5.120000000000000284e+01,1.371296248445422972e+00,2.460703367687999688e-01,5.935253069445771690e-01,0.000000000000000000e+00
5.125000000000000000e+01,1.371296250564868480e+00,2.460702995681999794e-01,5.935234407076802610e-01,0.000000000000000000e+00
5.130000000000000426e+01,1.371296244704808043e+00,2.460703367687999688e-01,5.935253069445771690e-01,0.000000000000000000e+00
5.135000000000000142e+01,1.371296246824253551e+00,2.460703367687999688e-01,5.935253069445771690e-01,0.000000000000000000e+00
5.140000000000000568e+01,1.371296248943699059e+00,2.460703367687999688e-01,5.935253069445771690e-01,0.000000000000000000e+00
5.145000000000000284e+01,1.371296251063144567e+00,2.460702995681999794e-01,5.935234407076802610e-01,0.000000000000000000e+00
5.150000000000000000e+01,1.371296245203084130e+00,2.460703367687999688e-01,5.935253069445771690e-01,0.000000000000000000e+00
5.155000000000000426e+01,1.371296247322529638e+00,2.460703367687999688e-01,5.935253069445771690e-01,0.000000000000000000e+00
5.160000000000000142e+01,1.371296249441975146e+00,2.460703367687999688e-01,5.935253069445771690e-01,0.000000000000000000e+00
5.165000000000000568e+01,1.371296251561420654e+00,2.460702995681999794e-01,5.935234407076802610e-01,0.000000000000000000e+00
5.170000000000000284e+01,1.371296245701360217e+00,2.460703367687999688e-01,5.935253069445771690e-01,0.000000000000000000e+00
5.175000000000000000e+01,1.371296247820805725e+00,2.460703367687999688e-01,5.935253069445771690e-01,0.000000000000000000e+00
5.180000000000000426e+01,1.371296249940251233e+00,2.460703367687999688e-01,5.935253069445771690e-01,0.000000000000000000e+00
5.185000000000000142e+01,1.371296252059696741e+00,2.460702995681999794e-01,5.935234407076802610e-01,0.000000000000000000e+00
5.190000000000000568e+01,1.371296246199636304e+00,2.460703367687999688e-01,5.935253069445771690e-01,0.000000000000000000e+00
5.195000000000000284e+01,1.371296248319081812e+00,2.460703367687999688e-01,5.935253069445771690e-01,0.000000000000000000e+00
5.200000000000000000e+01,1.371296250438527320e+00,2.460702995681999794e-01,5.935234407076802610e-01,0.000000000000000000e+00
5.205000000000000426e+01,1.371296244578466883e+00,2.460703367687999688e-01,5.935253069445771690e-01,0.000000000000000000e+00
5.210000000000000142e+01,1.371296246697912391e+00,2.460703367687999688e-01,5.935253069445771690e-01,0.000000000000000000e+00
5.215000000000000568e+01,1.371296248817357899e+00,2.460703367687999688e-01,5.935253069445771690e-01,0.000000000000000000e+00
5.220000000000000284e+01,1.371296250936803407e+00,2.460702995681999794e-01,5.935234407076802610e-01,0.000000000000000000e+00
5.225000000000000000e+01,1.371296245076742970e+00,2.460703367687999688e-01,5.935253069445771690e-01,0.000000000000000000e+00
5.230000000000000426e+01,1.371296247196188478e+00,2.460703367687999688e-01,5.935253069445771690e-01,0.000000000000000000e+00
5.235000000000000142e+01,1.371296249315633986e+00,2.460703367687999688e-01,5.935253069445771690e-01,0.000000000000000000e+00
5.240000000000000568e+01,1.371296251435079494e+00,2.460702995681999794e-01,5.935234407076802610e-01,0.000000000000000000e+00
5.245000000000000284e+01,1.371296245575019057e+00,2.460703367687999688e-01,5.935253069445771690e-01,0.000000000000000000e+00
5.250000000000000000e+01,1.371296247694464565e+00,2.460703367687999688e-01,5.935253069445771690e-01,0.000000000000000000e+00
5.255000000000000426e+01,1.371296249813910073e+00,2.460703367687999688e-01,5.935253069445771690e-01,0.000000000000000000e+00
5.260000000000000142e+01,1.371296251933355581e+00,2.460702995681999794e-01,5.935234407076802610e-01,0.000000000000000000e+00
5.265000000000000568e+01,1.371296246073295144e+00,2.460703367687999688e-01,5.935253069445771690e-01,0.000000000000000000e+00
5.270000000000000284e+01,1.371296248192740652e+00,2.460703367687999688e-01,5.935253069445771690e-01,0.000000000000000000e+00
5.275000000000000000e+01,1.371296250312186160e+00,2.460702995681999794e-01,5.935234407076802610e-01,0.000000000000000000e+00
5.280000000000000426e+01,1.371296244452125723e+00,2.460703367687999688e-01,5.935253069445771690e-01,0.000000000000000000e+00
5.285000000000000142e+01,1.371296246571571231e+00,2.460703367687999688e-01,5.935253069445771690e-01,0.000000000000000000e+00
5.290000000000000568e+01,1.371296248691016739e+00,2.460703367687999688e-01,5.935253069445771690e-01,0.000000000000000000e+00
5.295000000000000284e+01,1.371296250810462247e+00,2.460702995681999794e-01,5.935234407076802610e-01,0.000000000000000000e+00
5.300000000000000000e+01,1.371296244950401810e+00,2.460703367687999688e-01,5.935253069445771690e-01,0.000000000000000000e+00
5.305000000000000426e+01,1.371296247069847318e+00,2.460703367687999688e-01,5.935253069445771690e-01,0.000000000000000000e+00
5.310000000000000142e+01,1.371296249189292826e+00,2.460703367687999688e-01,5.935253069445771690e-01,0.000000000000000000e+00
5.315000000000000568e+01,1.371296251308738334e+00,2.460702995681999794e-01,5.935234407076802610e-01,0.000000000000000000e+00
5.320000000000000284e+01,1.371296245448677897e+00,2.460703367687999688e-01,5.935253069445771690e-01,0.000000000000000000e+00
5.325000000000000000e+01,1.371296247568123405e+00,2.460703367687999688e-01,5.935253069445771690e-01,0.000000000000000000e+00
5.330000000000000426e+01,1.371296249687568913e+00,2.460703367687999688e-01,5.935253069445771690e-01,0.000000000000000000e+00
5.335000000000000142e+01,1.371296251807014421e+00,2.460702995681999794e-01,5.935234407076802610e-01,0.000000000000000000e+00
5.340000000000000568e+01,1.371296245946953984e+00,2.460703367687999688e-01,5.935253069445771690e-01,0.000000000000000000e+00
5.345000000000000284e+01,1.371296248066399492e+00,2.460703367687999688e-01,5.935253069445771690e-01,0.000000000000000000e+00
5.350000000000000000e+01,1.371296250185845000e+00,2.460702995681999794e-01,5.935234407076802610e-01,0.000000000000000000e+00
5.355000000000000426e+01,1.371296244325784564e+00,2.460703367687999688e-01,5.935253069445771690e-01,0.000000000000000000e+00
5.360000000000000142e+01,1.371296246445229849e+00,2.460703367687999688e-01,5.935253069445771690e-01,0.000000000000000000e+00
5.365000000000000568e+01,1.371296248564675357e+00,2.460703367687999688e-01,5.935253069445771690e-01,0.000000000000000000e+00
5.370000000000000284e+01,1.371296250684120865e+00,2.460702995681999794e-01,5.935234407076802610e-01,0.000000000000000000e+00
5.375000000000000000e+01,1.371296244824060429e+00,2.460703367687999688e-01,5.935253069445771690e-01,0.000000000000000000e+00
5.380000000000000426e+01,1.371296246943505936e+00,2.460703367687999688e-01,5.935253069445771690e-01,0.000000000000000000e+00
5.385000000000000142e+01,1.371296249062951444e+00,2.460703367687999688e-01,5.935253069445771690e-01,0.000000000000000000e+00
5.390000000000000568e+01,1.371296251182396952e+00,2.460702995681999794e-01,5.935234407076802610e-01,0.000000000000000000e+00
5.395000000000000284e+01,1.371296245322336516e+00,2.460703367687999688e-01,5.935253069445771690e-01,0.000000000000000000e+00
5.400000000000000000e+01,1.371296247441782024e+00,2.460703367687999688e-01,5.935253069445771690e-01,0.000000000000000000e+00
5.405000000000000426e+01,1.371296249561227532e+00,2.460703367687999688e-01,5.935253069445771690e-01,0.000000000000000000e+00
5.410000000000000142e+01,1.371296251680673040e+00,2.460702995681999794e-01,5.935234407076802610e-01,0.000000000000000000e+00
5.415000000000000568e+01,1.371296245820612603e+00,2.460703367687999688e-01,5.935253069445771690e-01,0.000000000000000000e+00
5.420000000000000284e+01,1.371296247940058111e+00,2.460703367687999688e-01,5.935253069445771690e-01,0.000000000000000000e+00
5.425000000000000000e+01,1.371296250059503619e+00,2.460702995681999794e-01,5.935234407076802610e-01,0.000000000000000000e+00
5.430000000000000426e+01,1.371296244199443182e+00,2.460703367687999688e-01,5.935253069445771690e-01,0.000000000000000000e+00
5.435000000000000142e+01,1.371296246318888468e+00,2.460703367687999688e-01,5.935253069445771690e-01,0.000000000000000000e+00
5.440000000000000568e+01,1.371296248438333976e+00,2.460703367687999688e-01,5.935253069445771690e-01,0.000000000000000000e+00
5.445000000000000284e+01,1.371296250557779484e+00,2.460702995681999794e-01,5.935234407076802610e-01,0.000000000000000000e+00
5.450000000000000000e+01,1.371296244697719047e+00,2.460703367687999688e-01,5.935253069445771690e-01,0.000000000000000000e+00
5.455000000000000426e+01,1.371296246817164555e+00,2.460703367687999688e-01,5.935253069445771690e-01,0.000000000000000000e+00
5.460000000000000142e+01,1.371296248936610063e+00,2.460703367687999688e-01,5.935253069445771690e-01,0.000000000000000000e+00
5.465000000000000568e+01,1.371296251056055571e+00,2.460702995681999794e-01,5.935234407076802610e-01,0.000000000000000000e+00
5.470000000000000284e+01,1.371296245195995134e+00,2.460703367687999688e-01,5.935253069445771690e-01,0.000000000000000000e+00
5.475000000000000000e+01,1.371296247315440642e+00,2.460703367687999688e-01,5.935253069445771690e-01,0.000000000000000000e+00
5.480000000000000426e+01,1.371296249434886150e+00,2.460703367687999688e-01,5.935253069445771690e-01,0.000000000000000000e+00
5.485000000000000142e+01,1.371296251554331658e+00,2.460702995681999794e-01,5.935234407076802610e-01,0.000000000000000000e+00
5.490000000000000568e+01,1.371296245694271221e+00,2.460703367687999688e-01,5.935253069445771690e-01,0.000000000000000000e+00
5.495000000000000284e+01,1.371296247813716729e+00,2.460703367687999688e-01,5.935253069445771690e-01,0.000000000000000000e+00
5.500000000000000000e+01,1.371296249933162237e+00,2.460703367687999688e-01,5.935253069445771690e-01,0.000000000000000000e+00
5.505000000000000426e+01,1.371296252052607745e+00,2.460702995681999794e-01,5.935234407076802610e-01,0.000000000000000000e+00
5.510000000000000142e+01,1.371296246192547308e+00,2.460703367687999688e-01,5.935253069445771690e-01,0.000000000000000000e+00
5.515000000000000568e+01,1.371296248311992816e+00,2.460703367687999688e-01,5.935253069445771690e-01,0.000000000000000000e+00
5.520000000000000284e+01,1.371296250431438324e+00,2.460702995681999794e-01,5.935234407076802610e-01,0.000000000000000000e+00
5.525000000000000000e+01,1.371296244571377887e+00,2.460703367687999688e-01,5.935253069445771690e-01,0.000000000000000000e+00
5.530000000000000426e+01,1.371296246690823395e+00,2.460703367687999688e-01,5.935253069445771690e-01,0.000000000000000000e+00
5.535000000000000142e+01,1.371296248810268903e+00,2.460703367687999688e-01,5.935253069445771690e-01,0.000000000000000000e+00
5.540000000000000568e+01,1.371296250929714411e+00,2.460702995681999794e-01,5.935234407076802610e-01,0.000000000000000000e+00
5.545000000000000284e+01,1.371296245069653974e+00,2.460703367687999688e-01,5.935253069445771690e-01,0.000000000000000000e+00
5.550000000000000000e+01,1.371296247189099482e+00,2.460703367687999688e-01,5.935253069445771690e-01,0.000000000000000000e+00
5.555000000000000426e+01,1.371296249308544990e+00,2.460703367687999688e-01,5.935253069445771690e-01,0.000000000000000000e+00
5.560000000000000142e+01,1.371296251427990498e+00,2.460702995681999794e-01,5.935234407076802610e-01,0.000000000000000000e+00
5.565000000000000568e+01,1.371296245567930061e+00,2.460703367687999688e-01,5.935253069445771690e-01,0.000000000000000000e+00
5.570000000000000284e+01,1.371296247687375569e+00,2.460703367687999688e-01,5.935253069445771690e-01,0.000000000000000000e+00
5.575000000000000000e+01,1.371296249806821077e+00,2.460703367687999688e-01,5.935253069445771690e-01,0.000000000000000000e+00
5.580000000000000426e+01,1.371296251926266585e+00,2.460702995681999794e-01,5.935234407076802610e-01,0.000000000000000000e+00
5.585000000000000142e+01,1.371296246066206148e+00,2.460703367687999688e-01,5.935253069445771690e-01,0.000000000000000000e+00
5.590000000000000568e+01,1.371296248185651656e+00,2.460703367687999688e-01,5.935253069445771690e-01,0.000000000000000000e+00
5.595000000000000284e+01,1.371296250305097164e+00,2.460702995681999794e-01,5.935234407076802610e-01,0.000000000000000000e+00
5.600000000000000000e+01,1.371296244445036727e+00,2.460703367687999688e-01,5.935253069445771690e-01,0.000000000000000000e+00
5.605000000000000426e+01,1.371296246564482235e+00,2.460703367687999688e-01,5.935253069445771690e-01,0.000000000000000000e+00
5.610000000000000142e+01,1.371296248683927743e+00,2.460703367687999688e-01,5.935253069445771690e-01,0.000000000000000000e+00
5.615000000000000568e+01,1.371296250803373251e+00,2.460702995681999794e-01,5.935234407076802610e-01,0.000000000000000000e+00
5.620000000000000284e+01,1.371296244943312814e+00,2.460703367687999688e-01,5.935253069445771690e-01,0.000000000000000000e+00
5.625000000000000000e+01,1.371296247062758322e+00,2.460703367687999688e-01,5.935253069445771690e-01,0.000000000000000000e+00
5.630000000000000426e+01,1.371296249182203830e+00,2.460703367687999688e-01,5.935253069445771690e-01,0.000000000000000000e+00
5.635000000000000142e+01,1.371296251301649338e+00,2.460702995681999794e-01,5.935234407076802610e-01,0.000000000000000000e+00
5.640000000000000568e+01,1.371296245441588901e+00,2.460703367687999688e-01,5.935253069445771690e-01,0.000000000000000000e+00
5.645000000000000284e+01,1.371296247561034409e+00,2.460703367687999688e-01,5.935253069445771690e-01,0.000000000000000000e+00
5.650000000000000000e+01,1.371296249680479917e+00,2.460703367687999688e-01,5.935253069445771690e-01,0.000000000000000000e+00
5.655000000000000426e+01,1.371296251799925425e+00,2.460702995681999794e-01,5.935234407076802610e-01,0.000000000000000000e+00
5.660000000000000142e+01,1.371296245939864988e+00,2.460703367687999688e-01,5.935253069445771690e-01,0.000000000000000000e+00
5.665000000000000568e+01,1.371296248059310496e+00,2.460703367687999688e-01,5.935253069445771690e-01,0.000000000000000000e+00
5.670000000000000284e+01,1.371296250178756004e+00,2.460702995681999794e-01,5.935234407076802610e-01,0.000000000000000000e+00
5.675000000000000000e+01,1.371296244318695567e+00,2.460703367687999688e-01,5.935253069445771690e-01,0.000000000000000000e+00
5.680000000000000426e+01,1.371296246438140853e+00,2.460703367687999688e-01,5.935253069445771690e-01,0.000000000000000000e+00
5.685000000000000142e+01,1.371296248557586361e+00,2.460703367687999688e-01,5.935253069445771690e-01,0.000000000000000000e+00
5.690000000000000568e+01,1.371296250677031869e+00,2.460702995681999794e-01,5.935234407076802610e-01,0.000000000000000000e+00
5.695000000000000284e+01,1.371296244816971432e+00,2.460703367687999688e-01,5.935253069445771690e-01,0.000000000000000000e+00
5.700000000000000000e+01,1.371296246936416940e+00,2.460703367687999688e-01,5.935253069445771690e-01,0.000000000000000000e+00
5.705000000000000426e+01,1.371296249055862448e+00,2.460703367687999688e-01,5.935253069445771690e-01,0.000000000000000000e+00
5.710000000000000142e+01,1.371296251175307956e+00,2.460702995681999794e-01,5.935234407076802610e-01,0.000000000000000000e+00
5.715000000000000568e+01,1.371296245315247520e+00,2.460703367687999688e-01,5.935253069445771690e-01,0.000000000000000000e+00
5.720000000000000284e+01,1.371296247434693028e+00,2.460703367687999688e-01,5.935253069445771690e-01,0.000000000000000000e+00
5.725000000000000000e+01,1.371296249554138535e+00,2.460703367687999688e-01,5.935253069445771690e-01,0.000000000000000000e+00
5.730000000000000426e+01,1.371296251673584043e+00,2.460702995681999794e-01,5.935234407076802610e-01,0.000000000000000000e+00
5.735000000000000142e+01,1.371296245813523607e+00,2.460703367687999688e-01,5.935253069445771690e-01,0.000000000000000000e+00
5.740000000000000568e+01,1.371296247932969115e+00,2.460703367687999688e-01,5.935253069445771690e-01,0.000000000000000000e+00
5.745000000000000284e+01,1.371296250052414623e+00,2.460702995681999794e-01,5.935234407076802610e-01,0.000000000000000000e+00
5.750000000000000000e+01,1.371296244192354186e+00,2.460703367687999688e-01,5.935253069445771690e-01,0.000000000000000000e+00
5.755000000000000426e+01,1.371296246311799472e+00,2.460703367687999688e-01,5.935253069445771690e-01,0.000000000000000000e+00
5.760000000000000142e+01,1.371296248431244980e+00,2.460703367687999688e-01,5.935253069445771690e-01,0.000000000000000000e+00
5.765000000000000568e+01,1.371296250550690488e+00,2.460702995681999794e-01,5.935234407076802610e-01,0.000000000000000000e+00
5.770000000000000284e+01,1.371296244690630051e+00,2.460703367687999688e-01,5.935253069445771690e-01,0.000000000000000000e+00
5.775000000000000000e+01,1.371296246810075559e+00,2.460703367687999688e-01,5.935253069445771690e-01,0.000000000000000000e+00
5.780000000000000426e+01,1.371296248929521067e+00,2.460703367687999688e-01,5.935253069445771690e-01,0.000000000000000000e+00
5.785000000000000142e+01,1.371296251048966575e+00,2.460702995681999794e-01,5.935234407076802610e-01,0.000000000000000000e+00
5.790000000000000568e+01,1.371296245188906138e+00,2.460703367687999688e-01,5.935253069445771690e-01,0.000000000000000000e+00
5.795000000000000284e+01,1.371296247308351646e+00,2.460703367687999688e-01,5.935253069445771690e-01,0.000000000000000000e+00
5.800000000000000000e+01,1.371296249427797154e+00,2.460703367687999688e-01,5.935253069445771690e-01,0.000000000000000000e+00
5.805000000000000426e+01,1.371296251547242662e+00,2.460702995681999794e-01,5.935234407076802610e-01,0.000000000000000000e+00
5.810000000000000142e+01,1.371296245687182225e+00,2.460703367687999688e-01,5.935253069445771690e-01,0.000000000000000000e+00
5.815000000000000568e+01,1.371296247806627733e+00,2.460703367687999688e-01,5.935253069445771690e-01,0.000000000000000000e+00
5.820000000000000284e+01,1.371296249926073241e+00,2.460703367687999688e-01,5.935253069445771690e-01,0.000000000000000000e+00
5.825000000000000000e+01,1.371296252045518749e+00,2.460702995681999794e-01,5.935234407076802610e-01,0.000000000000000000e+00
5.830000000000000426e+01,1.371296246185458312e+00,2.460703367687999688e-01,5.935253069445771690e-01,0.000000000000000000e+00
5.835000000000000142e+01,1.371296248304903820e+00,2.460703367687999688e-01,5.935253069445771690e-01,0.000000000000000000e+00
5.840000000000000568e+01,1.371296250424349328e+00,2.460702995681999794e-01,5.935234407076802610e-01,0.000000000000000000e+00
5.845000000000000284e+01,1.371296244564288891e+00,2.460703367687999688e-01,5.935253069445771690e-01,0.000000000000000000e+00
5.850000000000000000e+01,1.371296246683734399e+00,2.460703367687999688e-01,5.935253069445771690e-01,0.000000000000000000e+00
5.855000000000000426e+01,1.371296248803179907e+00,2.460703367687999688e-01,5.935253069445771690e-01,0.000000000000000000e+00
5.860000000000000142e+01,1.371296250922625415e+00,2.460702995681999794e-01,5.935234407076802610e-01,0.000000000000000000e+00
5.865000000000000568e+01,1.371296245062564978e+00,2.460703367687999688e-01,5.935253069445771690e-01,0.000000000000000000e+00
5.870000000000000284e+01,1.371296247182010486e+00,2.460703367687999688e-01,5.935253069445771690e-01,0.000000000000000000e+00
5.875000000000000000e+01,1.371296249301455994e+00,2.460703367687999688e-01,5.935253069445771690e-01,0.000000000000000000e+00
5.880000000000000426e+01,1.371296251420901502e+00,2.460702995681999794e-01,5.935234407076802610e-01,0.000000000000000000e+00
5.885000000000000142e+01,1.371296245560841065e+00,2.460703367687999688e-01,5.935253069445771690e-01,0.000000000000000000e+00
5.890000000000000568e+01,1.371296247680286573e+00,2.460703367687999688e-01,5.935253069445771690e-01,0.000000000000000000e+00
5.895000000000000284e+01,1.371296249799732081e+00,2.460703367687999688e-01,5.935253069445771690e-01,0.000000000000000000e+00
5.900000000000000000e+01,1.371296251919177589e+00,2.460702995681999794e-01,5.935234407076802610e-01,0.000000000000000000e+00
5.905000000000000426e+01,1.371296246059117152e+00,2.460703367687999688e-01,5.935253069445771690e-01,0.000000000000000000e+00
5.910000000000000142e+01,1.371296248178562660e+00,2.460703367687999688e-01,5.935253069445771690e-01,0.000000000000000000e+00
5.915000000000000568e+01,1.371296250298008168e+00,2.460702995681999794e-01,5.935234407076802610e-01,0.000000000000000000e+00
5.920000000000000284e+01,1.371296244437947731e+00,2.460703367687999688e-01,5.935253069445771690e-01,0.000000000000000000e+00
5.925000000000000000e+01,1.371296246557393017e+00,2.460703367687999688e-01,5.935253069445771690e-01,0.000000000000000000e+00
5.930000000000000426e+01,1.371296248676838525e+00,2.460703367687999688e-01,5.935253069445771690e-01,0.000000000000000000e+00
5.935000000000000142e+01,1.371296250796284033e+00,2.460702995681999794e-01,5.935234407076802610e-01,0.000000000000000000e+00
5.940000000000000568e+01,1.371296244936223596e+00,2.460703367687999688e-01,5.935253069445771690e-01,0.000000000000000000e+00
5.945000000000000284e+01,1.371296247055669104e+00,2.460703367687999688e-01,5.935253069445771690e-01,0.000000000000000000e+00
5.950000000000000000e+01,1.371296249175114612e+00,2.460703367687999688e-01,5.935253069445771690e-01,0.000000000000000000e+00
5.955000000000000426e+01,1.371296251294560120e+00,2.460702995681999794e-01,5.935234407076802610e-01,0.000000000000000000e+00
5.960000000000000142e+01,1.371296245434499683e+00,2.460703367687999688e-01,5.935253069445771690e-01,0.000000000000000000e+00
5.965000000000000568e+01,1.371296247553945191e+00,2.460703367687999688e-01,5.935253069445771690e-01,0.000000000000000000e+00
5.970000000000000284e+01,1.371296249673390699e+00,2.460703367687999688e-01,5.935253069445771690e-01,0.000000000000000000e+00
5.975000000000000000e+01,1.371296251792836207e+00,2.460702995681999794e-01,5.935234407076802610e-01,0.000000000000000000e+00
5.980000000000000426e+01,1.371296245932775770e+00,2.460703367687999688e-01,5.935253069445771690e-01,0.000000000000000000e+00
5.985000000000000142e+01,1.371296248052221278e+00,2.460703367687999688e-01,5.935253069445771690e-01,0.000000000000000000e+00
5.990000000000000568e+01,1.371296250171666786e+00,2.460702995681999794e-01,5.935234407076802610e-01,0.000000000000000000e+00
5.995000000000000284e+01,1.371296244311606349e+00,2.460703367687999688e-01,5.935253069445771690e-01,0.000000000000000000e+00
6.000000000000000000e+01,1.371296246431051635e+00,2.460703367687999688e-01,5.935253069445771690e-01,0.000000000000000000e+00
6.005000000000000426e+01,1.371296248550497143e+00,2.460703367687999688e-01,5.935253069445771690e-01,0.000000000000000000e+00
6.010000000000000142e+01,1.371296250669942651e+00,2.460702995681999794e-01,5.935234407076802610e-01,0.000000000000000000e+00
6.015000000000000568e+01,1.371296244809882214e+00,2.460703367687999688e-01,5.935253069445771690e-01,0.000000000000000000e+00
6.020000000000000284e+01,1.371296246929327722e+00,2.460703367687999688e-01,5.935253069445771690e-01,0.000000000000000000e+00
6.025000000000000000e+01,1.371296249048773230e+00,2.460703367687999688e-01,5.935253069445771690e-01,0.000000000000000000e+00
6.030000000000000426e+01,1.371296251168218738e+00,2.460702995681999794e-01,5.935234407076802610e-01,0.000000000000000000e+00
6.035000000000000142e+01,1.371296245308158301e+00,2.460703367687999688e-01,5.935253069445771690e-01,0.000000000000000000e+00
6.040000000000000568e+01,1.371296247427603809e+00,2.460703367687999688e-01,5.935253069445771690e-01,0.000000000000000000e+00
6.045000000000000284e+01,1.371296249547049317e+00,2.460703367687999688e-01,5.935253069445771690e-01,0.000000000000000000e+00
6.050000000000000000e+01,1.371296251666494825e+00,2.460702995681999794e-01,5.935234407076802610e-01,0.000000000000000000e+00
6.055000000000000426e+01,1.371296245806434388e+00,2.460703367687999688e-01,5.935253069445771690e-01,0.000000000000000000e+00
6.060000000000000142e+01,1.371296247925879896e+00,2.460703367687999688e-01,5.935253069445771690e-01,0.000000000000000000e+00
6.065000000000000568e+01,1.371296250045325404e+00,2.460702995681999794e-01,5.935234407076802610e-01,0.000000000000000000e+00
6.070000000000000284e+01,1.371296244185264968e+00,2.460703367687999688e-01,5.935253069445771690e-01,0.000000000000000000e+00
6.075000000000000000e+01,1.371296246304710253e+00,2.460703367687999688e-01,5.935253069445771690e-01,0.000000000000000000e+00
6.080000000000000426e+01,1.371296248424155761e+00,2.460703367687999688e-01,5.935253069445771690e-01,0.000000000000000000e+00
6.085000000000000142e+01,1.371296250543601269e+00,2.460702995681999794e-01,5.935234407076802610e-01,0.000000000000000000e+00
6.090000000000000568e+01,1.371296244683540833e+00,2.460703367687999688e-01,5.935253069445771690e-01,0.000000000000000000e+00
6.095000000000000284e+01,1.371296246802986341e+00,2.460703367687999688e-01,5.935253069445771690e-01,0.000000000000000000e+00
6.100000000000000000e+01,1.371296248922431849e+00,2.460703367687999688e-01,5.935253069445771690e-01,0.000000000000000000e+00
6.105000000000000426e+01,1.371296251041877357e+00,2.460702995681999794e-01,5.935234407076802610e-01,0.000000000000000000e+00
6.110000000000000142e+01,1.371296245181816920e+00,2.460703367687999688e-01,5.935253069445771690e-01,0.000000000000000000e+00
6.115000000000000568e+01,1.371296247301262428e+00,2.460703367687999688e-01,5.935253069445771690e-01,0.000000000000000000e+00
6.120000000000000284e+01,1.371296249420707936e+00,2.460703367687999688e-01,5.935253069445771690e-01,0.000000000000000000e+00
6.125000000000000000e+01,1.371296251540153444e+00,2.460702995681999794e-01,5.935234407076802610e-01,0.000000000000000000e+00
6.130000000000000426e+01,1.371296245680093007e+00,2.460703367687999688e-01,5.935253069445771690e-01,0.000000000000000000e+00
6.135000000000000142e+01,1.371296247799538515e+00,2.460703367687999688e-01,5.935253069445771690e-01,0.000000000000000000e+00
6.140000000000000568e+01,1.371296249918984023e+00,2.460703367687999688e-01,5.935253069445771690e-01,0.000000000000000000e+00
6.145000000000000284e+01,1.371296252038429531e+00,2.460702995681999794e-01,5.935234407076802610e-01,0.000000000000000000e+00
6.150000000000000000e+01,1.371296246178369094e+00,2.460703367687999688e-01,5.935253069445771690e-01,0.000000000000000000e+00
6.155000000000000426e+01,1.371296248297814602e+00,2.460703367687999688e-01,5.935253069445771690e-01,0.000000000000000000e+00
6.160000000000000142e+01,1.371296250417260110e+00,2.460702995681999794e-01,5.935234407076802610e-01,0.000000000000000000e+00
6.165000000000000568e+01,1.371296244557199673e+00,2.460703367687999688e-01,5.935253069445771690e-01,0.000000000000000000e+00
6.170000000000000284e+01,1.371296246676645181e+00,2.460703367687999688e-01,5.935253069445771690e-01,0.000000000000000000e+00
6.175000000000000000e+01,1.371296248796090689e+00,2.460703367687999688e-01,5.935253069445771690e-01,0.000000000000000000e+00
6.180000000000000426e+01,1.371296250915536197e+00,2.460702995681999794e-01,5.935234407076802610e-01,0.000000000000000000e+00
6.185000000000000142e+01,1.371296245055475760e+00,2.460703367687999688e-01,5.935253069445771690e-01,0.000000000000000000e+00
6.190000000000000568e+01,1.371296247174921268e+00,2.460703367687999688e-01,5.935253069445771690e-01,0.000000000000000000e+00
6.195000000000000284e+01,1.371296249294366776e+00,2.460703367687999688e-01,5.935253069445771690e-01,0.000000000000000000e+00
6.200000000000000000e+01,1.371296251413812284e+00,2.460702995681999794e-01,5.935234407076802610e-01,0.000000000000000000e+00
6.205000000000000426e+01,1.371296245553751847e+00,2.460703367687999688e-01,5.935253069445771690e-01,0.000000000000000000e+00
6.210000000000000142e+01,1.371296247673197355e+00,2.460703367687999688e-01,5.935253069445771690e-01,0.000000000000000000e+00
6.215000000000000568e+01,1.371296249792642863e+00,2.460703367687999688e-01,5.935253069445771690e-01,0.000000000000000000e+00
6.220000000000000284e+01,1.371296251912088371e+00,2.460702995681999794e-01,5.935234407076802610e-01,0.000000000000000000e+00
6.225000000000000000e+01,1.371296246052027934e+00,2.460703367687999688e-01,5.935253069445771690e-01,0.000000000000000000e+00
6.230000000000000426e+01,1.371296248171473442e+00,2.460703367687999688e-01,5.935253069445771690e-01,0.000000000000000000e+00
6.235000000000000142e+01,1.371296250290918950e+00,2.460702995681999794e-01,5.935234407076802610e-01,0.000000000000000000e+00
6.240000000000000568e+01,1.371296244430858513e+00,2.460703367687999688e-01,5.935253069445771690e-01,0.000000000000000000e+00
6.245000000000000284e+01,1.371296246550303799e+00,2.460703367687999688e-01,5.935253069445771690e-01,0.000000000000000000e+00
6.250000000000000000e+01,1.371296248669749307e+00,2.460703367687999688e-01,5.935253069445771690e-01,0.000000000000000000e+00
6.255000000000000426e+01,1.371296250789194815e+00,2.460702995681999794e-01,5.935234407076802610e-01,0.000000000000000000e+00
6.260000000000000142e+01,1.371296244929134378e+00,2.460703367687999688e-01,5.935253069445771690e-01,0.000000000000000000e+00
6.265000000000000568e+01,1.371296247048579886e+00,2.460703367687999688e-01,5.935253069445771690e-01,0.000000000000000000e+00
6.270000000000000284e+01,1.371296249168025394e+00,2.460703367687999688e-01,5.935253069445771690e-01,0.000000000000000000e+00
6.275000000000000000e+01,1.371296251287470902e+00,2.460702995681999794e-01,5.935234407076802610e-01,0.000000000000000000e+00
6.280000000000000426e+01,1.371296245427410465e+00,2.460703367687999688e-01,5.935253069445771690e-01,0.000000000000000000e+00
6.285000000000000142e+01,1.371296247546855973e+00,2.460703367687999688e-01,5.935253069445771690e-01,0.000000000000000000e+00
6.290000000000000568e+01,1.371296249666301481e+00,2.460703367687999688e-01,5.935253069445771690e-01,0.000000000000000000e+00
6.295000000000000284e+01,1.371296251785746989e+00,2.460702995681999794e-01,5.935234407076802610e-01,0.000000000000000000e+00
6.300000000000000000e+01,1.371296245925686552e+00,2.460703367687999688e-01,5.935253069445771690e-01,0.000000000000000000e+00
6.305000000000000426e+01,1.371296248045132060e+00,2.460703367687999688e-01,5.935253069445771690e-01,0.000000000000000000e+00
6.310000000000000142e+01,1.371296250164577568e+00,2.460702995681999794e-01,5.935234407076802610e-01,0.000000000000000000e+00
6.315000000000000568e+01,1.371296244304517131e+00,2.460703367687999688e-01,5.935253069445771690e-01,0.000000000000000000e+00
6.320000000000000284e+01,1.371296246423962417e+00,2.460703367687999688e-01,5.935253069445771690e-01,0.000000000000000000e+00
6.325000000000000000e+01,1.371296248543407925e+00,2.460703367687999688e-01,5.935253069445771690e-01,0.000000000000000000e+00
6.330000000000000426e+01,1.371296250662853433e+00,2.460702995681999794e-01,5.935234407076802610e-01,0.000000000000000000e+00
6.335000000000000142e+01,1.371296244802792996e+00,2.460703367687999688e-01,5.935253069445771690e-01,0.000000000000000000e+00
6.340000000000000568e+01,1.371296246922238504e+00,2.460703367687999688e-01,5.935253069445771690e-01,0.000000000000000000e+00
6.345000000000000284e+01,1.371296249041684012e+00,2.460703367687999688e-01,5.935253069445771690e-01,0.000000000000000000e+00
6.350000000000000000e+01,1.371296251161129520e+00,2.460702995681999794e-01,5.935234407076802610e-01,0.000000000000000000e+00
6.355000000000000426e+01,1.371296245301069083e+00,2.460703367687999688e-01,5.935253069445771690e-01,0.000000000000000000e+00
6.360000000000000142e+01,1.371296247420514591e+00,2.460703367687999688e-01,5.935253069445771690e-01,0.000000000000000000e+00
6.365000000000000568e+01,1.371296249539960099e+00,2.460703367687999688e-01,5.935253069445771690e-01,0.000000000000000000e+00
6.370000000000000284e+01,1.371296251659405607e+00,2.460702995681999794e-01,5.935234407076802610e-01,0.000000000000000000e+00
6.375000000000000000e+01,1.371296245799345170e+00,2.460703367687999688e-01,5.935253069445771690e-01,0.000000000000000000e+00
6.380000000000000426e+01,1.371296247918790678e+00,2.460703367687999688e-01,5.935253069445771690e-01,0.000000000000000000e+00
6.385000000000000142e+01,1.371296250038236186e+00,2.460702995681999794e-01,5.935234407076802610e-01,0.000000000000000000e+00
6.390000000000000568e+01,1.371296244178175749e+00,2.460703367687999688e-01,5.935253069445771690e-01,0.000000000000000000e+00
6.395000000000000284e+01,1.371296246297621035e+00,2.460703367687999688e-01,5.935253069445771690e-01,0.000000000000000000e+00
6.400000000000000000e+01,1.371296248417066543e+00,2.460703367687999688e-01,5.935253069445771690e-01,0.000000000000000000e+00
6.404999999999999716e+01,1.371296250536512051e+00,2.460702995681999794e-01,5.935234407076802610e-01,0.000000000000000000e+00
6.410000000000000853e+01,1.371296244676451614e+00,2.460703367687999688e-01,5.935253069445771690e-01,0.000000000000000000e+00
6.415000000000000568e+01,1.371296246795897122e+00,2.460703367687999688e-01,5.935253069445771690e-01,0.000000000000000000e+00
6.420000000000000284e+01,1.371296248915342630e+00,2.460703367687999688e-01,5.935253069445771690e-01,0.000000000000000000e+00
6.425000000000000000e+01,1.371296251034788138e+00,2.460702995681999794e-01,5.935234407076802610e-01,0.000000000000000000e+00
6.429999999999999716e+01,1.371296245174727702e+00,2.460703367687999688e-01,5.935253069445771690e-01,0.000000000000000000e+00
6.435000000000000853e+01,1.371296247294173209e+00,2.460703367687999688e-01,5.935253069445771690e-01,0.000000000000000000e+00
6.440000000000000568e+01,1.371296249413618717e+00,2.460703367687999688e-01,5.935253069445771690e-01,0.000000000000000000e+00
6.445000000000000284e+01,1.371296251533064225e+00,2.460702995681999794e-01,5.935234407076802610e-01,0.000000000000000000e+00
6.450000000000000000e+01,1.371296245673003789e+00,2.460703367687999688e-01,5.935253069445771690e-01,0.000000000000000000e+00
6.454999999999999716e+01,1.371296247792449297e+00,2.460703367687999688e-01,5.935253069445771690e-01,0.000000000000000000e+00
6.460000000000000853e+01,1.371296249911894805e+00,2.460703367687999688e-01,5.935253069445771690e-01,0.000000000000000000e+00
6.465000000000000568e+01,1.371296252031340313e+00,2.460702995681999794e-01,5.935234407076802610e-01,0.000000000000000000e+00
6.470000000000000284e+01,1.371296246171279876e+00,2.460703367687999688e-01,5.935253069445771690e-01,0.000000000000000000e+00
6.475000000000000000e+01,1.371296248290725384e+00,2.460703367687999688e-01,5.935253069445771690e-01,0.000000000000000000e+00
6.479999999999999716e+01,1.371296250410170892e+00,2.460702995681999794e-01,5.935234407076802610e-01,0.000000000000000000e+00
6.485000000000000853e+01,1.371296244550110455e+00,2.460703367687999688e-01,5.935253069445771690e-01,0.000000000000000000e+00
6.490000000000000568e+01,1.371296246669555963e+00,2.460703367687999688e-01,5.935253069445771690e-01,0.000000000000000000e+00
6.495000000000000284e+01,1.371296248789001471e+00,2.460703367687999688e-01,5.935253069445771690e-01,0.000000000000000000e+00
6.500000000000000000e+01,1.371296250908446979e+00,2.460702995681999794e-01,5.935234407076802610e-01,0.000000000000000000e+00
6.504999999999999716e+01,1.371296245048386542e+00,2.460703367687999688e-01,5.935253069445771690e-01,0.000000000000000000e+00
6.510000000000000853e+01,1.371296247167832050e+00,2.460703367687999688e-01,5.935253069445771690e-01,0.000000000000000000e+00
6.515000000000000568e+01,1.371296249287277558e+00,2.460703367687999688e-01,5.935253069445771690e-01,0.000000000000000000e+00
6.520000000000000284e+01,1.371296251406723066e+00,2.460702995681999794e-01,5.935234407076802610e-01,0.000000000000000000e+00
6.525000000000000000e+01,1.371296245546662629e+00,2.460703367687999688e-01,5.935253069445771690e-01,0.000000000000000000e+00
6.529999999999999716e+01,1.371296247666108137e+00,2.460703367687999688e-01,5.935253069445771690e-01,0.000000000000000000e+00
6.535000000000000853e+01,1.371296249785553645e+00,2.460703367687999688e-01,5.935253069445771690e-01,0.000000000000000000e+00
6.540000000000000568e+01,1.371296251904999153e+00,2.460702995681999794e-01,5.935234407076802610e-01,0.000000000000000000e+00
6.545000000000000284e+01,1.371296246044938716e+00,2.460703367687999688e-01,5.935253069445771690e-01,0.000000000000000000e+00
6.550000000000000000e+01,1.371296248164384224e+00,2.460703367687999688e-01,5.935253069445771690e-01,0.000000000000000000e+00
6.554999999999999716e+01,1.371296250283829732e+00,2.460702995681999794e-01,5.935234407076802610e-01,0.000000000000000000e+00
6.560000000000000853e+01,1.371296244423769295e+00,2.460703367687999688e-01,5.935253069445771690e-01,0.000000000000000000e+00
6.565000000000000568e+01,1.371296246543214581e+00,2.460703367687999688e-01,5.935253069445771690e-01,0.000000000000000000e+00
6.570000000000000284e+01,1.371296248662660089e+00,2.460703367687999688e-01,5.935253069445771690e-01,0.000000000000000000e+00
6.575000000000000000e+01,1.371296250782105597e+00,2.460702995681999794e-01,5.935234407076802610e-01,0.000000000000000000e+00
6.579999999999999716e+01,1.371296244922045160e+00,2.460703367687999688e-01,5.935253069445771690e-01,0.000000000000000000e+00
6.585000000000000853e+01,1.371296247041490668e+00,2.460703367687999688e-01,5.935253069445771690e-01,0.000000000000000000e+00
6.590000000000000568e+01,1.371296249160936176e+00,2.460703367687999688e-01,5.935253069445771690e-01,0.000000000000000000e+00
6.595000000000000284e+01,1.371296251280381684e+00,2.460702995681999794e-01,5.935234407076802610e-01,0.000000000000000000e+00
6.600000000000000000e+01,1.371296245420321247e+00,2.460703367687999688e-01,5.935253069445771690e-01,0.000000000000000000e+00
6.604999999999999716e+01,1.371296247539766755e+00,2.460703367687999688e-01,5.935253069445771690e-01,0.000000000000000000e+00
6.610000000000000853e+01,1.371296249659212263e+00,2.460703367687999688e-01,5.935253069445771690e-01,0.000000000000000000e+00
6.615000000000000568e+01,1.371296251778657771e+00,2.460702995681999794e-01,5.935234407076802610e-01,0.000000000000000000e+00
6.620000000000000284e+01,1.371296245918597334e+00,2.460703367687999688e-01,5.935253069445771690e-01,0.000000000000000000e+00
6.625000000000000000e+01,1.371296248038042842e+00,2.460703367687999688e-01,5.935253069445771690e-01,0.000000000000000000e+00
6.629999999999999716e+01,1.371296250157488350e+00,2.460702995681999794e-01,5.935234407076802610e-01,0.000000000000000000e+00
6.635000000000000853e+01,1.371296244297427913e+00,2.460703367687999688e-01,5.935253069445771690e-01,0.000000000000000000e+00
6.640000000000000568e+01,1.371296246416873199e+00,2.460703367687999688e-01,5.935253069445771690e-01,0.000000000000000000e+00
6.645000000000000284e+01,1.371296248536318707e+00,2.460703367687999688e-01,5.935253069445771690e-01,0.000000000000000000e+00
6.650000000000000000e+01,1.371296250655764215e+00,2.460702995681999794e-01,5.935234407076802610e-01,0.000000000000000000e+00
6.654999999999999716e+01,1.371296244795703778e+00,2.460703367687999688e-01,5.935253069445771690e-01,0.000000000000000000e+00
6.660000000000000853e+01,1.371296246915149286e+00,2.460703367687999688e-01,5.935253069445771690e-01,0.000000000000000000e+00
6.665000000000000568e+01,1.371296249034594794e+00,2.460703367687999688e-01,5.935253069445771690e-01,0.000000000000000000e+00
6.670000000000000284e+01,1.371296251154040302e+00,2.460702995681999794e-01,5.935234407076802610e-01,0.000000000000000000e+00
6.675000000000000000e+01,1.371296245293979865e+00,2.460703367687999688e-01,5.935253069445771690e-01,0.000000000000000000e+00
6.679999999999999716e+01,1.371296247413425373e+00,2.460703367687999688e-01,5.935253069445771690e-01,0.000000000000000000e+00
6.685000000000000853e+01,1.371296249532870881e+00,2.460703367687999688e-01,5.935253069445771690e-01,0.000000000000000000e+00
6.690000000000000568e+01,1.371296251652316389e+00,2.460702995681999794e-01,5.935234407076802610e-01,0.000000000000000000e+00
6.695000000000000284e+01,1.371296245792255952e+00,2.460703367687999688e-01,5.935253069445771690e-01,0.000000000000000000e+00
6.700000000000000000e+01,1.371296247911701460e+00,2.460703367687999688e-01,5.935253069445771690e-01,0.000000000000000000e+00
6.704999999999999716e+01,1.371296250031146968e+00,2.460702995681999794e-01,5.935234407076802610e-01,0.000000000000000000e+00
6.710000000000000853e+01,1.371296244171086531e+00,2.460703367687999688e-01,5.935253069445771690e-01,0.000000000000000000e+00
6.715000000000000568e+01,1.371296246290531817e+00,2.460703367687999688e-01,5.935253069445771690e-01,0.000000000000000000e+00
6.720000000000000284e+01,1.371296248409977325e+00,2.460703367687999688e-01,5.935253069445771690e-01,0.000000000000000000e+00
6.725000000000000000e+01,1.371296250529422833e+00,2.460702995681999794e-01,5.935234407076802610e-01,0.000000000000000000e+00
6.729999999999999716e+01,1.371296244669362396e+00,2.460703367687999688e-01,5.935253069445771690e-01,0.000000000000000000e+00
6.735000000000000853e+01,1.371296246788807904e+00,2.460703367687999688e-01,5.935253069445771690e-01,0.000000000000000000e+00
6.740000000000000568e+01,1.371296248908253412e+00,2.460703367687999688e-01,5.935253069445771690e-01,0.000000000000000000e+00
6.745000000000000284e+01,1.371296251027698920e+00,2.460702995681999794e-01,5.935234407076802610e-01,0.000000000000000000e+00
6.750000000000000000e+01,1.371296245167638483e+00,2.460703367687999688e-01,5.935253069445771690e-01,0.000000000000000000e+00
6.754999999999999716e+01,1.371296247287083991e+00,2.460703367687999688e-01,5.935253069445771690e-01,0.000000000000000000e+00
6.760000000000000853e+01,1.371296249406529499e+00,2.460703367687999688e-01,5.935253069445771690e-01,0.000000000000000000e+00
6.765000000000000568e+01,1.371296251525975007e+00,2.460702995681999794e-01,5.935234407076802610e-01,0.000000000000000000e+00
6.770000000000000284e+01,1.371296245665914570e+00,2.460703367687999688e-01,5.935253069445771690e-01,0.000000000000000000e+00
6.775000000000000000e+01,1.371296247785360078e+00,2.460703367687999688e-01,5.935253069445771690e-01,0.000000000000000000e+00
6.779999999999999716e+01,1.371296249904805586e+00,2.460703367687999688e-01,5.935253069445771690e-01,0.000000000000000000e+00
6.785000000000000853e+01,1.371296252024251094e+00,2.460702995681999794e-01,5.935234407076802610e-01,0.000000000000000000e+00
6.790000000000000568e+01,1.371296246164190658e+00,2.460703367687999688e-01,5.935253069445771690e-01,0.000000000000000000e+00
6.795000000000000284e+01,1.371296248283636166e+00,2.460703367687999688e-01,5.935253069445771690e-01,0.000000000000000000e+00
6.800000000000000000e+01,1.371296250403081673e+00,2.460702995681999794e-01,5.935234407076802610e-01,0.000000000000000000e+00
6.804999999999999716e+01,1.371296244543021237e+00,2.460703367687999688e-01,5.935253069445771690e-01,0.000000000000000000e+00
6.810000000000000853e+01,1.371296246662466745e+00,2.460703367687999688e-01,5.935253069445771690e-01,0.000000000000000000e+00
6.815000000000000568e+01,1.371296248781912253e+00,2.460703367687999688e-01,5.935253069445771690e-01,0.000000000000000000e+00
6.820000000000000284e+01,1.371296250901357761e+00,2.460702995681999794e-01,5.935234407076802610e-01,0.000000000000000000e+00
6.825000000000000000e+01,1.371296245041297324e+00,2.460703367687999688e-01,5.935253069445771690e-01,0.000000000000000000e+00
6.829999999999999716e+01,1.371296247160742832e+00,2.460703367687999688e-01,5.935253069445771690e-01,0.000000000000000000e+00
6.835000000000000853e+01,1.371296249280188340e+00,2.460703367687999688e-01,5.935253069445771690e-01,0.000000000000000000e+00
6.840000000000000568e+01,1.371296251399633848e+00,2.460702995681999794e-01,5.935234407076802610e-01,0.000000000000000000e+00
6.845000000000000284e+01,1.371296245539573411e+00,2.460703367687999688e-01,5.935253069445771690e-01,0.000000000000000000e+00
6.850000000000000000e+01,1.371296247659018919e+00,2.460703367687999688e-01,5.935253069445771690e-01,0.000000000000000000e+00
6.854999999999999716e+01,1.371296249778464427e+00,2.460703367687999688e-01,5.935253069445771690e-01,0.000000000000000000e+00
6.860000000000000853e+01,1.371296251897909935e+00,2.460702995681999794e-01,5.935234407076802610e-01,0.000000000000000000e+00
6.865000000000000568e+01,1.371296246037849498e+00,2.460703367687999688e-01,5.935253069445771690e-01,0.000000000000000000e+00
6.870000000000000284e+01,1.371296248157295006e+00,2.460703367687999688e-01,5.935253069445771690e-01,0.000000000000000000e+00
6.875000000000000000e+01,1.371296250276740514e+00,2.460702995681999794e-01,5.935234407076802610e-01,0.000000000000000000e+00
6.879999999999999716e+01,1.371296244416680077e+00,2.460703367687999688e-01,5.935253069445771690e-01,0.000000000000000000e+00
6.885000000000000853e+01,1.371296246536125363e+00,2.460703367687999688e-01,5.935253069445771690e-01,0.000000000000000000e+00
6.890000000000000568e+01,1.371296248655570871e+00,2.460703367687999688e-01,5.935253069445771690e-01,0.000000000000000000e+00
6.895000000000000284e+01,1.371296250775016379e+00,2.460702995681999794e-01,5.935234407076802610e-01,0.000000000000000000e+00
6.900000000000000000e+01,1.371296244914955942e+00,2.460703367687999688e-01,5.935253069445771690e-01,0.000000000000000000e+00
6.904999999999999716e+01,1.371296247034401450e+00,2.460703367687999688e-01,5.935253069445771690e-01,0.000000000000000000e+00
6.910000000000000853e+01,1.371296249153846958e+00,2.460703367687999688e-01,5.935253069445771690e-01,0.000000000000000000e+00
6.915000000000000568e+01,1.371296251273292466e+00,2.460702995681999794e-01,5.935234407076802610e-01,0.000000000000000000e+00
6.920000000000000284e+01,1.371296245413232029e+00,2.460703367687999688e-01,5.935253069445771690e-01,0.000000000000000000e+00
6.925000000000000000e+01,1.371296247532677537e+00,2.460703367687999688e-01,5.935253069445771690e-01,0.000000000000000000e+00
6.929999999999999716e+01,1.371296249652123045e+00,2.460703367687999688e-01,5.935253069445771690e-01,0.000000000000000000e+00
6.935000000000000853e+01,1.371296251771568553e+00,2.460702995681999794e-01,5.935234407076802610e-01,0.000000000000000000e+00
6.940000000000000568e+01,1.371296245911508116e+00,2.460703367687999688e-01,5.935253069445771690e-01,0.000000000000000000e+00
6.945000000000000284e+01,1.371296248030953624e+00,2.460703367687999688e-01,5.935253069445771690e-01,0.000000000000000000e+00
6.950000000000000000e+01,1.371296250150399132e+00,2.460702995681999794e-01,5.935234407076802610e-01,0.000000000000000000e+00
6.954999999999999716e+01,1.371296244290338695e+00,2.460703367687999688e-01,5.935253069445771690e-01,0.000000000000000000e+00
6.960000000000000853e+01,1.371296246409783981e+00,2.460703367687999688e-01,5.935253069445771690e-01,0.000000000000000000e+00
6.965000000000000568e+01,1.371296248529229489e+00,2.460703367687999688e-01,5.935253069445771690e-01,0.000000000000000000e+00
6.970000000000000284e+01,1.371296250648674997e+00,2.460702995681999794e-01,5.935234407076802610e-01,0.000000000000000000e+00
6.975000000000000000e+01,1.371296244788614560e+00,2.460703367687999688e-01,5.935253069445771690e-01,0.000000000000000000e+00
6.979999999999999716e+01,1.371296246908060068e+00,2.460703367687999688e-01,5.935253069445771690e-01,0.000000000000000000e+00
6.985000000000000853e+01,1.371296249027505576e+00,2.460703367687999688e-01,5.935253069445771690e-01,0.000000000000000000e+00
6.990000000000000568e+01,1.371296251146951084e+00,2.460702995681999794e-01,5.935234407076802610e-01,0.000000000000000000e+00
6.995000000000000284e+01,1.371296245286890647e+00,2.460703367687999688e-01,5.935253069445771690e-01,0.000000000000000000e+00
7.000000000000000000e+01,1.371296247406336155e+00,2.460703367687999688e-01,5.935253069445771690e-01,0.000000000000000000e+00
7.004999999999999716e+01,1.371296249525781663e+00,2.460703367687999688e-01,5.935253069445771690e-01,0.000000000000000000e+00
7.010000000000000853e+01,1.371296251645227171e+00,2.460702995681999794e-01,5.935234407076802610e-01,0.000000000000000000e+00
7.015000000000000568e+01,1.371296245785166734e+00,2.460703367687999688e-01,5.935253069445771690e-01,0.000000000000000000e+00
7.020000000000000284e+01,1.371296247904612242e+00,2.460703367687999688e-01,5.935253069445771690e-01,0.000000000000000000e+00
7.025000000000000000e+01,1.371296250024057750e+00,2.460702995681999794e-01,5.935234407076802610e-01,0.000000000000000000e+00
7.029999999999999716e+01,1.371296244163997313e+00,2.460703367687999688e-01,5.935253069445771690e-01,0.000000000000000000e+00
7.035000000000000853e+01,1.371296246283442599e+00,2.460703367687999688e-01,5.935253069445771690e-01,0.000000000000000000e+00
7.040000000000000568e+01,1.371296248402888107e+00,2.460703367687999688e-01,5.935253069445771690e-01,0.000000000000000000e+00
7.045000000000000284e+01,1.371296250522333615e+00,2.460702995681999794e-01,5.935234407076802610e-01,0.000000000000000000e+00
7.050000000000000000e+01,1.371296244662273178e+00,2.460703367687999688e-01,5.935253069445771690e-01,0.000000000000000000e+00
7.054999999999999716e+01,1.371296246781718686e+00,2.460703367687999688e-01,5.935253069445771690e-01,0.000000000000000000e+00
7.060000000000000853e+01,1.371296248901164194e+00,2.460703367687999688e-01,5.935253069445771690e-01,0.000000000000000000e+00
7.065000000000000568e+01,1.371296251020609702e+00,2.460702995681999794e-01,5.935234407076802610e-01,0.000000000000000000e+00
7.070000000000000284e+01,1.371296245160549265e+00,2.460703367687999688e-01,5.935253069445771690e-01,0.000000000000000000e+00
7.075000000000000000e+01,1.371296247279994773e+00,2.460703367687999688e-01,5.935253069445771690e-01,0.000000000000000000e+00
7.079999999999999716e+01,1.371296249399440281e+00,2.460703367687999688e-01,5.935253069445771690e-01,0.000000000000000000e+00
7.085000000000000853e+01,1.371296251518885789e+00,2.460702995681999794e-01,5.935234407076802610e-01,0.000000000000000000e+00
7.090000000000000568e+01,1.371296245658825352e+00,2.460703367687999688e-01,5.935253069445771690e-01,0.000000000000000000e+00
7.095000000000000284e+01,1.371296247778270860e+00,2.460703367687999688e-01,5.935253069445771690e-01,0.000000000000000000e+00
7.100000000000000000e+01,1.371296249897716368e+00,2.460703367687999688e-01,5.935253069445771690e-01,0.000000000000000000e+00
7.104999999999999716e+01,1.371296252017161876e+00,2.460702995681999794e-01,5.935234407076802610e-01,0.000000000000000000e+00
7.110000000000000853e+01,1.371296246157101439e+00,2.460703367687999688e-01,5.935253069445771690e-01,0.000000000000000000e+00
7.115000000000000568e+01,1.371296248276546947e+00,2.460703367687999688e-01,5.935253069445771690e-01,0.000000000000000000e+00
7.120000000000000284e+01,1.371296250395992455e+00,2.460702995681999794e-01,5.935234407076802610e-01,0.000000000000000000e+00
7.125000000000000000e+01,1.371296244535932018e+00,2.460703367687999688e-01,5.935253069445771690e-01,0.000000000000000000e+00
7.129999999999999716e+01,1.371296246655377526e+00,2.460703367687999688e-01,5.935253069445771690e-01,0.000000000000000000e+00
7.135000000000000853e+01,1.371296248774823034e+00,2.460703367687999688e-01,5.935253069445771690e-01,0.000000000000000000e+00
7.140000000000000568e+01,1.371296250894268542e+00,2.460702995681999794e-01,5.935234407076802610e-01,0.000000000000000000e+00
7.145000000000000284e+01,1.371296245034208106e+00,2.460703367687999688e-01,5.935253069445771690e-01,0.000000000000000000e+00
7.150000000000000000e+01,1.371296247153653614e+00,2.460703367687999688e-01,5.935253069445771690e-01,0.000000000000000000e+00
7.154999999999999716e+01,1.371296249273099122e+00,2.460703367687999688e-01,5.935253069445771690e-01,0.000000000000000000e+00
7.160000000000000853e+01,1.371296251392544630e+00,2.460702995681999794e-01,5.935234407076802610e-01,0.000000000000000000e+00
7.165000000000000568e+01,1.371296245532484193e+00,2.460703367687999688e-01,5.935253069445771690e-01,0.000000000000000000e+00
7.170000000000000284e+01,1.371296247651929701e+00,2.460703367687999688e-01,5.935253069445771690e-01,0.000000000000000000e+00
7.175000000000000000e+01,1.371296249771375209e+00,2.460703367687999688e-01,5.935253069445771690e-01,0.000000000000000000e+00
7.179999999999999716e+01,1.371296251890820717e+00,2.460702995681999794e-01,5.935234407076802610e-01,0.000000000000000000e+00
7.185000000000000853e+01,1.371296246030760280e+00,2.460703367687999688e-01,5.935253069445771690e-01,0.000000000000000000e+00
7.190000000000000568e+01,1.371296248150205788e+00,2.460703367687999688e-01,5.935253069445771690e-01,0.000000000000000000e+00
7.195000000000000284e+01,1.371296250269651296e+00,2.460702995681999794e-01,5.935234407076802610e-01,0.000000000000000000e+00
7.200000000000000000e+01,1.371296244409590859e+00,2.460703367687999688e-01,5.935253069445771690e-01,0.000000000000000000e+00
7.204999999999999716e+01,1.371296246529036145e+00,2.460703367687999688e-01,5.935253069445771690e-01,0.000000000000000000e+00
7.210000000000000853e+01,1.371296248648481653e+00,2.460703367687999688e-01,5.935253069445771690e-01,0.000000000000000000e+00
7.215000000000000568e+01,1.371296250767927161e+00,2.460702995681999794e-01,5.935234407076802610e-01,0.000000000000000000e+00
7.220000000000000284e+01,1.371296244907866724e+00,2.460703367687999688e-01,5.935253069445771690e-01,0.000000000000000000e+00
7.225000000000000000e+01,1.371296247027312232e+00,2.460703367687999688e-01,5.935253069445771690e-01,0.000000000000000000e+00
7.229999999999999716e+01,1.371296249146757740e+00,2.460703367687999688e-01,5.935253069445771690e-01,0.000000000000000000e+00
7.235000000000000853e+01,1.371296251266203248e+00,2.460702995681999794e-01,5.935234407076802610e-01,0.000000000000000000e+00
7.240000000000000568e+01,1.371296245406142811e+00,2.460703367687999688e-01,5.935253069445771690e-01,0.000000000000000000e+00
7.245000000000000284e+01,1.371296247525588319e+00,2.460703367687999688e-01,5.935253069445771690e-01,0.000000000000000000e+00
7.250000000000000000e+01,1.371296249645033827e+00,2.460703367687999688e-01,5.935253069445771690e-01,0.000000000000000000e+00
7.254999999999999716e+01,1.371296251764479335e+00,2.460702995681999794e-01,5.935234407076802610e-01,0.000000000000000000e+00
7.260000000000000853e+01,1.371296245904418898e+00,2.460703367687999688e-01,5.935253069445771690e-01,0.000000000000000000e+00
7.265000000000000568e+01,1.371296248023864406e+00,2.460703367687999688e-01,5.935253069445771690e-01,0.000000000000000000e+00
7.270000000000000284e+01,1.371296250143309914e+00,2.460702995681999794e-01,5.935234407076802610e-01,0.000000000000000000e+00
7.275000000000000000e+01,1.371296244283249477e+00,2.460703367687999688e-01,5.935253069445771690e-01,0.000000000000000000e+00
7.279999999999999716e+01,1.371296246402694763e+00,2.460703367687999688e-01,5.935253069445771690e-01,0.000000000000000000e+00
7.285000000000000853e+01,1.371296248522140271e+00,2.460703367687999688e-01,5.935253069445771690e-01,0.000000000000000000e+00
7.290000000000000568e+01,1.371296250641585779e+00,2.460702995681999794e-01,5.935234407076802610e-01,0.000000000000000000e+00
7.295000000000000284e+01,1.371296244781525342e+00,2.460703367687999688e-01,5.935253069445771690e-01,0.000000000000000000e+00
7.300000000000000000e+01,1.371296246900970850e+00,2.460703367687999688e-01,5.935253069445771690e-01,0.000000000000000000e+00
7.304999999999999716e+01,1.371296249020416358e+00,2.460703367687999688e-01,5.935253069445771690e-01,0.000000000000000000e+00
7.310000000000000853e+01,1.371296251139861866e+00,2.460702995681999794e-01,5.935234407076802610e-01,0.000000000000000000e+00
7.315000000000000568e+01,1.371296245279801429e+00,2.460703367687999688e-01,5.935253069445771690e-01,0.000000000000000000e+00
7.320000000000000284e+01,1.371296247399246937e+00,2.460703367687999688e-01,5.935253069445771690e-01,0.000000000000000000e+00
7.325000000000000000e+01,1.371296249518692445e+00,2.460703367687999688e-01,5.935253069445771690e-01,0.000000000000000000e+00
7.329999999999999716e+01,1.371296251638137953e+00,2.460702995681999794e-01,5.935234407076802610e-01,0.000000000000000000e+00
7.335000000000000853e+01,1.371296245778077516e+00,2.460703367687999688e-01,5.935253069445771690e-01,0.000000000000000000e+00
7.340000000000000568e+01,1.371296247897523024e+00,2.460703367687999688e-01,5.935253069445771690e-01,0.000000000000000000e+00
7.345000000000000284e+01,1.371296250016968532e+00,2.460702995681999794e-01,5.935234407076802610e-01,0.000000000000000000e+00
7.350000000000000000e+01,1.371296244156908095e+00,2.460703367687999688e-01,5.935253069445771690e-01,0.000000000000000000e+00
7.354999999999999716e+01,1.371296246276353381e+00,2.460703367687999688e-01,5.935253069445771690e-01,0.000000000000000000e+00
7.360000000000000853e+01,1.371296248395798889e+00,2.460703367687999688e-01,5.935253069445771690e-01,0.000000000000000000e+00
7.365000000000000568e+01,1.371296250515244397e+00,2.460702995681999794e-01,5.935234407076802610e-01,0.000000000000000000e+00
7.370000000000000284e+01,1.371296244655183960e+00,2.460703367687999688e-01,5.935253069445771690e-01,0.000000000000000000e+00
7.375000000000000000e+01,1.371296246774629468e+00,2.460703367687999688e-01,5.935253069445771690e-01,0.000000000000000000e+00
7.379999999999999716e+01,1.371296248894074976e+00,2.460703367687999688e-01,5.935253069445771690e-01,0.000000000000000000e+00
7.385000000000000853e+01,1.371296251013520484e+00,2.460702995681999794e-01,5.935234407076802610e-01,0.000000000000000000e+00
7.390000000000000568e+01,1.371296245153460047e+00,2.460703367687999688e-01,5.935253069445771690e-01,0.000000000000000000e+00
7.395000000000000284e+01,1.371296247272905555e+00,2.460703367687999688e-01,5.935253069445771690e-01,0.000000000000000000e+00
7.400000000000000000e+01,1.371296249392351063e+00,2.460703367687999688e-01,5.935253069445771690e-01,0.000000000000000000e+00
7.404999999999999716e+01,1.371296251511796571e+00,2.460702995681999794e-01,5.935234407076802610e-01,0.000000000000000000e+00
7.410000000000000853e+01,1.371296245651736134e+00,2.460703367687999688e-01,5.935253069445771690e-01,0.000000000000000000e+00
7.415000000000000568e+01,1.371296247771181642e+00,2.460703367687999688e-01,5.935253069445771690e-01,0.000000000000000000e+00
7.420000000000000284e+01,1.371296249890627150e+00,2.460703367687999688e-01,5.935253069445771690e-01,0.000000000000000000e+00
7.425000000000000000e+01,1.371296252010072658e+00,2.460702995681999794e-01,5.935234407076802610e-01,0.000000000000000000e+00
7.429999999999999716e+01,1.371296246150012221e+00,2.460703367687999688e-01,5.935253069445771690e-01,0.000000000000000000e+00
7.435000000000000853e+01,1.371296248269457729e+00,2.460703367687999688e-01,5.935253069445771690e-01,0.000000000000000000e+00
7.440000000000000568e+01,1.371296250388903237e+00,2.460702995681999794e-01,5.935234407076802610e-01,0.000000000000000000e+00
7.445000000000000284e+01,1.371296244528842800e+00,2.460703367687999688e-01,5.935253069445771690e-01,0.000000000000000000e+00
7.450000000000000000e+01,1.371296246648288308e+00,2.460703367687999688e-01,5.935253069445771690e-01,0.000000000000000000e+00
7.454999999999999716e+01,1.371296248767733816e+00,2.460703367687999688e-01,5.935253069445771690e-01,0.000000000000000000e+00
7.460000000000000853e+01,1.371296250887179324e+00,2.460702995681999794e-01,5.935234407076802610e-01,0.000000000000000000e+00
7.465000000000000568e+01,1.371296245027118887e+00,2.460703367687999688e-01,5.935253069445771690e-01,0.000000000000000000e+00
7.470000000000000284e+01,1.371296247146564395e+00,2.460703367687999688e-01,5.935253069445771690e-01,0.000000000000000000e+00
7.475000000000000000e+01,1.371296249266009903e+00,2.460703367687999688e-01,5.935253069445771690e-01,0.000000000000000000e+00
7.479999999999999716e+01,1.371296251385455411e+00,2.460702995681999794e-01,5.935234407076802610e-01,0.000000000000000000e+00
7.485000000000000853e+01,1.371296245525394975e+00,2.460703367687999688e-01,5.935253069445771690e-01,0.000000000000000000e+00
7.490000000000000568e+01,1.371296247644840482e+00,2.460703367687999688e-01,5.935253069445771690e-01,0.000000000000000000e+00
7.495000000000000284e+01,1.371296249764285990e+00,2.460703367687999688e-01,5.935253069445771690e-01,0.000000000000000000e+00
7.500000000000000000e+01,1.371296251883731498e+00,2.460702995681999794e-01,5.935234407076802610e-01,0.000000000000000000e+00
7.504999999999999716e+01,1.371296246023671062e+00,2.460703367687999688e-01,5.935253069445771690e-01,0.000000000000000000e+00
7.510000000000000853e+01,1.371296248143116570e+00,2.460703367687999688e-01,5.935253069445771690e-01,0.000000000000000000e+00
7.515000000000000568e+01,1.371296250262562078e+00,2.460702995681999794e-01,5.935234407076802610e-01,0.000000000000000000e+00
7.520000000000000284e+01,1.371296244402501641e+00,2.460703367687999688e-01,5.935253069445771690e-01,0.000000000000000000e+00
7.525000000000000000e+01,1.371296246521946927e+00,2.460703367687999688e-01,5.935253069445771690e-01,0.000000000000000000e+00
7.529999999999999716e+01,1.371296248641392435e+00,2.460703367687999688e-01,5.935253069445771690e-01,0.000000000000000000e+00
7.535000000000000853e+01,1.371296250760837943e+00,2.460702995681999794e-01,5.935234407076802610e-01,0.000000000000000000e+00
7.540000000000000568e+01,1.371296244900777506e+00,2.460703367687999688e-01,5.935253069445771690e-01,0.000000000000000000e+00
7.545000000000000284e+01,1.371296247020223014e+00,2.460703367687999688e-01,5.935253069445771690e-01,0.000000000000000000e+00
7.550000000000000000e+01,1.371296249139668522e+00,2.460703367687999688e-01,5.935253069445771690e-01,0.000000000000000000e+00
7.554999999999999716e+01,1.371296251259114030e+00,2.460702995681999794e-01,5.935234407076802610e-01,0.000000000000000000e+00
7.560000000000000853e+01,1.371296245399053593e+00,2.460703367687999688e-01,5.935253069445771690e-01,0.000000000000000000e+00
7.565000000000000568e+01,1.371296247518499101e+00,2.460703367687999688e-01,5.935253069445771690e-01,0.000000000000000000e+00
7.570000000000000284e+01,1.371296249637944609e+00,2.460703367687999688e-01,5.935253069445771690e-01,0.000000000000000000e+00
7.575000000000000000e+01,1.371296251757390117e+00,2.460702995681999794e-01,5.935234407076802610e-01,0.000000000000000000e+00
7.579999999999999716e+01,1.371296245897329680e+00,2.460703367687999688e-01,5.935253069445771690e-01,0.000000000000000000e+00
7.585000000000000853e+01,1.371296248016775188e+00,2.460703367687999688e-01,5.935253069445771690e-01,0.000000000000000000e+00
7.590000000000000568e+01,1.371296250136220696e+00,2.460702995681999794e-01,5.935234407076802610e-01,0.000000000000000000e+00
7.595000000000000284e+01,1.371296244276160259e+00,2.460703367687999688e-01,5.935253069445771690e-01,0.000000000000000000e+00
7.600000000000000000e+01,1.371296246395605545e+00,2.460703367687999688e-01,5.935253069445771690e-01,0.000000000000000000e+00
7.604999999999999716e+01,1.371296248515051053e+00,2.460703367687999688e-01,5.935253069445771690e-01,0.000000000000000000e+00
7.610000000000000853e+01,1.371296250634496561e+00,2.460702995681999794e-01,5.935234407076802610e-01,0.000000000000000000e+00
7.615000000000000568e+01,1.371296244774436124e+00,2.460703367687999688e-01,5.935253069445771690e-01,0.000000000000000000e+00
7.620000000000000284e+01,1.371296246893881632e+00,2.460703367687999688e-01,5.935253069445771690e-01,0.000000000000000000e+00
7.625000000000000000e+01,1.371296249013327140e+00,2.460703367687999688e-01,5.935253069445771690e-01,0.000000000000000000e+00
7.629999999999999716e+01,1.371296251132772648e+00,2.460702995681999794e-01,5.935234407076802610e-01,0.000000000000000000e+00
7.635000000000000853e+01,1.371296245272712211e+00,2.460703367687999688e-01,5.935253069445771690e-01,0.000000000000000000e+00
7.640000000000000568e+01,1.371296247392157719e+00,2.460703367687999688e-01,5.935253069445771690e-01,0.000000000000000000e+00
7.645000000000000284e+01,1.371296249511603227e+00,2.460703367687999688e-01,5.935253069445771690e-01,0.000000000000000000e+00
7.650000000000000000e+01,1.371296251631048735e+00,2.460702995681999794e-01,5.935234407076802610e-01,0.000000000000000000e+00
7.654999999999999716e+01,1.371296245770988298e+00,2.460703367687999688e-01,5.935253069445771690e-01,0.000000000000000000e+00
7.660000000000000853e+01,1.371296247890433806e+00,2.460703367687999688e-01,5.935253069445771690e-01,0.000000000000000000e+00
7.665000000000000568e+01,1.371296250009879314e+00,2.460702995681999794e-01,5.935234407076802610e-01,0.000000000000000000e+00
7.670000000000000284e+01,1.371296244149818877e+00,2.460703367687999688e-01,5.935253069445771690e-01,0.000000000000000000e+00
7.675000000000000000e+01,1.371296246269264163e+00,2.460703367687999688e-01,5.935253069445771690e-01,0.000000000000000000e+00
7.680000000000001137e+01,1.371296248388709671e+00,2.460703367687999688e-01,5.935253069445771690e-01,0.000000000000000000e+00
7.685000000000000853e+01,1.371296250508155179e+00,2.460702995681999794e-01,5.935234407076802610e-01,0.000000000000000000e+00
7.690000000000000568e+01,1.371296244648094742e+00,2.460703367687999688e-01,5.935253069445771690e-01,0.000000000000000000e+00
7.695000000000000284e+01,1.371296246767540250e+00,2.460703367687999688e-01,5.935253069445771690e-01,0.000000000000000000e+00
7.700000000000000000e+01,1.371296248886985758e+00,2.460703367687999688e-01,5.935253069445771690e-01,0.000000000000000000e+00
7.705000000000001137e+01,1.371296251006431266e+00,2.460702995681999794e-01,5.935234407076802610e-01,0.000000000000000000e+00
7.710000000000000853e+01,1.371296245146370829e+00,2.460703367687999688e-01,5.935253069445771690e-01,0.000000000000000000e+00
7.715000000000000568e+01,1.371296247265816337e+00,2.460703367687999688e-01,5.935253069445771690e-01,0.000000000000000000e+00
7.720000000000000284e+01,1.371296249385261845e+00,2.460703367687999688e-01,5.935253069445771690e-01,0.000000000000000000e+00
7.725000000000000000e+01,1.371296251504707353e+00,2.460702995681999794e-01,5.935234407076802610e-01,0.000000000000000000e+00
7.730000000000001137e+01,1.371296245644646916e+00,2.460703367687999688e-01,5.935253069445771690e-01,0.000000000000000000e+00
7.735000000000000853e+01,1.371296247764092424e+00,2.460703367687999688e-01,5.935253069445771690e-01,0.000000000000000000e+00
7.740000000000000568e+01,1.371296249883537932e+00,2.460703367687999688e-01,5.935253069445771690e-01,0.000000000000000000e+00
7.745000000000000284e+01,1.371296252002983440e+00,2.460702995681999794e-01,5.935234407076802610e-01,0.000000000000000000e+00
7.750000000000000000e+01,1.371296246142923003e+00,2.460703367687999688e-01,5.935253069445771690e-01,0.000000000000000000e+00
7.755000000000001137e+01,1.371296248262368511e+00,2.460703367687999688e-01,5.935253069445771690e-01,0.000000000000000000e+00
7.760000000000000853e+01,1.371296250381814019e+00,2.460702995681999794e-01,5.935234407076802610e-01,0.000000000000000000e+00
7.765000000000000568e+01,1.371296244521753582e+00,2.460703367687999688e-01,5.935253069445771690e-01,0.000000000000000000e+00
7.770000000000000284e+01,1.371296246641199090e+00,2.460703367687999688e-01,5.935253069445771690e-01,0.000000000000000000e+00
7.775000000000000000e+01,1.371296248760644598e+00,2.460703367687999688e-01,5.935253069445771690e-01,0.000000000000000000e+00
7.780000000000001137e+01,1.371296250880090106e+00,2.460702995681999794e-01,5.935234407076802610e-01,0.000000000000000000e+00
7.785000000000000853e+01,1.371296245020029669e+00,2.460703367687999688e-01,5.935253069445771690e-01,0.000000000000000000e+00
7.790000000000000568e+01,1.371296247139475177e+00,2.460703367687999688e-01,5.935253069445771690e-01,0.000000000000000000e+00
7.795000000000000284e+01,1.371296249258920685e+00,2.460703367687999688e-01,5.935253069445771690e-01,0.000000000000000000e+00
7.800000000000000000e+01,1.371296251378366193e+00,2.460702995681999794e-01,5.935234407076802610e-01,0.000000000000000000e+00
7.805000000000001137e+01,1.371296245518305756e+00,2.460703367687999688e-01,5.935253069445771690e-01,0.000000000000000000e+00
7.810000000000000853e+01,1.371296247637751264e+00,2.460703367687999688e-01,5.935253069445771690e-01,0.000000000000000000e+00
7.815000000000000568e+01,1.371296249757196772e+00,2.460703367687999688e-01,5.935253069445771690e-01,0.000000000000000000e+00
7.820000000000000284e+01,1.371296251876642280e+00,2.460702995681999794e-01,5.935234407076802610e-01,0.000000000000000000e+00
7.825000000000000000e+01,1.371296246016581843e+00,2.460703367687999688e-01,5.935253069445771690e-01,0.000000000000000000e+00
7.830000000000001137e+01,1.371296248136027351e+00,2.460703367687999688e-01,5.935253069445771690e-01,0.000000000000000000e+00
7.835000000000000853e+01,1.371296250255472859e+00,2.460702995681999794e-01,5.935234407076802610e-01,0.000000000000000000e+00
7.840000000000000568e+01,1.371296244395412423e+00,2.460703367687999688e-01,5.935253069445771690e-01,0.000000000000000000e+00
7.845000000000000284e+01,1.371296246514857708e+00,2.460703367687999688e-01,5.935253069445771690e-01,0.000000000000000000e+00
7.850000000000000000e+01,1.371296248634303216e+00,2.460703367687999688e-01,5.935253069445771690e-01,0.000000000000000000e+00
7.855000000000001137e+01,1.371296250753748724e+00,2.460702995681999794e-01,5.935234407076802610e-01,0.000000000000000000e+00
7.860000000000000853e+01,1.371296244893688288e+00,2.460703367687999688e-01,5.935253069445771690e-01,0.000000000000000000e+00
7.865000000000000568e+01,1.371296247013133796e+00,2.460703367687999688e-01,5.935253069445771690e-01,0.000000000000000000e+00
7.870000000000000284e+01,1.371296249132579304e+00,2.460703367687999688e-01,5.935253069445771690e-01,0.000000000000000000e+00
7.875000000000000000e+01,1.371296251252024812e+00,2.460702995681999794e-01,5.935234407076802610e-01,0.000000000000000000e+00
7.880000000000001137e+01,1.371296245391964375e+00,2.460703367687999688e-01,5.935253069445771690e-01,0.000000000000000000e+00
7.885000000000000853e+01,1.371296247511409883e+00,2.460703367687999688e-01,5.935253069445771690e-01,0.000000000000000000e+00
7.890000000000000568e+01,1.371296249630855391e+00,2.460703367687999688e-01,5.935253069445771690e-01,0.000000000000000000e+00
7.895000000000000284e+01,1.371296251750300899e+00,2.460702995681999794e-01,5.935234407076802610e-01,0.000000000000000000e+00
7.900000000000000000e+01,1.371296245890240462e+00,2.460703367687999688e-01,5.935253069445771690e-01,0.000000000000000000e+00
7.905000000000001137e+01,1.371296248009685970e+00,2.460703367687999688e-01,5.935253069445771690e-01,0.000000000000000000e+00
7.910000000000000853e+01,1.371296250129131478e+00,2.460702995681999794e-01,5.935234407076802610e-01,0.000000000000000000e+00
7.915000000000000568e+01,1.371296244269071041e+00,2.460703367687999688e-01,5.935253069445771690e-01,0.000000000000000000e+00
7.920000000000000284e+01,1.371296246388516327e+00,2.460703367687999688e-01,5.935253069445771690e-01,0.000000000000000000e+00
7.925000000000000000e+01,1.371296248507961835e+00,2.460703367687999688e-01,5.935253069445771690e-01,0.000000000000000000e+00
7.930000000000001137e+01,1.371296250627407343e+00,2.460702995681999794e-01,5.935234407076802610e-01,0.000000000000000000e+00
7.935000000000000853e+01,1.371296244767346906e+00,2.460703367687999688e-01,5.935253069445771690e-01,0.000000000000000000e+00
7.940000000000000568e+01,1.371296246886792414e+00,2.460703367687999688e-01,5.935253069445771690e-01,0.000000000000000000e+00
7.945000000000000284e+01,1.371296249006237922e+00,2.460703367687999688e-01,5.935253069445771690e-01,0.000000000000000000e+00
7.950000000000000000e+01,1.371296251125683430e+00,2.460702995681999794e-01,5.935234407076802610e-01,0.000000000000000000e+00
7.955000000000001137e+01,1.371296245265622993e+00,2.460703367687999688e-01,5.935253069445771690e-01,0.000000000000000000e+00
7.960000000000000853e+01,1.371296247385068501e+00,2.460703367687999688e-01,5.935253069445771690e-01,0.000000000000000000e+00
7.965000000000000568e+01,1.371296249504514009e+00,2.460703367687999688e-01,5.935253069445771690e-01,0.000000000000000000e+00
7.970000000000000284e+01,1.371296251623959517e+00,2.460702995681999794e-01,5.935234407076802610e-01,0.000000000000000000e+00
7.975000000000000000e+01,1.371296245763899080e+00,2.460703367687999688e-01,5.935253069445771690e-01,0.000000000000000000e+00
7.980000000000001137e+01,1.371296247883344588e+00,2.460703367687999688e-01,5.935253069445771690e-01,0.000000000000000000e+00
7.985000000000000853e+01,1.371296250002790096e+00,2.460702995681999794e-01,5.935234407076802610e-01,0.000000000000000000e+00
7.990000000000000568e+01,1.371296244142729659e+00,2.460703367687999688e-01,5.935253069445771690e-01,0.000000000000000000e+00
7.995000000000000284e+01,1.371296246262174945e+00,2.460703367687999688e-01,5.935253069445771690e-01,0.000000000000000000e+00
8.000000000000000000e+01,1.371296248381620453e+00,2.460703367687999688e-01,5.935253069445771690e-01,0.000000000000000000e+00
