t_ps,A_um_inv,Delta_fold_meV,lorentzian,folded_out
0.000000000000000000e+00,1.402423214055054546e+00,2.324439550649999853e-01,1.000000000000000000e+00,0.000000000000000000e+00
5.000000000000000278e-02,1.403888827562727482e+00,2.317777953816000103e-01,9.967254192599896978e-01,0.000000000000000000e+00
1.000000000000000056e-01,1.405331758923566321e+00,2.311195619190000161e-01,9.871810009310373335e-01,0.000000000000000000e+00
1.500000000000000222e-01,1.406727498067898541e+00,2.304805770551999755e-01,9.722533365951488982e-01,0.000000000000000000e+00
2.000000000000000111e-01,1.408055314186575924e+00,2.298705766583999943e-01,9.532647759433273693e-01,0.000000000000000000e+00
2.500000000000000000e-01,1.409299905148877707e+00,2.292969166649999890e-01,9.316878440408750128e-01,0.000000000000000000e+00
3.000000000000000444e-01,1.410451901460150426e+00,2.287642860222000030e-01,9.088926169453234172e-01,0.000000000000000000e+00
3.500000000000000333e-01,1.411507377938616026e+00,2.282748711905999706e-01,8.859921821659867414e-01,0.000000000000000000e+00
4.000000000000000222e-01,1.412466775030612576e+00,2.278288266881999813e-01,8.637926468921484080e-01,0.000000000000000000e+00
4.500000000000000111e-01,1.413333646990363679e+00,2.274248217948000028e-01,8.428143623766849446e-01,0.000000000000000000e+00
5.000000000000000000e-01,1.414113514596734511e+00,2.270605655603999684e-01,8.233480128562880029e-01,0.000000000000000000e+00
5.500000000000000444e-01,1.414812954127465883e+00,2.267332277406000074e-01,8.055172193991946283e-01,0.000000000000000000e+00
6.000000000000000888e-01,1.415438942312725601e+00,2.264397389165999919e-01,7.893330520257689775e-01,0.000000000000000000e+00
6.500000000000000222e-01,1.415998420779810862e+00,2.261770106885999665e-01,7.747371637480228168e-01,0.000000000000000000e+00
7.000000000000000666e-01,1.416498032400788976e+00,2.259420573569999868e-01,7.616315929167110088e-01,0.000000000000000000e+00
7.500000000000000000e-01,1.416943975077330942e+00,2.257320727985999975e-01,7.498992225937406442e-01,0.000000000000000000e+00
8.000000000000000444e-01,1.417341935403841680e+00,2.255444645435999707e-01,7.394166118854853531e-01,0.000000000000000000e+00
8.500000000000000888e-01,1.417697071754596250e+00,2.253768728039999836e-01,7.300622316024908409e-01,0.000000000000000000e+00
9.000000000000000222e-01,1.418014028700994800e+00,2.252271580313999766e-01,7.217203667822755797e-01,0.000000000000000000e+00
9.500000000000000666e-01,1.418296965615515992e+00,2.250934002348000118e-01,7.142839614321347952e-01,0.000000000000000000e+00
1.000000000000000000e+00,1.418549595597631496e+00,2.249738822825999851e-01,7.076554505779792947e-01,0.000000000000000000e+00
1.050000000000000044e+00,1.418775226834753544e+00,2.248670673719999902e-01,7.017465554018730289e-01,0.000000000000000000e+00
1.100000000000000089e+00,1.418976802423176142e+00,2.247715845719999994e-01,6.964780784645688838e-01,0.000000000000000000e+00
1.150000000000000133e+00,1.419156938837497828e+00,2.246862096131999886e-01,6.917791579353319564e-01,0.000000000000000000e+00
1.200000000000000178e+00,1.419317960978732751e+00,2.246098583009999983e-01,6.875870488384830947e-01,0.000000000000000000e+00
1.250000000000000000e+00,1.419461936046969575e+00,2.245415617595999946e-01,6.838458056675991159e-01,0.000000000000000000e+00
1.300000000000000044e+00,1.419590701837920577e+00,2.244804565236000193e-01,6.805057295247570748e-01,0.000000000000000000e+00
1.350000000000000089e+00,1.419705892632280086e+00,2.244257726178000012e-01,6.775226757415916401e-01,0.000000000000000000e+00
1.400000000000000133e+00,1.419808962149292419e+00,2.243768295407999880e-01,6.748577800028602303e-01,0.000000000000000000e+00
1.450000000000000178e+00,1.419901205295688307e+00,2.243330165874000137e-01,6.724763280840243551e-01,0.000000000000000000e+00
1.500000000000000000e+00,1.419983775250366786e+00,2.242937858915999838e-01,6.703473239945564321e-01,0.000000000000000000e+00
1.550000000000000044e+00,1.420057698742433594e+00,2.242586584079999945e-01,6.684437630000014119e-01,0.000000000000000000e+00
1.600000000000000089e+00,1.420123892398091225e+00,2.242271953991999689e-01,6.667410396470283551e-01,0.000000000000000000e+00
1.650000000000000133e+00,1.420183172588262766e+00,2.241990145241999910e-01,6.652177809114564466e-01,0.000000000000000000e+00
1.700000000000000178e+00,1.420236268637358412e+00,2.241737714736000142e-01,6.638548177454730581e-01,0.000000000000000000e+00
1.750000000000000000e+00,1.420283831835629895e+00,2.241511519410000208e-01,6.626347243935606368e-01,0.000000000000000000e+00
1.800000000000000044e+00,1.420326442566941294e+00,2.241308866176000003e-01,6.615426035374400993e-01,0.000000000000000000e+00
1.850000000000000089e+00,1.420364620613263407e+00,2.241127286201999858e-01,6.605648483986570341e-01,0.000000000000000000e+00
1.900000000000000133e+00,1.420398830423921677e+00,2.240964562619999767e-01,6.596892767054145512e-01,0.000000000000000000e+00
1.950000000000000178e+00,1.420429486922271778e+00,2.240818705992000115e-01,6.589049852482483649e-01,0.000000000000000000e+00
2.000000000000000000e+00,1.420456960716582451e+00,2.240687987670000048e-01,6.582025179054590280e-01,0.000000000000000000e+00
2.050000000000000266e+00,1.420481583988497665e+00,2.240570828508000045e-01,6.575732580984614550e-01,0.000000000000000000e+00
2.100000000000000089e+00,1.420503653912166930e+00,2.240465815584000153e-01,6.570095115981693379e-01,0.000000000000000000e+00
2.149999999999999911e+00,1.420523436406916806e+00,2.240371684475999936e-01,6.565044053252653278e-01,0.000000000000000000e+00
2.200000000000000178e+00,1.420541169477106624e+00,2.240287303373999783e-01,6.560517971781768543e-01,0.000000000000000000e+00
2.250000000000000000e+00,1.420557066184382933e+00,2.240211647742000045e-01,6.556461361656389375e-01,0.000000000000000000e+00
2.300000000000000266e+00,1.420571317051056992e+00,2.240143815815999750e-01,6.552825422926283894e-01,0.000000000000000000e+00
2.350000000000000089e+00,1.420584092786566943e+00,2.240083004363999930e-01,6.549566738979755165e-01,0.000000000000000000e+00
2.400000000000000355e+00,1.420595546474772375e+00,2.240028485004000036e-01,6.546645986450693178e-01,0.000000000000000000e+00
2.450000000000000178e+00,1.420605815237145464e+00,2.239979605277999941e-01,6.544027976162508642e-01,0.000000000000000000e+00
2.500000000000000000e+00,1.420615021912054354e+00,2.239935780647999974e-01,6.541681210576244521e-01,0.000000000000000000e+00
2.550000000000000266e+00,1.420623276554066505e+00,2.239896487397999847e-01,6.539577492512042012e-01,0.000000000000000000e+00
2.600000000000000089e+00,1.420630677774164852e+00,2.239861256243999843e-01,6.537691574005435324e-01,0.000000000000000000e+00
2.650000000000000355e+00,1.420637313937230140e+00,2.239829666652000117e-01,6.536000844866277637e-01,0.000000000000000000e+00
2.700000000000000178e+00,1.420643264232956504e+00,2.239801341743999918e-01,6.534485054163968742e-01,0.000000000000000000e+00
2.750000000000000000e+00,1.420648599633601572e+00,2.239775943725999807e-01,6.533126060823630787e-01,0.000000000000000000e+00
2.800000000000000266e+00,1.420653383750418941e+00,2.239753169844000136e-01,6.531907613422832659e-01,0.000000000000000000e+00
2.850000000000000089e+00,1.420657673600647541e+00,2.239732748724000133e-01,6.530815151298100529e-01,0.000000000000000000e+00
2.900000000000000355e+00,1.420661520293725610e+00,2.239714437096000099e-01,6.529835626811872906e-01,0.000000000000000000e+00
2.950000000000000178e+00,1.420664969645333287e+00,2.239698016883999998e-01,6.528957347694848146e-01,0.000000000000000000e+00
3.000000000000000000e+00,1.420668062727422187e+00,2.239683292595999742e-01,6.528169835835722079e-01,0.000000000000000000e+00
3.050000000000000266e+00,1.420670836360914624e+00,2.239670088965999839e-01,6.527463699871801639e-01,0.000000000000000000e+00
3.100000000000000089e+00,1.420673323556682410e+00,2.239658248859999756e-01,6.526830522158857395e-01,0.000000000000000000e+00
3.150000000000000355e+00,1.420675553910645483e+00,2.239647631404000083e-01,6.526262757822690608e-01,0.000000000000000000e+00
3.200000000000000178e+00,1.420677553957895523e+00,2.239638110285999961e-01,6.525753643283874750e-01,0.000000000000000000e+00
3.250000000000000000e+00,1.420679347489695266e+00,2.239629572256000012e-01,6.525297115506220047e-01,0.000000000000000000e+00
3.300000000000000266e+00,1.420680955837705817e+00,2.239621915769999805e-01,6.524887739054071600e-01,0.000000000000000000e+00
3.350000000000000089e+00,1.420682398128612078e+00,2.239615049783999778e-01,6.524520641258169107e-01,0.000000000000000000e+00
3.400000000000000355e+00,1.420683691512440117e+00,2.239608892649999905e-01,6.524191452905602207e-01,0.000000000000000000e+00
3.450000000000000178e+00,1.420684851366807111e+00,2.239603371179999802e-01,6.523896257969273860e-01,0.000000000000000000e+00
3.500000000000000000e+00,1.420685891480773844e+00,2.239598419722000078e-01,6.523631544024565132e-01,0.000000000000000000e+00
3.550000000000000266e+00,1.420686824218579281e+00,2.239593979421999892e-01,6.523394162646984906e-01,0.000000000000000000e+00
3.600000000000000089e+00,1.420687660667306229e+00,2.239589997503999841e-01,6.523181290801873811e-01,0.000000000000000000e+00
3.650000000000000355e+00,1.420688410768883081e+00,2.239586426639999794e-01,6.522990397069351465e-01,0.000000000000000000e+00
3.700000000000000178e+00,1.420689083438381850e+00,2.239583224391999972e-01,6.522819211737502787e-01,0.000000000000000000e+00
3.750000000000000000e+00,1.420689686670183249e+00,2.239580352696000087e-01,6.522665699156371399e-01,0.000000000000000000e+00
3.800000000000000266e+00,1.420690227632925851e+00,2.239577777429999916e-01,6.522528034594858859e-01,0.000000000000000000e+00
3.850000000000000089e+00,1.420690712755065865e+00,2.239575467999999903e-01,6.522404582069646350e-01,0.000000000000000000e+00
3.900000000000000355e+00,1.420691147801443455e+00,2.239573396949999795e-01,6.522293873465342395e-01,0.000000000000000000e+00
3.950000000000000178e+00,1.420691537941378257e+00,2.239571539680000056e-01,6.522194593434268439e-01,0.000000000000000000e+00
4.000000000000000000e+00,1.420691887810638487e+00,2.239569874116000003e-01,6.522105561735354051e-01,0.000000000000000000e+00
4.049999999999999822e+00,1.420692201566246871e+00,2.239568380469999787e-01,6.522025720388627823e-01,0.000000000000000000e+00
4.100000000000000533e+00,1.420692482936074086e+00,2.239567040999999870e-01,6.521954120832630375e-01,0.000000000000000000e+00
4.150000000000000355e+00,1.420692735263223927e+00,2.239565839793999924e-01,6.521889912367604403e-01,0.000000000000000000e+00
4.200000000000000178e+00,1.420692961545729549e+00,2.239564762566000067e-01,6.521832331242364278e-01,0.000000000000000000e+00
4.250000000000000000e+00,1.420693164471823478e+00,2.239563796529999984e-01,6.521780693912161420e-01,0.000000000000000000e+00
4.299999999999999822e+00,1.420693346452471362e+00,2.239562930201999813e-01,6.521734386449451470e-01,0.000000000000000000e+00
4.350000000000000533e+00,1.420693509649612052e+00,2.239562153298000069e-01,6.521692859087147021e-01,0.000000000000000000e+00
4.400000000000000355e+00,1.420693656002182559e+00,2.239561456578000043e-01,6.521655617876400690e-01,0.000000000000000000e+00
4.450000000000000178e+00,1.420693787248760387e+00,2.239560831773999838e-01,6.521622220835198158e-01,0.000000000000000000e+00
4.500000000000000000e+00,1.420693904948642450e+00,2.239560271457999852e-01,6.521592270890230747e-01,0.000000000000000000e+00
4.549999999999999822e+00,1.420694010500061832e+00,2.239559768975999954e-01,6.521565412347271051e-01,0.000000000000000000e+00
4.600000000000000533e+00,1.420694105156971920e+00,2.239559318358000095e-01,6.521541326078856837e-01,0.000000000000000000e+00
4.650000000000000355e+00,1.420694190043879424e+00,2.239558914252000044e-01,6.521519725995400529e-01,0.000000000000000000e+00
4.700000000000000178e+00,1.420694266169245212e+00,2.239558551857999957e-01,6.521500355516328673e-01,0.000000000000000000e+00
4.750000000000000000e+00,1.420694334437454520e+00,2.239558551857999957e-01,6.521500355516328673e-01,0.000000000000000000e+00
4.800000000000000711e+00,1.420694402705667159e+00,2.239557901866000011e-01,6.521465612592791672e-01,0.000000000000000000e+00
4.850000000000000533e+00,1.420694456881269829e+00,2.239557643961999911e-01,6.521451827315116745e-01,0.000000000000000000e+00
4.900000000000000355e+00,1.420694505465216917e+00,2.239557643961999911e-01,6.521451827315116745e-01,0.000000000000000000e+00
4.950000000000000178e+00,1.420694554049165559e+00,2.239557181391999829e-01,6.521427102435738421e-01,0.000000000000000000e+00
5.000000000000000000e+00,1.420694592604080153e+00,2.239557181391999829e-01,6.521427102435738421e-01,0.000000000000000000e+00
5.050000000000000711e+00,1.420694631158995858e+00,2.239557181391999829e-01,6.521427102435738421e-01,0.000000000000000000e+00
5.100000000000000533e+00,1.420694669713912672e+00,2.239556630766000034e-01,6.521397670934261370e-01,0.000000000000000000e+00
5.150000000000000355e+00,1.420694696330672802e+00,2.239556630766000034e-01,6.521397670934261370e-01,0.000000000000000000e+00
5.200000000000000178e+00,1.420694722947433375e+00,2.239556630766000034e-01,6.521397670934261370e-01,0.000000000000000000e+00
5.250000000000000000e+00,1.420694749564194392e+00,2.239556630766000034e-01,6.521397670934261370e-01,0.000000000000000000e+00
5.300000000000000711e+00,1.420694776180955854e+00,2.239556123921999931e-01,6.521370579689834690e-01,0.000000000000000000e+00
5.350000000000000533e+00,1.420694791808830182e+00,2.239556123921999931e-01,6.521370579689834690e-01,0.000000000000000000e+00
5.400000000000000355e+00,1.420694807436704510e+00,2.239556123921999931e-01,6.521370579689834690e-01,0.000000000000000000e+00
5.450000000000000178e+00,1.420694823064579060e+00,2.239556123921999931e-01,6.521370579689834690e-01,0.000000000000000000e+00
5.500000000000000000e+00,1.420694838692453832e+00,2.239556123921999931e-01,6.521370579689834690e-01,0.000000000000000000e+00
5.550000000000000711e+00,1.420694854320328826e+00,2.239555751933999805e-01,6.521350696653994694e-01,0.000000000000000000e+00
5.600000000000000533e+00,1.420694861883148086e+00,2.239555751933999805e-01,6.521350696653994694e-01,0.000000000000000000e+00
5.650000000000000355e+00,1.420694869445967345e+00,2.239555751933999805e-01,6.521350696653994694e-01,0.000000000000000000e+00
5.700000000000000178e+00,1.420694877008786605e+00,2.239555751933999805e-01,6.521350696653994694e-01,0.000000000000000000e+00
5.750000000000000000e+00,1.420694884571605865e+00,2.239555751933999805e-01,6.521350696653994694e-01,0.000000000000000000e+00
5.800000000000000711e+00,1.420694892134425125e+00,2.239555751933999805e-01,6.521350696653994694e-01,0.000000000000000000e+00
5.850000000000000533e+00,1.420694899697244606e+00,2.239555751933999805e-01,6.521350696653994694e-01,0.000000000000000000e+00
5.900000000000000355e+00,1.420694907260064088e+00,2.239555751933999805e-01,6.521350696653994694e-01,0.000000000000000000e+00
5.950000000000000178e+00,1.420694914822883570e+00,2.239555751933999805e-01,6.521350696653994694e-01,0.000000000000000000e+00
6.000000000000000000e+00,1.420694922385703052e+00,2.239555751933999805e-01,6.521350696653994694e-01,0.000000000000000000e+00
6.050000000000000711e+00,1.420694929948522534e+00,2.239555751933999805e-01,6.521350696653994694e-01,0.000000000000000000e+00
6.100000000000000533e+00,1.420694937511342015e+00,2.239555751933999805e-01,6.521350696653994694e-01,0.000000000000000000e+00
6.150000000000000355e+00,1.420694945074161719e+00,2.239555751933999805e-01,6.521350696653994694e-01,0.000000000000000000e+00
6.200000000000000178e+00,1.420694952636981423e+00,2.239555283897999849e-01,6.521325679829438338e-01,0.000000000000000000e+00
6.250000000000000000e+00,1.420694950052354244e+00,2.239555283897999849e-01,6.521325679829438338e-01,0.000000000000000000e+00
6.300000000000000711e+00,1.420694947467727065e+00,2.239555751933999805e-01,6.521350696653994694e-01,0.000000000000000000e+00
6.350000000000000533e+00,1.420694955030546769e+00,2.239555283897999849e-01,6.521325679829438338e-01,0.000000000000000000e+00
6.400000000000000355e+00,1.420694952445919590e+00,2.239555283897999849e-01,6.521325679829438338e-01,0.000000000000000000e+00
6.450000000000000178e+00,1.420694949861292411e+00,2.239555751933999805e-01,6.521350696653994694e-01,0.000000000000000000e+00
6.500000000000000000e+00,1.420694957424112115e+00,2.239555283897999849e-01,6.521325679829438338e-01,0.000000000000000000e+00
6.550000000000000711e+00,1.420694954839484936e+00,2.239555283897999849e-01,6.521325679829438338e-01,0.000000000000000000e+00
6.600000000000000533e+00,1.420694952254857757e+00,2.239555283897999849e-01,6.521325679829438338e-01,0.000000000000000000e+00
6.650000000000000355e+00,1.420694949670230578e+00,2.239555751933999805e-01,6.521350696653994694e-01,0.000000000000000000e+00
6.700000000000000178e+00,1.420694957233050282e+00,2.239555283897999849e-01,6.521325679829438338e-01,0.000000000000000000e+00
6.750000000000000000e+00,1.420694954648423103e+00,2.239555283897999849e-01,6.521325679829438338e-01,0.000000000000000000e+00
6.800000000000000711e+00,1.420694952063795924e+00,2.239555283897999849e-01,6.521325679829438338e-01,0.000000000000000000e+00
6.850000000000000533e+00,1.420694949479168745e+00,2.239555751933999805e-01,6.521350696653994694e-01,0.000000000000000000e+00
6.900000000000000355e+00,1.420694957041988449e+00,2.239555283897999849e-01,6.521325679829438338e-01,0.000000000000000000e+00
6.950000000000000178e+00,1.420694954457361270e+00,2.239555283897999849e-01,6.521325679829438338e-01,0.000000000000000000e+00
7.000000000000000000e+00,1.420694951872734091e+00,2.239555283897999849e-01,6.521325679829438338e-01,0.000000000000000000e+00
7.050000000000000711e+00,1.420694949288106912e+00,2.239555751933999805e-01,6.521350696653994694e-01,0.000000000000000000e+00
7.100000000000000533e+00,1.420694956850926616e+00,2.239555283897999849e-01,6.521325679829438338e-01,0.000000000000000000e+00
7.150000000000000355e+00,1.420694954266299437e+00,2.239555283897999849e-01,6.521325679829438338e-01,0.000000000000000000e+00
7.200000000000000178e+00,1.420694951681672258e+00,2.239555283897999849e-01,6.521325679829438338e-01,0.000000000000000000e+00
7.250000000000000000e+00,1.420694949097045079e+00,2.239555751933999805e-01,6.521350696653994694e-01,0.000000000000000000e+00
7.300000000000000711e+00,1.420694956659864783e+00,2.239555283897999849e-01,6.521325679829438338e-01,0.000000000000000000e+00
7.350000000000000533e+00,1.420694954075237604e+00,2.239555283897999849e-01,6.521325679829438338e-01,0.000000000000000000e+00
7.400000000000000355e+00,1.420694951490610425e+00,2.239555283897999849e-01,6.521325679829438338e-01,0.000000000000000000e+00
7.450000000000000178e+00,1.420694948905983246e+00,2.239555751933999805e-01,6.521350696653994694e-01,0.000000000000000000e+00
7.500000000000000000e+00,1.420694956468802950e+00,2.239555283897999849e-01,6.521325679829438338e-01,0.000000000000000000e+00
7.550000000000000711e+00,1.420694953884175771e+00,2.239555283897999849e-01,6.521325679829438338e-01,0.000000000000000000e+00
7.600000000000000533e+00,1.420694951299548592e+00,2.239555283897999849e-01,6.521325679829438338e-01,0.000000000000000000e+00
7.650000000000000355e+00,1.420694948714921413e+00,2.239555751933999805e-01,6.521350696653994694e-01,0.000000000000000000e+00
7.700000000000000178e+00,1.420694956277741117e+00,2.239555283897999849e-01,6.521325679829438338e-01,0.000000000000000000e+00
7.750000000000000000e+00,1.420694953693113938e+00,2.239555283897999849e-01,6.521325679829438338e-01,0.000000000000000000e+00
7.800000000000000711e+00,1.420694951108486759e+00,2.239555283897999849e-01,6.521325679829438338e-01,0.000000000000000000e+00
7.850000000000000533e+00,1.420694948523859580e+00,2.239555751933999805e-01,6.521350696653994694e-01,0.000000000000000000e+00
7.900000000000000355e+00,1.420694956086679284e+00,2.239555283897999849e-01,6.521325679829438338e-01,0.000000000000000000e+00
7.950000000000000178e+00,1.420694953502052105e+00,2.239555283897999849e-01,6.521325679829438338e-01,0.000000000000000000e+00
8.000000000000000000e+00,1.420694950917424926e+00,2.239555283897999849e-01,6.521325679829438338e-01,0.000000000000000000e+00
8.050000000000000711e+00,1.420694948332797747e+00,2.239555751933999805e-01,6.521350696653994694e-01,0.000000000000000000e+00
8.099999999999999645e+00,1.420694955895617451e+00,2.239555283897999849e-01,6.521325679829438338e-01,0.000000000000000000e+00
8.150000000000000355e+00,1.420694953310990272e+00,2.239555283897999849e-01,6.521325679829438338e-01,0.000000000000000000e+00
8.200000000000001066e+00,1.420694950726363093e+00,2.239555283897999849e-01,6.521325679829438338e-01,0.000000000000000000e+00
8.250000000000000000e+00,1.420694948141735914e+00,2.239555751933999805e-01,6.521350696653994694e-01,0.000000000000000000e+00
8.300000000000000711e+00,1.420694955704555618e+00,2.239555283897999849e-01,6.521325679829438338e-01,0.000000000000000000e+00
8.349999999999999645e+00,1.420694953119928439e+00,2.239555283897999849e-01,6.521325679829438338e-01,0.000000000000000000e+00
8.400000000000000355e+00,1.420694950535301260e+00,2.239555283897999849e-01,6.521325679829438338e-01,0.000000000000000000e+00
8.450000000000001066e+00,1.420694947950674081e+00,2.239555751933999805e-01,6.521350696653994694e-01,0.000000000000000000e+00
8.500000000000000000e+00,1.420694955513493785e+00,2.239555283897999849e-01,6.521325679829438338e-01,0.000000000000000000e+00
8.550000000000000711e+00,1.420694952928866606e+00,2.239555283897999849e-01,6.521325679829438338e-01,0.000000000000000000e+00
8.599999999999999645e+00,1.420694950344239427e+00,2.239555283897999849e-01,6.521325679829438338e-01,0.000000000000000000e+00
8.650000000000000355e+00,1.420694947759612248e+00,2.239555751933999805e-01,6.521350696653994694e-01,0.000000000000000000e+00
8.700000000000001066e+00,1.420694955322431952e+00,2.239555283897999849e-01,6.521325679829438338e-01,0.000000000000000000e+00
8.750000000000000000e+00,1.420694952737804773e+00,2.239555283897999849e-01,6.521325679829438338e-01,0.000000000000000000e+00
8.800000000000000711e+00,1.420694950153177594e+00,2.239555283897999849e-01,6.521325679829438338e-01,0.000000000000000000e+00
8.849999999999999645e+00,1.420694947568550415e+00,2.239555751933999805e-01,6.521350696653994694e-01,0.000000000000000000e+00
8.900000000000000355e+00,1.420694955131370119e+00,2.239555283897999849e-01,6.521325679829438338e-01,0.000000000000000000e+00
8.950000000000001066e+00,1.420694952546742940e+00,2.239555283897999849e-01,6.521325679829438338e-01,0.000000000000000000e+00
9.000000000000000000e+00,1.420694949962115761e+00,2.239555751933999805e-01,6.521350696653994694e-01,0.000000000000000000e+00
9.050000000000000711e+00,1.420694957524935464e+00,2.239555283897999849e-01,6.521325679829438338e-01,0.000000000000000000e+00
9.099999999999999645e+00,1.420694954940308286e+00,2.239555283897999849e-01,6.521325679829438338e-01,0.000000000000000000e+00
9.150000000000000355e+00,1.420694952355681107e+00,2.239555283897999849e-01,6.521325679829438338e-01,0.000000000000000000e+00
9.200000000000001066e+00,1.420694949771053928e+00,2.239555751933999805e-01,6.521350696653994694e-01,0.000000000000000000e+00
9.250000000000000000e+00,1.420694957333873631e+00,2.239555283897999849e-01,6.521325679829438338e-01,0.000000000000000000e+00
9.300000000000000711e+00,1.420694954749246453e+00,2.239555283897999849e-01,6.521325679829438338e-01,0.000000000000000000e+00
9.349999999999999645e+00,1.420694952164619274e+00,2.239555283897999849e-01,6.521325679829438338e-01,0.000000000000000000e+00
9.400000000000000355e+00,1.420694949579992095e+00,2.239555751933999805e-01,6.521350696653994694e-01,0.000000000000000000e+00
9.450000000000001066e+00,1.420694957142811798e+00,2.239555283897999849e-01,6.521325679829438338e-01,0.000000000000000000e+00
9.500000000000000000e+00,1.420694954558184619e+00,2.239555283897999849e-01,6.521325679829438338e-01,0.000000000000000000e+00
9.550000000000000711e+00,1.420694951973557441e+00,2.239555283897999849e-01,6.521325679829438338e-01,0.000000000000000000e+00
9.600000000000001421e+00,1.420694949388930262e+00,2.239555751933999805e-01,6.521350696653994694e-01,0.000000000000000000e+00
9.650000000000000355e+00,1.420694956951749965e+00,2.239555283897999849e-01,6.521325679829438338e-01,0.000000000000000000e+00
9.700000000000001066e+00,1.420694954367122786e+00,2.239555283897999849e-01,6.521325679829438338e-01,0.000000000000000000e+00
9.750000000000000000e+00,1.420694951782495608e+00,2.239555283897999849e-01,6.521325679829438338e-01,0.000000000000000000e+00
9.800000000000000711e+00,1.420694949197868429e+00,2.239555751933999805e-01,6.521350696653994694e-01,0.000000000000000000e+00
9.850000000000001421e+00,1.420694956760688132e+00,2.239555283897999849e-01,6.521325679829438338e-01,0.000000000000000000e+00
9.900000000000000355e+00,1.420694954176060953e+00,2.239555283897999849e-01,6.521325679829438338e-01,0.000000000000000000e+00
9.950000000000001066e+00,1.420694951591433774e+00,2.239555283897999849e-01,6.521325679829438338e-01,0.000000000000000000e+00
1.000000000000000000e+01,1.420694949006806596e+00,2.239555751933999805e-01,6.521350696653994694e-01,0.000000000000000000e+00
1.005000000000000071e+01,1.420694956569626299e+00,2.239555283897999849e-01,6.521325679829438338e-01,0.000000000000000000e+00
1.010000000000000142e+01,1.420694953984999120e+00,2.239555283897999849e-01,6.521325679829438338e-01,0.000000000000000000e+00
1.015000000000000036e+01,1.420694951400371941e+00,2.239555283897999849e-01,6.521325679829438338e-01,0.000000000000000000e+00
1.020000000000000107e+01,1.420694948815744763e+00,2.239555751933999805e-01,6.521350696653994694e-01,0.000000000000000000e+00
1.025000000000000000e+01,1.420694956378564466e+00,2.239555283897999849e-01,6.521325679829438338e-01,0.000000000000000000e+00
1.030000000000000071e+01,1.420694953793937287e+00,2.239555283897999849e-01,6.521325679829438338e-01,0.000000000000000000e+00
1.035000000000000142e+01,1.420694951209310108e+00,2.239555283897999849e-01,6.521325679829438338e-01,0.000000000000000000e+00
1.040000000000000036e+01,1.420694948624682930e+00,2.239555751933999805e-01,6.521350696653994694e-01,0.000000000000000000e+00
1.045000000000000107e+01,1.420694956187502633e+00,2.239555283897999849e-01,6.521325679829438338e-01,0.000000000000000000e+00
1.050000000000000000e+01,1.420694953602875454e+00,2.239555283897999849e-01,6.521325679829438338e-01,0.000000000000000000e+00
1.055000000000000071e+01,1.420694951018248275e+00,2.239555283897999849e-01,6.521325679829438338e-01,0.000000000000000000e+00
1.060000000000000142e+01,1.420694948433621096e+00,2.239555751933999805e-01,6.521350696653994694e-01,0.000000000000000000e+00
1.065000000000000036e+01,1.420694955996440800e+00,2.239555283897999849e-01,6.521325679829438338e-01,0.000000000000000000e+00
1.070000000000000107e+01,1.420694953411813621e+00,2.239555283897999849e-01,6.521325679829438338e-01,0.000000000000000000e+00
1.075000000000000000e+01,1.420694950827186442e+00,2.239555283897999849e-01,6.521325679829438338e-01,0.000000000000000000e+00
1.080000000000000071e+01,1.420694948242559263e+00,2.239555751933999805e-01,6.521350696653994694e-01,0.000000000000000000e+00
1.085000000000000142e+01,1.420694955805378967e+00,2.239555283897999849e-01,6.521325679829438338e-01,0.000000000000000000e+00
1.090000000000000036e+01,1.420694953220751788e+00,2.239555283897999849e-01,6.521325679829438338e-01,0.000000000000000000e+00
1.095000000000000107e+01,1.420694950636124609e+00,2.239555283897999849e-01,6.521325679829438338e-01,0.000000000000000000e+00
1.100000000000000000e+01,1.420694948051497430e+00,2.239555751933999805e-01,6.521350696653994694e-01,0.000000000000000000e+00
1.105000000000000071e+01,1.420694955614317134e+00,2.239555283897999849e-01,6.521325679829438338e-01,0.000000000000000000e+00
1.110000000000000142e+01,1.420694953029689955e+00,2.239555283897999849e-01,6.521325679829438338e-01,0.000000000000000000e+00
1.115000000000000036e+01,1.420694950445062776e+00,2.239555283897999849e-01,6.521325679829438338e-01,0.000000000000000000e+00
1.120000000000000107e+01,1.420694947860435597e+00,2.239555751933999805e-01,6.521350696653994694e-01,0.000000000000000000e+00
1.125000000000000000e+01,1.420694955423255301e+00,2.239555283897999849e-01,6.521325679829438338e-01,0.000000000000000000e+00
1.130000000000000071e+01,1.420694952838628122e+00,2.239555283897999849e-01,6.521325679829438338e-01,0.000000000000000000e+00
1.135000000000000142e+01,1.420694950254000943e+00,2.239555283897999849e-01,6.521325679829438338e-01,0.000000000000000000e+00
1.140000000000000036e+01,1.420694947669373764e+00,2.239555751933999805e-01,6.521350696653994694e-01,0.000000000000000000e+00
1.145000000000000107e+01,1.420694955232193468e+00,2.239555283897999849e-01,6.521325679829438338e-01,0.000000000000000000e+00
1.150000000000000000e+01,1.420694952647566289e+00,2.239555283897999849e-01,6.521325679829438338e-01,0.000000000000000000e+00
1.155000000000000071e+01,1.420694950062939110e+00,2.239555283897999849e-01,6.521325679829438338e-01,0.000000000000000000e+00
1.160000000000000142e+01,1.420694947478311931e+00,2.239555751933999805e-01,6.521350696653994694e-01,0.000000000000000000e+00
1.165000000000000036e+01,1.420694955041131635e+00,2.239555283897999849e-01,6.521325679829438338e-01,0.000000000000000000e+00
1.170000000000000107e+01,1.420694952456504456e+00,2.239555283897999849e-01,6.521325679829438338e-01,0.000000000000000000e+00
1.175000000000000000e+01,1.420694949871877277e+00,2.239555751933999805e-01,6.521350696653994694e-01,0.000000000000000000e+00
1.180000000000000071e+01,1.420694957434696981e+00,2.239555283897999849e-01,6.521325679829438338e-01,0.000000000000000000e+00
1.185000000000000142e+01,1.420694954850069802e+00,2.239555283897999849e-01,6.521325679829438338e-01,0.000000000000000000e+00
1.190000000000000036e+01,1.420694952265442623e+00,2.239555283897999849e-01,6.521325679829438338e-01,0.000000000000000000e+00
1.195000000000000107e+01,1.420694949680815444e+00,2.239555751933999805e-01,6.521350696653994694e-01,0.000000000000000000e+00
1.200000000000000000e+01,1.420694957243635148e+00,2.239555283897999849e-01,6.521325679829438338e-01,0.000000000000000000e+00
1.205000000000000071e+01,1.420694954659007969e+00,2.239555283897999849e-01,6.521325679829438338e-01,0.000000000000000000e+00
1.210000000000000142e+01,1.420694952074380790e+00,2.239555283897999849e-01,6.521325679829438338e-01,0.000000000000000000e+00
1.215000000000000036e+01,1.420694949489753611e+00,2.239555751933999805e-01,6.521350696653994694e-01,0.000000000000000000e+00
1.220000000000000107e+01,1.420694957052573315e+00,2.239555283897999849e-01,6.521325679829438338e-01,0.000000000000000000e+00
1.225000000000000000e+01,1.420694954467946136e+00,2.239555283897999849e-01,6.521325679829438338e-01,0.000000000000000000e+00
1.230000000000000071e+01,1.420694951883318957e+00,2.239555283897999849e-01,6.521325679829438338e-01,0.000000000000000000e+00
1.235000000000000142e+01,1.420694949298691778e+00,2.239555751933999805e-01,6.521350696653994694e-01,0.000000000000000000e+00
1.240000000000000036e+01,1.420694956861511482e+00,2.239555283897999849e-01,6.521325679829438338e-01,0.000000000000000000e+00
1.245000000000000107e+01,1.420694954276884303e+00,2.239555283897999849e-01,6.521325679829438338e-01,0.000000000000000000e+00
1.250000000000000000e+01,1.420694951692257124e+00,2.239555283897999849e-01,6.521325679829438338e-01,0.000000000000000000e+00
1.255000000000000071e+01,1.420694949107629945e+00,2.239555751933999805e-01,6.521350696653994694e-01,0.000000000000000000e+00
1.260000000000000142e+01,1.420694956670449649e+00,2.239555283897999849e-01,6.521325679829438338e-01,0.000000000000000000e+00
1.265000000000000036e+01,1.420694954085822470e+00,2.239555283897999849e-01,6.521325679829438338e-01,0.000000000000000000e+00
1.270000000000000107e+01,1.420694951501195291e+00,2.239555283897999849e-01,6.521325679829438338e-01,0.000000000000000000e+00
1.275000000000000000e+01,1.420694948916568112e+00,2.239555751933999805e-01,6.521350696653994694e-01,0.000000000000000000e+00
1.280000000000000071e+01,1.420694956479387816e+00,2.239555283897999849e-01,6.521325679829438338e-01,0.000000000000000000e+00
1.285000000000000142e+01,1.420694953894760637e+00,2.239555283897999849e-01,6.521325679829438338e-01,0.000000000000000000e+00
1.290000000000000036e+01,1.420694951310133458e+00,2.239555283897999849e-01,6.521325679829438338e-01,0.000000000000000000e+00
1.295000000000000107e+01,1.420694948725506279e+00,2.239555751933999805e-01,6.521350696653994694e-01,0.000000000000000000e+00
1.300000000000000000e+01,1.420694956288325983e+00,2.239555283897999849e-01,6.521325679829438338e-01,0.000000000000000000e+00
1.305000000000000071e+01,1.420694953703698804e+00,2.239555283897999849e-01,6.521325679829438338e-01,0.000000000000000000e+00
1.310000000000000142e+01,1.420694951119071625e+00,2.239555283897999849e-01,6.521325679829438338e-01,0.000000000000000000e+00
1.315000000000000036e+01,1.420694948534444446e+00,2.239555751933999805e-01,6.521350696653994694e-01,0.000000000000000000e+00
1.320000000000000107e+01,1.420694956097264150e+00,2.239555283897999849e-01,6.521325679829438338e-01,0.000000000000000000e+00
1.325000000000000000e+01,1.420694953512636971e+00,2.239555283897999849e-01,6.521325679829438338e-01,0.000000000000000000e+00
1.330000000000000071e+01,1.420694950928009792e+00,2.239555283897999849e-01,6.521325679829438338e-01,0.000000000000000000e+00
1.335000000000000142e+01,1.420694948343382613e+00,2.239555751933999805e-01,6.521350696653994694e-01,0.000000000000000000e+00
1.340000000000000036e+01,1.420694955906202317e+00,2.239555283897999849e-01,6.521325679829438338e-01,0.000000000000000000e+00
1.345000000000000107e+01,1.420694953321575138e+00,2.239555283897999849e-01,6.521325679829438338e-01,0.000000000000000000e+00
1.350000000000000000e+01,1.420694950736947959e+00,2.239555283897999849e-01,6.521325679829438338e-01,0.000000000000000000e+00
1.355000000000000071e+01,1.420694948152320780e+00,2.239555751933999805e-01,6.521350696653994694e-01,0.000000000000000000e+00
1.360000000000000142e+01,1.420694955715140484e+00,2.239555283897999849e-01,6.521325679829438338e-01,0.000000000000000000e+00
1.365000000000000036e+01,1.420694953130513305e+00,2.239555283897999849e-01,6.521325679829438338e-01,0.000000000000000000e+00
1.370000000000000107e+01,1.420694950545886126e+00,2.239555283897999849e-01,6.521325679829438338e-01,0.000000000000000000e+00
1.375000000000000000e+01,1.420694947961258947e+00,2.239555751933999805e-01,6.521350696653994694e-01,0.000000000000000000e+00
1.380000000000000071e+01,1.420694955524078651e+00,2.239555283897999849e-01,6.521325679829438338e-01,0.000000000000000000e+00
1.385000000000000142e+01,1.420694952939451472e+00,2.239555283897999849e-01,6.521325679829438338e-01,0.000000000000000000e+00
1.390000000000000036e+01,1.420694950354824293e+00,2.239555283897999849e-01,6.521325679829438338e-01,0.000000000000000000e+00
1.395000000000000107e+01,1.420694947770197114e+00,2.239555751933999805e-01,6.521350696653994694e-01,0.000000000000000000e+00
1.400000000000000000e+01,1.420694955333016818e+00,2.239555283897999849e-01,6.521325679829438338e-01,0.000000000000000000e+00
1.405000000000000071e+01,1.420694952748389639e+00,2.239555283897999849e-01,6.521325679829438338e-01,0.000000000000000000e+00
1.410000000000000142e+01,1.420694950163762460e+00,2.239555283897999849e-01,6.521325679829438338e-01,0.000000000000000000e+00
1.415000000000000036e+01,1.420694947579135281e+00,2.239555751933999805e-01,6.521350696653994694e-01,0.000000000000000000e+00
1.420000000000000107e+01,1.420694955141954985e+00,2.239555283897999849e-01,6.521325679829438338e-01,0.000000000000000000e+00
1.425000000000000000e+01,1.420694952557327806e+00,2.239555283897999849e-01,6.521325679829438338e-01,0.000000000000000000e+00
1.430000000000000071e+01,1.420694949972700627e+00,2.239555751933999805e-01,6.521350696653994694e-01,0.000000000000000000e+00
1.435000000000000142e+01,1.420694957535520331e+00,2.239555283897999849e-01,6.521325679829438338e-01,0.000000000000000000e+00
1.440000000000000036e+01,1.420694954950893152e+00,2.239555283897999849e-01,6.521325679829438338e-01,0.000000000000000000e+00
1.445000000000000107e+01,1.420694952366265973e+00,2.239555283897999849e-01,6.521325679829438338e-01,0.000000000000000000e+00
1.450000000000000000e+01,1.420694949781638794e+00,2.239555751933999805e-01,6.521350696653994694e-01,0.000000000000000000e+00
1.455000000000000071e+01,1.420694957344458498e+00,2.239555283897999849e-01,6.521325679829438338e-01,0.000000000000000000e+00
1.460000000000000142e+01,1.420694954759831319e+00,2.239555283897999849e-01,6.521325679829438338e-01,0.000000000000000000e+00
1.465000000000000036e+01,1.420694952175204140e+00,2.239555283897999849e-01,6.521325679829438338e-01,0.000000000000000000e+00
1.470000000000000107e+01,1.420694949590576961e+00,2.239555751933999805e-01,6.521350696653994694e-01,0.000000000000000000e+00
1.475000000000000000e+01,1.420694957153396665e+00,2.239555283897999849e-01,6.521325679829438338e-01,0.000000000000000000e+00
1.480000000000000071e+01,1.420694954568769486e+00,2.239555283897999849e-01,6.521325679829438338e-01,0.000000000000000000e+00
1.485000000000000142e+01,1.420694951984142307e+00,2.239555283897999849e-01,6.521325679829438338e-01,0.000000000000000000e+00
1.490000000000000036e+01,1.420694949399515128e+00,2.239555751933999805e-01,6.521350696653994694e-01,0.000000000000000000e+00
1.495000000000000107e+01,1.420694956962334832e+00,2.239555283897999849e-01,6.521325679829438338e-01,0.000000000000000000e+00
1.500000000000000000e+01,1.420694954377707653e+00,2.239555283897999849e-01,6.521325679829438338e-01,0.000000000000000000e+00
1.505000000000000071e+01,1.420694951793080474e+00,2.239555283897999849e-01,6.521325679829438338e-01,0.000000000000000000e+00
1.510000000000000142e+01,1.420694949208453295e+00,2.239555751933999805e-01,6.521350696653994694e-01,0.000000000000000000e+00
1.515000000000000036e+01,1.420694956771272999e+00,2.239555283897999849e-01,6.521325679829438338e-01,0.000000000000000000e+00
1.520000000000000107e+01,1.420694954186645820e+00,2.239555283897999849e-01,6.521325679829438338e-01,0.000000000000000000e+00
1.525000000000000000e+01,1.420694951602018641e+00,2.239555283897999849e-01,6.521325679829438338e-01,0.000000000000000000e+00
1.530000000000000071e+01,1.420694949017391462e+00,2.239555751933999805e-01,6.521350696653994694e-01,0.000000000000000000e+00
1.535000000000000142e+01,1.420694956580211166e+00,2.239555283897999849e-01,6.521325679829438338e-01,0.000000000000000000e+00
1.540000000000000036e+01,1.420694953995583987e+00,2.239555283897999849e-01,6.521325679829438338e-01,0.000000000000000000e+00
1.545000000000000107e+01,1.420694951410956808e+00,2.239555283897999849e-01,6.521325679829438338e-01,0.000000000000000000e+00
1.550000000000000000e+01,1.420694948826329629e+00,2.239555751933999805e-01,6.521350696653994694e-01,0.000000000000000000e+00
1.555000000000000071e+01,1.420694956389149333e+00,2.239555283897999849e-01,6.521325679829438338e-01,0.000000000000000000e+00
1.560000000000000142e+01,1.420694953804522154e+00,2.239555283897999849e-01,6.521325679829438338e-01,0.000000000000000000e+00
1.565000000000000036e+01,1.420694951219894975e+00,2.239555283897999849e-01,6.521325679829438338e-01,0.000000000000000000e+00
1.570000000000000107e+01,1.420694948635267796e+00,2.239555751933999805e-01,6.521350696653994694e-01,0.000000000000000000e+00
1.575000000000000000e+01,1.420694956198087500e+00,2.239555283897999849e-01,6.521325679829438338e-01,0.000000000000000000e+00
1.580000000000000071e+01,1.420694953613460321e+00,2.239555283897999849e-01,6.521325679829438338e-01,0.000000000000000000e+00
1.585000000000000142e+01,1.420694951028833142e+00,2.239555283897999849e-01,6.521325679829438338e-01,0.000000000000000000e+00
1.590000000000000036e+01,1.420694948444205963e+00,2.239555751933999805e-01,6.521350696653994694e-01,0.000000000000000000e+00
1.595000000000000107e+01,1.420694956007025667e+00,2.239555283897999849e-01,6.521325679829438338e-01,0.000000000000000000e+00
1.600000000000000000e+01,1.420694953422398488e+00,2.239555283897999849e-01,6.521325679829438338e-01,0.000000000000000000e+00
1.605000000000000071e+01,1.420694950837771309e+00,2.239555283897999849e-01,6.521325679829438338e-01,0.000000000000000000e+00
1.610000000000000142e+01,1.420694948253144130e+00,2.239555751933999805e-01,6.521350696653994694e-01,0.000000000000000000e+00
1.615000000000000213e+01,1.420694955815963834e+00,2.239555283897999849e-01,6.521325679829438338e-01,0.000000000000000000e+00
1.619999999999999929e+01,1.420694953231336655e+00,2.239555283897999849e-01,6.521325679829438338e-01,0.000000000000000000e+00
1.625000000000000000e+01,1.420694950646709476e+00,2.239555283897999849e-01,6.521325679829438338e-01,0.000000000000000000e+00
1.630000000000000071e+01,1.420694948062082297e+00,2.239555751933999805e-01,6.521350696653994694e-01,0.000000000000000000e+00
1.635000000000000142e+01,1.420694955624902001e+00,2.239555283897999849e-01,6.521325679829438338e-01,0.000000000000000000e+00
1.640000000000000213e+01,1.420694953040274822e+00,2.239555283897999849e-01,6.521325679829438338e-01,0.000000000000000000e+00
1.644999999999999929e+01,1.420694950455647643e+00,2.239555283897999849e-01,6.521325679829438338e-01,0.000000000000000000e+00
1.650000000000000000e+01,1.420694947871020464e+00,2.239555751933999805e-01,6.521350696653994694e-01,0.000000000000000000e+00
1.655000000000000071e+01,1.420694955433840168e+00,2.239555283897999849e-01,6.521325679829438338e-01,0.000000000000000000e+00
1.660000000000000142e+01,1.420694952849212989e+00,2.239555283897999849e-01,6.521325679829438338e-01,0.000000000000000000e+00
1.665000000000000213e+01,1.420694950264585810e+00,2.239555283897999849e-01,6.521325679829438338e-01,0.000000000000000000e+00
1.669999999999999929e+01,1.420694947679958631e+00,2.239555751933999805e-01,6.521350696653994694e-01,0.000000000000000000e+00
1.675000000000000000e+01,1.420694955242778335e+00,2.239555283897999849e-01,6.521325679829438338e-01,0.000000000000000000e+00
1.680000000000000071e+01,1.420694952658151156e+00,2.239555283897999849e-01,6.521325679829438338e-01,0.000000000000000000e+00
1.685000000000000142e+01,1.420694950073523977e+00,2.239555283897999849e-01,6.521325679829438338e-01,0.000000000000000000e+00
1.690000000000000213e+01,1.420694947488896798e+00,2.239555751933999805e-01,6.521350696653994694e-01,0.000000000000000000e+00
1.694999999999999929e+01,1.420694955051716502e+00,2.239555283897999849e-01,6.521325679829438338e-01,0.000000000000000000e+00
1.700000000000000000e+01,1.420694952467089323e+00,2.239555283897999849e-01,6.521325679829438338e-01,0.000000000000000000e+00
1.705000000000000071e+01,1.420694949882462144e+00,2.239555751933999805e-01,6.521350696653994694e-01,0.000000000000000000e+00
1.710000000000000142e+01,1.420694957445281847e+00,2.239555283897999849e-01,6.521325679829438338e-01,0.000000000000000000e+00
1.715000000000000213e+01,1.420694954860654668e+00,2.239555283897999849e-01,6.521325679829438338e-01,0.000000000000000000e+00
1.719999999999999929e+01,1.420694952276027490e+00,2.239555283897999849e-01,6.521325679829438338e-01,0.000000000000000000e+00
1.725000000000000000e+01,1.420694949691400311e+00,2.239555751933999805e-01,6.521350696653994694e-01,0.000000000000000000e+00
1.730000000000000071e+01,1.420694957254220014e+00,2.239555283897999849e-01,6.521325679829438338e-01,0.000000000000000000e+00
1.735000000000000142e+01,1.420694954669592835e+00,2.239555283897999849e-01,6.521325679829438338e-01,0.000000000000000000e+00
1.740000000000000213e+01,1.420694952084965657e+00,2.239555283897999849e-01,6.521325679829438338e-01,0.000000000000000000e+00
1.744999999999999929e+01,1.420694949500338478e+00,2.239555751933999805e-01,6.521350696653994694e-01,0.000000000000000000e+00
1.750000000000000000e+01,1.420694957063158181e+00,2.239555283897999849e-01,6.521325679829438338e-01,0.000000000000000000e+00
1.755000000000000071e+01,1.420694954478531002e+00,2.239555283897999849e-01,6.521325679829438338e-01,0.000000000000000000e+00
1.760000000000000142e+01,1.420694951893903824e+00,2.239555283897999849e-01,6.521325679829438338e-01,0.000000000000000000e+00
1.765000000000000213e+01,1.420694949309276645e+00,2.239555751933999805e-01,6.521350696653994694e-01,0.000000000000000000e+00
1.769999999999999929e+01,1.420694956872096348e+00,2.239555283897999849e-01,6.521325679829438338e-01,0.000000000000000000e+00
1.775000000000000000e+01,1.420694954287469169e+00,2.239555283897999849e-01,6.521325679829438338e-01,0.000000000000000000e+00
1.780000000000000071e+01,1.420694951702841990e+00,2.239555283897999849e-01,6.521325679829438338e-01,0.000000000000000000e+00
1.785000000000000142e+01,1.420694949118214812e+00,2.239555751933999805e-01,6.521350696653994694e-01,0.000000000000000000e+00
1.790000000000000213e+01,1.420694956681034515e+00,2.239555283897999849e-01,6.521325679829438338e-01,0.000000000000000000e+00
1.794999999999999929e+01,1.420694954096407336e+00,2.239555283897999849e-01,6.521325679829438338e-01,0.000000000000000000e+00
1.800000000000000000e+01,1.420694951511780157e+00,2.239555283897999849e-01,6.521325679829438338e-01,0.000000000000000000e+00
1.805000000000000071e+01,1.420694948927152979e+00,2.239555751933999805e-01,6.521350696653994694e-01,0.000000000000000000e+00
1.810000000000000142e+01,1.420694956489972682e+00,2.239555283897999849e-01,6.521325679829438338e-01,0.000000000000000000e+00
1.815000000000000213e+01,1.420694953905345503e+00,2.239555283897999849e-01,6.521325679829438338e-01,0.000000000000000000e+00
1.819999999999999929e+01,1.420694951320718324e+00,2.239555283897999849e-01,6.521325679829438338e-01,0.000000000000000000e+00
1.825000000000000000e+01,1.420694948736091145e+00,2.239555751933999805e-01,6.521350696653994694e-01,0.000000000000000000e+00
1.830000000000000071e+01,1.420694956298910849e+00,2.239555283897999849e-01,6.521325679829438338e-01,0.000000000000000000e+00
1.835000000000000142e+01,1.420694953714283670e+00,2.239555283897999849e-01,6.521325679829438338e-01,0.000000000000000000e+00
1.840000000000000213e+01,1.420694951129656491e+00,2.239555283897999849e-01,6.521325679829438338e-01,0.000000000000000000e+00
1.844999999999999929e+01,1.420694948545029312e+00,2.239555751933999805e-01,6.521350696653994694e-01,0.000000000000000000e+00
1.850000000000000000e+01,1.420694956107849016e+00,2.239555283897999849e-01,6.521325679829438338e-01,0.000000000000000000e+00
1.855000000000000071e+01,1.420694953523221837e+00,2.239555283897999849e-01,6.521325679829438338e-01,0.000000000000000000e+00
1.860000000000000142e+01,1.420694950938594658e+00,2.239555283897999849e-01,6.521325679829438338e-01,0.000000000000000000e+00
1.865000000000000213e+01,1.420694948353967479e+00,2.239555751933999805e-01,6.521350696653994694e-01,0.000000000000000000e+00
1.869999999999999929e+01,1.420694955916787183e+00,2.239555283897999849e-01,6.521325679829438338e-01,0.000000000000000000e+00
1.875000000000000000e+01,1.420694953332160004e+00,2.239555283897999849e-01,6.521325679829438338e-01,0.000000000000000000e+00
1.880000000000000071e+01,1.420694950747532825e+00,2.239555283897999849e-01,6.521325679829438338e-01,0.000000000000000000e+00
1.885000000000000142e+01,1.420694948162905646e+00,2.239555751933999805e-01,6.521350696653994694e-01,0.000000000000000000e+00
1.890000000000000213e+01,1.420694955725725350e+00,2.239555283897999849e-01,6.521325679829438338e-01,0.000000000000000000e+00
1.894999999999999929e+01,1.420694953141098171e+00,2.239555283897999849e-01,6.521325679829438338e-01,0.000000000000000000e+00
1.900000000000000000e+01,1.420694950556470992e+00,2.239555283897999849e-01,6.521325679829438338e-01,0.000000000000000000e+00
1.905000000000000071e+01,1.420694947971843813e+00,2.239555751933999805e-01,6.521350696653994694e-01,0.000000000000000000e+00
1.910000000000000142e+01,1.420694955534663517e+00,2.239555283897999849e-01,6.521325679829438338e-01,0.000000000000000000e+00
1.915000000000000213e+01,1.420694952950036338e+00,2.239555283897999849e-01,6.521325679829438338e-01,0.000000000000000000e+00
1.920000000000000284e+01,1.420694950365409159e+00,2.239555283897999849e-01,6.521325679829438338e-01,0.000000000000000000e+00
1.925000000000000000e+01,1.420694947780781980e+00,2.239555751933999805e-01,6.521350696653994694e-01,0.000000000000000000e+00
1.930000000000000071e+01,1.420694955343601684e+00,2.239555283897999849e-01,6.521325679829438338e-01,0.000000000000000000e+00
1.935000000000000142e+01,1.420694952758974505e+00,2.239555283897999849e-01,6.521325679829438338e-01,0.000000000000000000e+00
1.940000000000000213e+01,1.420694950174347326e+00,2.239555283897999849e-01,6.521325679829438338e-01,0.000000000000000000e+00
1.945000000000000284e+01,1.420694947589720147e+00,2.239555751933999805e-01,6.521350696653994694e-01,0.000000000000000000e+00
1.950000000000000000e+01,1.420694955152539851e+00,2.239555283897999849e-01,6.521325679829438338e-01,0.000000000000000000e+00
1.955000000000000071e+01,1.420694952567912672e+00,2.239555283897999849e-01,6.521325679829438338e-01,0.000000000000000000e+00
1.960000000000000142e+01,1.420694949983285493e+00,2.239555751933999805e-01,6.521350696653994694e-01,0.000000000000000000e+00
1.965000000000000213e+01,1.420694957546105197e+00,2.239555283897999849e-01,6.521325679829438338e-01,0.000000000000000000e+00
1.970000000000000284e+01,1.420694954961478018e+00,2.239555283897999849e-01,6.521325679829438338e-01,0.000000000000000000e+00
1.975000000000000000e+01,1.420694952376850839e+00,2.239555283897999849e-01,6.521325679829438338e-01,0.000000000000000000e+00
1.980000000000000071e+01,1.420694949792223660e+00,2.239555751933999805e-01,6.521350696653994694e-01,0.000000000000000000e+00
1.985000000000000142e+01,1.420694957355043364e+00,2.239555283897999849e-01,6.521325679829438338e-01,0.000000000000000000e+00
1.990000000000000213e+01,1.420694954770416185e+00,2.239555283897999849e-01,6.521325679829438338e-01,0.000000000000000000e+00
1.995000000000000284e+01,1.420694952185789006e+00,2.239555283897999849e-01,6.521325679829438338e-01,0.000000000000000000e+00
2.000000000000000000e+01,1.420694949601161827e+00,2.239555751933999805e-01,6.521350696653994694e-01,0.000000000000000000e+00
2.005000000000000071e+01,1.420694957163981531e+00,2.239555283897999849e-01,6.521325679829438338e-01,0.000000000000000000e+00
2.010000000000000142e+01,1.420694954579354352e+00,2.239555283897999849e-01,6.521325679829438338e-01,0.000000000000000000e+00
2.015000000000000213e+01,1.420694951994727173e+00,2.239555283897999849e-01,6.521325679829438338e-01,0.000000000000000000e+00
2.020000000000000284e+01,1.420694949410099994e+00,2.239555751933999805e-01,6.521350696653994694e-01,0.000000000000000000e+00
2.025000000000000000e+01,1.420694956972919698e+00,2.239555283897999849e-01,6.521325679829438338e-01,0.000000000000000000e+00
2.030000000000000071e+01,1.420694954388292519e+00,2.239555283897999849e-01,6.521325679829438338e-01,0.000000000000000000e+00
2.035000000000000142e+01,1.420694951803665340e+00,2.239555283897999849e-01,6.521325679829438338e-01,0.000000000000000000e+00
2.040000000000000213e+01,1.420694949219038161e+00,2.239555751933999805e-01,6.521350696653994694e-01,0.000000000000000000e+00
2.045000000000000284e+01,1.420694956781857865e+00,2.239555283897999849e-01,6.521325679829438338e-01,0.000000000000000000e+00
2.050000000000000000e+01,1.420694954197230686e+00,2.239555283897999849e-01,6.521325679829438338e-01,0.000000000000000000e+00
2.055000000000000071e+01,1.420694951612603507e+00,2.239555283897999849e-01,6.521325679829438338e-01,0.000000000000000000e+00
2.060000000000000142e+01,1.420694949027976328e+00,2.239555751933999805e-01,6.521350696653994694e-01,0.000000000000000000e+00
2.065000000000000213e+01,1.420694956590796032e+00,2.239555283897999849e-01,6.521325679829438338e-01,0.000000000000000000e+00
2.070000000000000284e+01,1.420694954006168853e+00,2.239555283897999849e-01,6.521325679829438338e-01,0.000000000000000000e+00
2.075000000000000000e+01,1.420694951421541674e+00,2.239555283897999849e-01,6.521325679829438338e-01,0.000000000000000000e+00
2.080000000000000071e+01,1.420694948836914495e+00,2.239555751933999805e-01,6.521350696653994694e-01,0.000000000000000000e+00
2.085000000000000142e+01,1.420694956399734199e+00,2.239555283897999849e-01,6.521325679829438338e-01,0.000000000000000000e+00
2.090000000000000213e+01,1.420694953815107020e+00,2.239555283897999849e-01,6.521325679829438338e-01,0.000000000000000000e+00
2.095000000000000284e+01,1.420694951230479841e+00,2.239555283897999849e-01,6.521325679829438338e-01,0.000000000000000000e+00
2.100000000000000000e+01,1.420694948645852662e+00,2.239555751933999805e-01,6.521350696653994694e-01,0.000000000000000000e+00
2.105000000000000071e+01,1.420694956208672366e+00,2.239555283897999849e-01,6.521325679829438338e-01,0.000000000000000000e+00
2.110000000000000142e+01,1.420694953624045187e+00,2.239555283897999849e-01,6.521325679829438338e-01,0.000000000000000000e+00
2.115000000000000213e+01,1.420694951039418008e+00,2.239555283897999849e-01,6.521325679829438338e-01,0.000000000000000000e+00
2.120000000000000284e+01,1.420694948454790829e+00,2.239555751933999805e-01,6.521350696653994694e-01,0.000000000000000000e+00
2.125000000000000000e+01,1.420694956017610533e+00,2.239555283897999849e-01,6.521325679829438338e-01,0.000000000000000000e+00
2.130000000000000071e+01,1.420694953432983354e+00,2.239555283897999849e-01,6.521325679829438338e-01,0.000000000000000000e+00
2.135000000000000142e+01,1.420694950848356175e+00,2.239555283897999849e-01,6.521325679829438338e-01,0.000000000000000000e+00
2.140000000000000213e+01,1.420694948263728996e+00,2.239555751933999805e-01,6.521350696653994694e-01,0.000000000000000000e+00
2.145000000000000284e+01,1.420694955826548700e+00,2.239555283897999849e-01,6.521325679829438338e-01,0.000000000000000000e+00
2.150000000000000000e+01,1.420694953241921521e+00,2.239555283897999849e-01,6.521325679829438338e-01,0.000000000000000000e+00
2.155000000000000071e+01,1.420694950657294342e+00,2.239555283897999849e-01,6.521325679829438338e-01,0.000000000000000000e+00
2.160000000000000142e+01,1.420694948072667163e+00,2.239555751933999805e-01,6.521350696653994694e-01,0.000000000000000000e+00
2.165000000000000213e+01,1.420694955635486867e+00,2.239555283897999849e-01,6.521325679829438338e-01,0.000000000000000000e+00
2.170000000000000284e+01,1.420694953050859688e+00,2.239555283897999849e-01,6.521325679829438338e-01,0.000000000000000000e+00
2.175000000000000000e+01,1.420694950466232509e+00,2.239555283897999849e-01,6.521325679829438338e-01,0.000000000000000000e+00
2.180000000000000071e+01,1.420694947881605330e+00,2.239555751933999805e-01,6.521350696653994694e-01,0.000000000000000000e+00
2.185000000000000142e+01,1.420694955444425034e+00,2.239555283897999849e-01,6.521325679829438338e-01,0.000000000000000000e+00
2.190000000000000213e+01,1.420694952859797855e+00,2.239555283897999849e-01,6.521325679829438338e-01,0.000000000000000000e+00
2.195000000000000284e+01,1.420694950275170676e+00,2.239555283897999849e-01,6.521325679829438338e-01,0.000000000000000000e+00
2.200000000000000000e+01,1.420694947690543497e+00,2.239555751933999805e-01,6.521350696653994694e-01,0.000000000000000000e+00
2.205000000000000071e+01,1.420694955253363201e+00,2.239555283897999849e-01,6.521325679829438338e-01,0.000000000000000000e+00
2.210000000000000142e+01,1.420694952668736022e+00,2.239555283897999849e-01,6.521325679829438338e-01,0.000000000000000000e+00
2.215000000000000213e+01,1.420694950084108843e+00,2.239555283897999849e-01,6.521325679829438338e-01,0.000000000000000000e+00
2.220000000000000284e+01,1.420694947499481664e+00,2.239555751933999805e-01,6.521350696653994694e-01,0.000000000000000000e+00
2.225000000000000000e+01,1.420694955062301368e+00,2.239555283897999849e-01,6.521325679829438338e-01,0.000000000000000000e+00
2.230000000000000071e+01,1.420694952477674189e+00,2.239555283897999849e-01,6.521325679829438338e-01,0.000000000000000000e+00
2.235000000000000142e+01,1.420694949893047010e+00,2.239555751933999805e-01,6.521350696653994694e-01,0.000000000000000000e+00
2.240000000000000213e+01,1.420694957455866714e+00,2.239555283897999849e-01,6.521325679829438338e-01,0.000000000000000000e+00
2.245000000000000284e+01,1.420694954871239535e+00,2.239555283897999849e-01,6.521325679829438338e-01,0.000000000000000000e+00
2.250000000000000000e+01,1.420694952286612356e+00,2.239555283897999849e-01,6.521325679829438338e-01,0.000000000000000000e+00
2.255000000000000071e+01,1.420694949701985177e+00,2.239555751933999805e-01,6.521350696653994694e-01,0.000000000000000000e+00
2.260000000000000142e+01,1.420694957264804881e+00,2.239555283897999849e-01,6.521325679829438338e-01,0.000000000000000000e+00
2.265000000000000213e+01,1.420694954680177702e+00,2.239555283897999849e-01,6.521325679829438338e-01,0.000000000000000000e+00
2.270000000000000284e+01,1.420694952095550523e+00,2.239555283897999849e-01,6.521325679829438338e-01,0.000000000000000000e+00
2.275000000000000000e+01,1.420694949510923344e+00,2.239555751933999805e-01,6.521350696653994694e-01,0.000000000000000000e+00
2.280000000000000071e+01,1.420694957073743048e+00,2.239555283897999849e-01,6.521325679829438338e-01,0.000000000000000000e+00
2.285000000000000142e+01,1.420694954489115869e+00,2.239555283897999849e-01,6.521325679829438338e-01,0.000000000000000000e+00
2.290000000000000213e+01,1.420694951904488690e+00,2.239555283897999849e-01,6.521325679829438338e-01,0.000000000000000000e+00
2.295000000000000284e+01,1.420694949319861511e+00,2.239555751933999805e-01,6.521350696653994694e-01,0.000000000000000000e+00
2.300000000000000000e+01,1.420694956882681215e+00,2.239555283897999849e-01,6.521325679829438338e-01,0.000000000000000000e+00
2.305000000000000071e+01,1.420694954298054036e+00,2.239555283897999849e-01,6.521325679829438338e-01,0.000000000000000000e+00
2.310000000000000142e+01,1.420694951713426857e+00,2.239555283897999849e-01,6.521325679829438338e-01,0.000000000000000000e+00
2.315000000000000213e+01,1.420694949128799678e+00,2.239555751933999805e-01,6.521350696653994694e-01,0.000000000000000000e+00
2.320000000000000284e+01,1.420694956691619382e+00,2.239555283897999849e-01,6.521325679829438338e-01,0.000000000000000000e+00
2.325000000000000000e+01,1.420694954106992203e+00,2.239555283897999849e-01,6.521325679829438338e-01,0.000000000000000000e+00
2.330000000000000071e+01,1.420694951522365024e+00,2.239555283897999849e-01,6.521325679829438338e-01,0.000000000000000000e+00
2.335000000000000142e+01,1.420694948937737845e+00,2.239555751933999805e-01,6.521350696653994694e-01,0.000000000000000000e+00
2.340000000000000213e+01,1.420694956500557549e+00,2.239555283897999849e-01,6.521325679829438338e-01,0.000000000000000000e+00
2.345000000000000284e+01,1.420694953915930370e+00,2.239555283897999849e-01,6.521325679829438338e-01,0.000000000000000000e+00
2.350000000000000000e+01,1.420694951331303191e+00,2.239555283897999849e-01,6.521325679829438338e-01,0.000000000000000000e+00
2.355000000000000071e+01,1.420694948746676012e+00,2.239555751933999805e-01,6.521350696653994694e-01,0.000000000000000000e+00
2.360000000000000142e+01,1.420694956309495716e+00,2.239555283897999849e-01,6.521325679829438338e-01,0.000000000000000000e+00
2.365000000000000213e+01,1.420694953724868537e+00,2.239555283897999849e-01,6.521325679829438338e-01,0.000000000000000000e+00
2.370000000000000284e+01,1.420694951140241358e+00,2.239555283897999849e-01,6.521325679829438338e-01,0.000000000000000000e+00
2.375000000000000000e+01,1.420694948555614179e+00,2.239555751933999805e-01,6.521350696653994694e-01,0.000000000000000000e+00
2.380000000000000071e+01,1.420694956118433883e+00,2.239555283897999849e-01,6.521325679829438338e-01,0.000000000000000000e+00
2.385000000000000142e+01,1.420694953533806704e+00,2.239555283897999849e-01,6.521325679829438338e-01,0.000000000000000000e+00
2.390000000000000213e+01,1.420694950949179525e+00,2.239555283897999849e-01,6.521325679829438338e-01,0.000000000000000000e+00
2.395000000000000284e+01,1.420694948364552346e+00,2.239555751933999805e-01,6.521350696653994694e-01,0.000000000000000000e+00
2.400000000000000000e+01,1.420694955927372050e+00,2.239555283897999849e-01,6.521325679829438338e-01,0.000000000000000000e+00
2.405000000000000071e+01,1.420694953342744871e+00,2.239555283897999849e-01,6.521325679829438338e-01,0.000000000000000000e+00
2.410000000000000142e+01,1.420694950758117692e+00,2.239555283897999849e-01,6.521325679829438338e-01,0.000000000000000000e+00
2.415000000000000213e+01,1.420694948173490513e+00,2.239555751933999805e-01,6.521350696653994694e-01,0.000000000000000000e+00
2.420000000000000284e+01,1.420694955736310217e+00,2.239555283897999849e-01,6.521325679829438338e-01,0.000000000000000000e+00
2.425000000000000000e+01,1.420694953151683038e+00,2.239555283897999849e-01,6.521325679829438338e-01,0.000000000000000000e+00
2.430000000000000071e+01,1.420694950567055859e+00,2.239555283897999849e-01,6.521325679829438338e-01,0.000000000000000000e+00
2.435000000000000142e+01,1.420694947982428680e+00,2.239555751933999805e-01,6.521350696653994694e-01,0.000000000000000000e+00
2.440000000000000213e+01,1.420694955545248384e+00,2.239555283897999849e-01,6.521325679829438338e-01,0.000000000000000000e+00
2.445000000000000284e+01,1.420694952960621205e+00,2.239555283897999849e-01,6.521325679829438338e-01,0.000000000000000000e+00
2.450000000000000000e+01,1.420694950375994026e+00,2.239555283897999849e-01,6.521325679829438338e-01,0.000000000000000000e+00
2.455000000000000071e+01,1.420694947791366847e+00,2.239555751933999805e-01,6.521350696653994694e-01,0.000000000000000000e+00
2.460000000000000142e+01,1.420694955354186551e+00,2.239555283897999849e-01,6.521325679829438338e-01,0.000000000000000000e+00
2.465000000000000213e+01,1.420694952769559372e+00,2.239555283897999849e-01,6.521325679829438338e-01,0.000000000000000000e+00
2.470000000000000284e+01,1.420694950184932193e+00,2.239555283897999849e-01,6.521325679829438338e-01,0.000000000000000000e+00
2.475000000000000000e+01,1.420694947600305014e+00,2.239555751933999805e-01,6.521350696653994694e-01,0.000000000000000000e+00
2.480000000000000071e+01,1.420694955163124718e+00,2.239555283897999849e-01,6.521325679829438338e-01,0.000000000000000000e+00
2.485000000000000142e+01,1.420694952578497539e+00,2.239555283897999849e-01,6.521325679829438338e-01,0.000000000000000000e+00
2.490000000000000213e+01,1.420694949993870360e+00,2.239555751933999805e-01,6.521350696653994694e-01,0.000000000000000000e+00
2.495000000000000284e+01,1.420694957556690063e+00,2.239555283897999849e-01,6.521325679829438338e-01,0.000000000000000000e+00
2.500000000000000000e+01,1.420694954972062884e+00,2.239555283897999849e-01,6.521325679829438338e-01,0.000000000000000000e+00
2.505000000000000071e+01,1.420694952387435706e+00,2.239555283897999849e-01,6.521325679829438338e-01,0.000000000000000000e+00
2.510000000000000142e+01,1.420694949802808527e+00,2.239555751933999805e-01,6.521350696653994694e-01,0.000000000000000000e+00
2.515000000000000213e+01,1.420694957365628230e+00,2.239555283897999849e-01,6.521325679829438338e-01,0.000000000000000000e+00
2.520000000000000284e+01,1.420694954781001051e+00,2.239555283897999849e-01,6.521325679829438338e-01,0.000000000000000000e+00
2.525000000000000000e+01,1.420694952196373873e+00,2.239555283897999849e-01,6.521325679829438338e-01,0.000000000000000000e+00
2.530000000000000071e+01,1.420694949611746694e+00,2.239555751933999805e-01,6.521350696653994694e-01,0.000000000000000000e+00
2.535000000000000142e+01,1.420694957174566397e+00,2.239555283897999849e-01,6.521325679829438338e-01,0.000000000000000000e+00
2.540000000000000213e+01,1.420694954589939218e+00,2.239555283897999849e-01,6.521325679829438338e-01,0.000000000000000000e+00
2.545000000000000284e+01,1.420694952005312039e+00,2.239555283897999849e-01,6.521325679829438338e-01,0.000000000000000000e+00
2.550000000000000000e+01,1.420694949420684861e+00,2.239555751933999805e-01,6.521350696653994694e-01,0.000000000000000000e+00
2.555000000000000071e+01,1.420694956983504564e+00,2.239555283897999849e-01,6.521325679829438338e-01,0.000000000000000000e+00
2.560000000000000142e+01,1.420694954398877385e+00,2.239555283897999849e-01,6.521325679829438338e-01,0.000000000000000000e+00
2.565000000000000213e+01,1.420694951814250206e+00,2.239555283897999849e-01,6.521325679829438338e-01,0.000000000000000000e+00
2.570000000000000284e+01,1.420694949229623028e+00,2.239555751933999805e-01,6.521350696653994694e-01,0.000000000000000000e+00
2.575000000000000000e+01,1.420694956792442731e+00,2.239555283897999849e-01,6.521325679829438338e-01,0.000000000000000000e+00
2.580000000000000071e+01,1.420694954207815552e+00,2.239555283897999849e-01,6.521325679829438338e-01,0.000000000000000000e+00
2.585000000000000142e+01,1.420694951623188373e+00,2.239555283897999849e-01,6.521325679829438338e-01,0.000000000000000000e+00
2.590000000000000213e+01,1.420694949038561194e+00,2.239555751933999805e-01,6.521350696653994694e-01,0.000000000000000000e+00
2.595000000000000284e+01,1.420694956601380898e+00,2.239555283897999849e-01,6.521325679829438338e-01,0.000000000000000000e+00
2.600000000000000000e+01,1.420694954016753719e+00,2.239555283897999849e-01,6.521325679829438338e-01,0.000000000000000000e+00
2.605000000000000071e+01,1.420694951432126540e+00,2.239555283897999849e-01,6.521325679829438338e-01,0.000000000000000000e+00
2.610000000000000142e+01,1.420694948847499361e+00,2.239555751933999805e-01,6.521350696653994694e-01,0.000000000000000000e+00
2.615000000000000213e+01,1.420694956410319065e+00,2.239555283897999849e-01,6.521325679829438338e-01,0.000000000000000000e+00
2.620000000000000284e+01,1.420694953825691886e+00,2.239555283897999849e-01,6.521325679829438338e-01,0.000000000000000000e+00
2.625000000000000000e+01,1.420694951241064707e+00,2.239555283897999849e-01,6.521325679829438338e-01,0.000000000000000000e+00
2.630000000000000071e+01,1.420694948656437528e+00,2.239555751933999805e-01,6.521350696653994694e-01,0.000000000000000000e+00
2.635000000000000142e+01,1.420694956219257232e+00,2.239555283897999849e-01,6.521325679829438338e-01,0.000000000000000000e+00
2.640000000000000213e+01,1.420694953634630053e+00,2.239555283897999849e-01,6.521325679829438338e-01,0.000000000000000000e+00
2.645000000000000284e+01,1.420694951050002874e+00,2.239555283897999849e-01,6.521325679829438338e-01,0.000000000000000000e+00
2.650000000000000000e+01,1.420694948465375695e+00,2.239555751933999805e-01,6.521350696653994694e-01,0.000000000000000000e+00
2.655000000000000071e+01,1.420694956028195399e+00,2.239555283897999849e-01,6.521325679829438338e-01,0.000000000000000000e+00
2.660000000000000142e+01,1.420694953443568220e+00,2.239555283897999849e-01,6.521325679829438338e-01,0.000000000000000000e+00
2.665000000000000213e+01,1.420694950858941041e+00,2.239555283897999849e-01,6.521325679829438338e-01,0.000000000000000000e+00
2.670000000000000284e+01,1.420694948274313862e+00,2.239555751933999805e-01,6.521350696653994694e-01,0.000000000000000000e+00
2.675000000000000000e+01,1.420694955837133566e+00,2.239555283897999849e-01,6.521325679829438338e-01,0.000000000000000000e+00
2.680000000000000071e+01,1.420694953252506387e+00,2.239555283897999849e-01,6.521325679829438338e-01,0.000000000000000000e+00
2.685000000000000142e+01,1.420694950667879208e+00,2.239555283897999849e-01,6.521325679829438338e-01,0.000000000000000000e+00
2.690000000000000213e+01,1.420694948083252029e+00,2.239555751933999805e-01,6.521350696653994694e-01,0.000000000000000000e+00
2.695000000000000284e+01,1.420694955646071733e+00,2.239555283897999849e-01,6.521325679829438338e-01,0.000000000000000000e+00
2.700000000000000000e+01,1.420694953061444554e+00,2.239555283897999849e-01,6.521325679829438338e-01,0.000000000000000000e+00
2.705000000000000071e+01,1.420694950476817375e+00,2.239555283897999849e-01,6.521325679829438338e-01,0.000000000000000000e+00
2.710000000000000142e+01,1.420694947892190196e+00,2.239555751933999805e-01,6.521350696653994694e-01,0.000000000000000000e+00
2.715000000000000213e+01,1.420694955455009900e+00,2.239555283897999849e-01,6.521325679829438338e-01,0.000000000000000000e+00
2.720000000000000284e+01,1.420694952870382721e+00,2.239555283897999849e-01,6.521325679829438338e-01,0.000000000000000000e+00
2.725000000000000000e+01,1.420694950285755542e+00,2.239555283897999849e-01,6.521325679829438338e-01,0.000000000000000000e+00
2.730000000000000071e+01,1.420694947701128363e+00,2.239555751933999805e-01,6.521350696653994694e-01,0.000000000000000000e+00
2.735000000000000142e+01,1.420694955263948067e+00,2.239555283897999849e-01,6.521325679829438338e-01,0.000000000000000000e+00
2.740000000000000213e+01,1.420694952679320888e+00,2.239555283897999849e-01,6.521325679829438338e-01,0.000000000000000000e+00
2.745000000000000284e+01,1.420694950094693709e+00,2.239555283897999849e-01,6.521325679829438338e-01,0.000000000000000000e+00
2.750000000000000000e+01,1.420694947510066530e+00,2.239555751933999805e-01,6.521350696653994694e-01,0.000000000000000000e+00
2.755000000000000071e+01,1.420694955072886234e+00,2.239555283897999849e-01,6.521325679829438338e-01,0.000000000000000000e+00
2.760000000000000142e+01,1.420694952488259055e+00,2.239555283897999849e-01,6.521325679829438338e-01,0.000000000000000000e+00
2.765000000000000213e+01,1.420694949903631876e+00,2.239555751933999805e-01,6.521350696653994694e-01,0.000000000000000000e+00
2.770000000000000284e+01,1.420694957466451580e+00,2.239555283897999849e-01,6.521325679829438338e-01,0.000000000000000000e+00
2.775000000000000000e+01,1.420694954881824401e+00,2.239555283897999849e-01,6.521325679829438338e-01,0.000000000000000000e+00
2.780000000000000071e+01,1.420694952297197222e+00,2.239555283897999849e-01,6.521325679829438338e-01,0.000000000000000000e+00
2.785000000000000142e+01,1.420694949712570043e+00,2.239555751933999805e-01,6.521350696653994694e-01,0.000000000000000000e+00
2.790000000000000213e+01,1.420694957275389747e+00,2.239555283897999849e-01,6.521325679829438338e-01,0.000000000000000000e+00
2.795000000000000284e+01,1.420694954690762568e+00,2.239555283897999849e-01,6.521325679829438338e-01,0.000000000000000000e+00
2.800000000000000000e+01,1.420694952106135389e+00,2.239555283897999849e-01,6.521325679829438338e-01,0.000000000000000000e+00
2.805000000000000071e+01,1.420694949521508210e+00,2.239555751933999805e-01,6.521350696653994694e-01,0.000000000000000000e+00
2.810000000000000142e+01,1.420694957084327914e+00,2.239555283897999849e-01,6.521325679829438338e-01,0.000000000000000000e+00
2.815000000000000213e+01,1.420694954499700735e+00,2.239555283897999849e-01,6.521325679829438338e-01,0.000000000000000000e+00
2.820000000000000284e+01,1.420694951915073556e+00,2.239555283897999849e-01,6.521325679829438338e-01,0.000000000000000000e+00
2.825000000000000000e+01,1.420694949330446377e+00,2.239555751933999805e-01,6.521350696653994694e-01,0.000000000000000000e+00
2.830000000000000071e+01,1.420694956893266081e+00,2.239555283897999849e-01,6.521325679829438338e-01,0.000000000000000000e+00
2.835000000000000142e+01,1.420694954308638902e+00,2.239555283897999849e-01,6.521325679829438338e-01,0.000000000000000000e+00
2.840000000000000213e+01,1.420694951724011723e+00,2.239555283897999849e-01,6.521325679829438338e-01,0.000000000000000000e+00
2.845000000000000284e+01,1.420694949139384544e+00,2.239555751933999805e-01,6.521350696653994694e-01,0.000000000000000000e+00
2.850000000000000000e+01,1.420694956702204248e+00,2.239555283897999849e-01,6.521325679829438338e-01,0.000000000000000000e+00
2.855000000000000071e+01,1.420694954117577069e+00,2.239555283897999849e-01,6.521325679829438338e-01,0.000000000000000000e+00
2.860000000000000142e+01,1.420694951532949890e+00,2.239555283897999849e-01,6.521325679829438338e-01,0.000000000000000000e+00
2.865000000000000213e+01,1.420694948948322711e+00,2.239555751933999805e-01,6.521350696653994694e-01,0.000000000000000000e+00
2.870000000000000284e+01,1.420694956511142415e+00,2.239555283897999849e-01,6.521325679829438338e-01,0.000000000000000000e+00
2.875000000000000000e+01,1.420694953926515236e+00,2.239555283897999849e-01,6.521325679829438338e-01,0.000000000000000000e+00
2.880000000000000071e+01,1.420694951341888057e+00,2.239555283897999849e-01,6.521325679829438338e-01,0.000000000000000000e+00
2.885000000000000142e+01,1.420694948757260878e+00,2.239555751933999805e-01,6.521350696653994694e-01,0.000000000000000000e+00
2.890000000000000213e+01,1.420694956320080582e+00,2.239555283897999849e-01,6.521325679829438338e-01,0.000000000000000000e+00
2.895000000000000284e+01,1.420694953735453403e+00,2.239555283897999849e-01,6.521325679829438338e-01,0.000000000000000000e+00
2.900000000000000000e+01,1.420694951150826224e+00,2.239555283897999849e-01,6.521325679829438338e-01,0.000000000000000000e+00
2.905000000000000071e+01,1.420694948566199045e+00,2.239555751933999805e-01,6.521350696653994694e-01,0.000000000000000000e+00
2.910000000000000142e+01,1.420694956129018749e+00,2.239555283897999849e-01,6.521325679829438338e-01,0.000000000000000000e+00
2.915000000000000213e+01,1.420694953544391570e+00,2.239555283897999849e-01,6.521325679829438338e-01,0.000000000000000000e+00
2.920000000000000284e+01,1.420694950959764391e+00,2.239555283897999849e-01,6.521325679829438338e-01,0.000000000000000000e+00
2.925000000000000000e+01,1.420694948375137212e+00,2.239555751933999805e-01,6.521350696653994694e-01,0.000000000000000000e+00
2.930000000000000071e+01,1.420694955937956916e+00,2.239555283897999849e-01,6.521325679829438338e-01,0.000000000000000000e+00
2.935000000000000142e+01,1.420694953353329737e+00,2.239555283897999849e-01,6.521325679829438338e-01,0.000000000000000000e+00
2.940000000000000213e+01,1.420694950768702558e+00,2.239555283897999849e-01,6.521325679829438338e-01,0.000000000000000000e+00
2.945000000000000284e+01,1.420694948184075379e+00,2.239555751933999805e-01,6.521350696653994694e-01,0.000000000000000000e+00
2.950000000000000000e+01,1.420694955746895083e+00,2.239555283897999849e-01,6.521325679829438338e-01,0.000000000000000000e+00
2.955000000000000071e+01,1.420694953162267904e+00,2.239555283897999849e-01,6.521325679829438338e-01,0.000000000000000000e+00
2.960000000000000142e+01,1.420694950577640725e+00,2.239555283897999849e-01,6.521325679829438338e-01,0.000000000000000000e+00
2.965000000000000213e+01,1.420694947993013546e+00,2.239555751933999805e-01,6.521350696653994694e-01,0.000000000000000000e+00
2.970000000000000284e+01,1.420694955555833250e+00,2.239555283897999849e-01,6.521325679829438338e-01,0.000000000000000000e+00
2.975000000000000000e+01,1.420694952971206071e+00,2.239555283897999849e-01,6.521325679829438338e-01,0.000000000000000000e+00
2.980000000000000071e+01,1.420694950386578892e+00,2.239555283897999849e-01,6.521325679829438338e-01,0.000000000000000000e+00
2.985000000000000142e+01,1.420694947801951713e+00,2.239555751933999805e-01,6.521350696653994694e-01,0.000000000000000000e+00
2.990000000000000213e+01,1.420694955364771417e+00,2.239555283897999849e-01,6.521325679829438338e-01,0.000000000000000000e+00
2.995000000000000284e+01,1.420694952780144238e+00,2.239555283897999849e-01,6.521325679829438338e-01,0.000000000000000000e+00
3.000000000000000000e+01,1.420694950195517059e+00,2.239555283897999849e-01,6.521325679829438338e-01,0.000000000000000000e+00
3.005000000000000071e+01,1.420694947610889880e+00,2.239555751933999805e-01,6.521350696653994694e-01,0.000000000000000000e+00
3.010000000000000142e+01,1.420694955173709584e+00,2.239555283897999849e-01,6.521325679829438338e-01,0.000000000000000000e+00
3.015000000000000213e+01,1.420694952589082405e+00,2.239555283897999849e-01,6.521325679829438338e-01,0.000000000000000000e+00
3.020000000000000284e+01,1.420694950004455226e+00,2.239555283897999849e-01,6.521325679829438338e-01,0.000000000000000000e+00
3.025000000000000000e+01,1.420694947419828047e+00,2.239555751933999805e-01,6.521350696653994694e-01,0.000000000000000000e+00
3.030000000000000071e+01,1.420694954982647751e+00,2.239555283897999849e-01,6.521325679829438338e-01,0.000000000000000000e+00
3.035000000000000142e+01,1.420694952398020572e+00,2.239555283897999849e-01,6.521325679829438338e-01,0.000000000000000000e+00
3.040000000000000213e+01,1.420694949813393393e+00,2.239555751933999805e-01,6.521350696653994694e-01,0.000000000000000000e+00
3.045000000000000284e+01,1.420694957376213097e+00,2.239555283897999849e-01,6.521325679829438338e-01,0.000000000000000000e+00
3.050000000000000000e+01,1.420694954791585918e+00,2.239555283897999849e-01,6.521325679829438338e-01,0.000000000000000000e+00
3.055000000000000071e+01,1.420694952206958739e+00,2.239555283897999849e-01,6.521325679829438338e-01,0.000000000000000000e+00
3.060000000000000142e+01,1.420694949622331560e+00,2.239555751933999805e-01,6.521350696653994694e-01,0.000000000000000000e+00
3.065000000000000213e+01,1.420694957185151264e+00,2.239555283897999849e-01,6.521325679829438338e-01,0.000000000000000000e+00
3.070000000000000284e+01,1.420694954600524085e+00,2.239555283897999849e-01,6.521325679829438338e-01,0.000000000000000000e+00
3.075000000000000000e+01,1.420694952015896906e+00,2.239555283897999849e-01,6.521325679829438338e-01,0.000000000000000000e+00
3.080000000000000071e+01,1.420694949431269727e+00,2.239555751933999805e-01,6.521350696653994694e-01,0.000000000000000000e+00
3.085000000000000142e+01,1.420694956994089431e+00,2.239555283897999849e-01,6.521325679829438338e-01,0.000000000000000000e+00
3.090000000000000213e+01,1.420694954409462252e+00,2.239555283897999849e-01,6.521325679829438338e-01,0.000000000000000000e+00
3.095000000000000284e+01,1.420694951824835073e+00,2.239555283897999849e-01,6.521325679829438338e-01,0.000000000000000000e+00
3.100000000000000000e+01,1.420694949240207894e+00,2.239555751933999805e-01,6.521350696653994694e-01,0.000000000000000000e+00
3.105000000000000071e+01,1.420694956803027598e+00,2.239555283897999849e-01,6.521325679829438338e-01,0.000000000000000000e+00
3.110000000000000142e+01,1.420694954218400419e+00,2.239555283897999849e-01,6.521325679829438338e-01,0.000000000000000000e+00
3.115000000000000213e+01,1.420694951633773240e+00,2.239555283897999849e-01,6.521325679829438338e-01,0.000000000000000000e+00
3.120000000000000284e+01,1.420694949049146061e+00,2.239555751933999805e-01,6.521350696653994694e-01,0.000000000000000000e+00
3.125000000000000000e+01,1.420694956611965765e+00,2.239555283897999849e-01,6.521325679829438338e-01,0.000000000000000000e+00
3.130000000000000071e+01,1.420694954027338586e+00,2.239555283897999849e-01,6.521325679829438338e-01,0.000000000000000000e+00
3.135000000000000142e+01,1.420694951442711407e+00,2.239555283897999849e-01,6.521325679829438338e-01,0.000000000000000000e+00
3.140000000000000213e+01,1.420694948858084228e+00,2.239555751933999805e-01,6.521350696653994694e-01,0.000000000000000000e+00
3.145000000000000284e+01,1.420694956420903932e+00,2.239555283897999849e-01,6.521325679829438338e-01,0.000000000000000000e+00
3.150000000000000000e+01,1.420694953836276753e+00,2.239555283897999849e-01,6.521325679829438338e-01,0.000000000000000000e+00
3.155000000000000071e+01,1.420694951251649574e+00,2.239555283897999849e-01,6.521325679829438338e-01,0.000000000000000000e+00
3.160000000000000142e+01,1.420694948667022395e+00,2.239555751933999805e-01,6.521350696653994694e-01,0.000000000000000000e+00
3.165000000000000213e+01,1.420694956229842099e+00,2.239555283897999849e-01,6.521325679829438338e-01,0.000000000000000000e+00
3.170000000000000284e+01,1.420694953645214920e+00,2.239555283897999849e-01,6.521325679829438338e-01,0.000000000000000000e+00
3.175000000000000000e+01,1.420694951060587741e+00,2.239555283897999849e-01,6.521325679829438338e-01,0.000000000000000000e+00
3.180000000000000071e+01,1.420694948475960562e+00,2.239555751933999805e-01,6.521350696653994694e-01,0.000000000000000000e+00
3.185000000000000142e+01,1.420694956038780266e+00,2.239555283897999849e-01,6.521325679829438338e-01,0.000000000000000000e+00
3.190000000000000213e+01,1.420694953454153087e+00,2.239555283897999849e-01,6.521325679829438338e-01,0.000000000000000000e+00
3.195000000000000284e+01,1.420694950869525908e+00,2.239555283897999849e-01,6.521325679829438338e-01,0.000000000000000000e+00
3.200000000000000000e+01,1.420694948284898729e+00,2.239555751933999805e-01,6.521350696653994694e-01,0.000000000000000000e+00
3.205000000000000426e+01,1.420694955847718433e+00,2.239555283897999849e-01,6.521325679829438338e-01,0.000000000000000000e+00
3.210000000000000142e+01,1.420694953263091254e+00,2.239555283897999849e-01,6.521325679829438338e-01,0.000000000000000000e+00
3.214999999999999858e+01,1.420694950678464075e+00,2.239555283897999849e-01,6.521325679829438338e-01,0.000000000000000000e+00
3.220000000000000284e+01,1.420694948093836896e+00,2.239555751933999805e-01,6.521350696653994694e-01,0.000000000000000000e+00
3.225000000000000000e+01,1.420694955656656600e+00,2.239555283897999849e-01,6.521325679829438338e-01,0.000000000000000000e+00
3.230000000000000426e+01,1.420694953072029421e+00,2.239555283897999849e-01,6.521325679829438338e-01,0.000000000000000000e+00
3.235000000000000142e+01,1.420694950487402242e+00,2.239555283897999849e-01,6.521325679829438338e-01,0.000000000000000000e+00
3.239999999999999858e+01,1.420694947902775063e+00,2.239555751933999805e-01,6.521350696653994694e-01,0.000000000000000000e+00
3.245000000000000284e+01,1.420694955465594767e+00,2.239555283897999849e-01,6.521325679829438338e-01,0.000000000000000000e+00
3.250000000000000000e+01,1.420694952880967588e+00,2.239555283897999849e-01,6.521325679829438338e-01,0.000000000000000000e+00
3.255000000000000426e+01,1.420694950296340409e+00,2.239555283897999849e-01,6.521325679829438338e-01,0.000000000000000000e+00
3.260000000000000142e+01,1.420694947711713230e+00,2.239555751933999805e-01,6.521350696653994694e-01,0.000000000000000000e+00
3.264999999999999858e+01,1.420694955274532933e+00,2.239555283897999849e-01,6.521325679829438338e-01,0.000000000000000000e+00
3.270000000000000284e+01,1.420694952689905755e+00,2.239555283897999849e-01,6.521325679829438338e-01,0.000000000000000000e+00
3.275000000000000000e+01,1.420694950105278576e+00,2.239555283897999849e-01,6.521325679829438338e-01,0.000000000000000000e+00
3.280000000000000426e+01,1.420694947520651397e+00,2.239555751933999805e-01,6.521350696653994694e-01,0.000000000000000000e+00
3.285000000000000142e+01,1.420694955083471100e+00,2.239555283897999849e-01,6.521325679829438338e-01,0.000000000000000000e+00
3.289999999999999858e+01,1.420694952498843922e+00,2.239555283897999849e-01,6.521325679829438338e-01,0.000000000000000000e+00
3.295000000000000284e+01,1.420694949914216743e+00,2.239555751933999805e-01,6.521350696653994694e-01,0.000000000000000000e+00
3.300000000000000000e+01,1.420694957477036446e+00,2.239555283897999849e-01,6.521325679829438338e-01,0.000000000000000000e+00
3.305000000000000426e+01,1.420694954892409267e+00,2.239555283897999849e-01,6.521325679829438338e-01,0.000000000000000000e+00
3.310000000000000142e+01,1.420694952307782088e+00,2.239555283897999849e-01,6.521325679829438338e-01,0.000000000000000000e+00
3.314999999999999858e+01,1.420694949723154910e+00,2.239555751933999805e-01,6.521350696653994694e-01,0.000000000000000000e+00
3.320000000000000284e+01,1.420694957285974613e+00,2.239555283897999849e-01,6.521325679829438338e-01,0.000000000000000000e+00
3.325000000000000000e+01,1.420694954701347434e+00,2.239555283897999849e-01,6.521325679829438338e-01,0.000000000000000000e+00
3.330000000000000426e+01,1.420694952116720255e+00,2.239555283897999849e-01,6.521325679829438338e-01,0.000000000000000000e+00
3.335000000000000142e+01,1.420694949532093077e+00,2.239555751933999805e-01,6.521350696653994694e-01,0.000000000000000000e+00
3.339999999999999858e+01,1.420694957094912780e+00,2.239555283897999849e-01,6.521325679829438338e-01,0.000000000000000000e+00
3.345000000000000284e+01,1.420694954510285601e+00,2.239555283897999849e-01,6.521325679829438338e-01,0.000000000000000000e+00
3.350000000000000000e+01,1.420694951925658422e+00,2.239555283897999849e-01,6.521325679829438338e-01,0.000000000000000000e+00
3.355000000000000426e+01,1.420694949341031244e+00,2.239555751933999805e-01,6.521350696653994694e-01,0.000000000000000000e+00
3.360000000000000142e+01,1.420694956903850947e+00,2.239555283897999849e-01,6.521325679829438338e-01,0.000000000000000000e+00
3.364999999999999858e+01,1.420694954319223768e+00,2.239555283897999849e-01,6.521325679829438338e-01,0.000000000000000000e+00
3.370000000000000284e+01,1.420694951734596589e+00,2.239555283897999849e-01,6.521325679829438338e-01,0.000000000000000000e+00
3.375000000000000000e+01,1.420694949149969410e+00,2.239555751933999805e-01,6.521350696653994694e-01,0.000000000000000000e+00
3.380000000000000426e+01,1.420694956712789114e+00,2.239555283897999849e-01,6.521325679829438338e-01,0.000000000000000000e+00
3.385000000000000142e+01,1.420694954128161935e+00,2.239555283897999849e-01,6.521325679829438338e-01,0.000000000000000000e+00
3.389999999999999858e+01,1.420694951543534756e+00,2.239555283897999849e-01,6.521325679829438338e-01,0.000000000000000000e+00
3.395000000000000284e+01,1.420694948958907577e+00,2.239555751933999805e-01,6.521350696653994694e-01,0.000000000000000000e+00
3.400000000000000000e+01,1.420694956521727281e+00,2.239555283897999849e-01,6.521325679829438338e-01,0.000000000000000000e+00
3.405000000000000426e+01,1.420694953937100102e+00,2.239555283897999849e-01,6.521325679829438338e-01,0.000000000000000000e+00
3.410000000000000142e+01,1.420694951352472923e+00,2.239555283897999849e-01,6.521325679829438338e-01,0.000000000000000000e+00
3.414999999999999858e+01,1.420694948767845744e+00,2.239555751933999805e-01,6.521350696653994694e-01,0.000000000000000000e+00
3.420000000000000284e+01,1.420694956330665448e+00,2.239555283897999849e-01,6.521325679829438338e-01,0.000000000000000000e+00
3.425000000000000000e+01,1.420694953746038269e+00,2.239555283897999849e-01,6.521325679829438338e-01,0.000000000000000000e+00
3.430000000000000426e+01,1.420694951161411090e+00,2.239555283897999849e-01,6.521325679829438338e-01,0.000000000000000000e+00
3.435000000000000142e+01,1.420694948576783911e+00,2.239555751933999805e-01,6.521350696653994694e-01,0.000000000000000000e+00
3.439999999999999858e+01,1.420694956139603615e+00,2.239555283897999849e-01,6.521325679829438338e-01,0.000000000000000000e+00
3.445000000000000284e+01,1.420694953554976436e+00,2.239555283897999849e-01,6.521325679829438338e-01,0.000000000000000000e+00
3.450000000000000000e+01,1.420694950970349257e+00,2.239555283897999849e-01,6.521325679829438338e-01,0.000000000000000000e+00
3.455000000000000426e+01,1.420694948385722078e+00,2.239555751933999805e-01,6.521350696653994694e-01,0.000000000000000000e+00
3.460000000000000142e+01,1.420694955948541782e+00,2.239555283897999849e-01,6.521325679829438338e-01,0.000000000000000000e+00
3.464999999999999858e+01,1.420694953363914603e+00,2.239555283897999849e-01,6.521325679829438338e-01,0.000000000000000000e+00
3.470000000000000284e+01,1.420694950779287424e+00,2.239555283897999849e-01,6.521325679829438338e-01,0.000000000000000000e+00
3.475000000000000000e+01,1.420694948194660245e+00,2.239555751933999805e-01,6.521350696653994694e-01,0.000000000000000000e+00
3.480000000000000426e+01,1.420694955757479949e+00,2.239555283897999849e-01,6.521325679829438338e-01,0.000000000000000000e+00
3.485000000000000142e+01,1.420694953172852770e+00,2.239555283897999849e-01,6.521325679829438338e-01,0.000000000000000000e+00
3.489999999999999858e+01,1.420694950588225591e+00,2.239555283897999849e-01,6.521325679829438338e-01,0.000000000000000000e+00
3.495000000000000284e+01,1.420694948003598412e+00,2.239555751933999805e-01,6.521350696653994694e-01,0.000000000000000000e+00
3.500000000000000000e+01,1.420694955566418116e+00,2.239555283897999849e-01,6.521325679829438338e-01,0.000000000000000000e+00
3.505000000000000426e+01,1.420694952981790937e+00,2.239555283897999849e-01,6.521325679829438338e-01,0.000000000000000000e+00
3.510000000000000142e+01,1.420694950397163758e+00,2.239555283897999849e-01,6.521325679829438338e-01,0.000000000000000000e+00
3.514999999999999858e+01,1.420694947812536579e+00,2.239555751933999805e-01,6.521350696653994694e-01,0.000000000000000000e+00
3.520000000000000284e+01,1.420694955375356283e+00,2.239555283897999849e-01,6.521325679829438338e-01,0.000000000000000000e+00
3.525000000000000000e+01,1.420694952790729104e+00,2.239555283897999849e-01,6.521325679829438338e-01,0.000000000000000000e+00
3.530000000000000426e+01,1.420694950206101925e+00,2.239555283897999849e-01,6.521325679829438338e-01,0.000000000000000000e+00
3.535000000000000142e+01,1.420694947621474746e+00,2.239555751933999805e-01,6.521350696653994694e-01,0.000000000000000000e+00
3.539999999999999858e+01,1.420694955184294450e+00,2.239555283897999849e-01,6.521325679829438338e-01,0.000000000000000000e+00
3.545000000000000284e+01,1.420694952599667271e+00,2.239555283897999849e-01,6.521325679829438338e-01,0.000000000000000000e+00
3.550000000000000000e+01,1.420694950015040092e+00,2.239555283897999849e-01,6.521325679829438338e-01,0.000000000000000000e+00
3.555000000000000426e+01,1.420694947430412913e+00,2.239555751933999805e-01,6.521350696653994694e-01,0.000000000000000000e+00
3.560000000000000142e+01,1.420694954993232617e+00,2.239555283897999849e-01,6.521325679829438338e-01,0.000000000000000000e+00
3.564999999999999858e+01,1.420694952408605438e+00,2.239555283897999849e-01,6.521325679829438338e-01,0.000000000000000000e+00
3.570000000000000284e+01,1.420694949823978259e+00,2.239555751933999805e-01,6.521350696653994694e-01,0.000000000000000000e+00
3.575000000000000000e+01,1.420694957386797963e+00,2.239555283897999849e-01,6.521325679829438338e-01,0.000000000000000000e+00
3.580000000000000426e+01,1.420694954802170784e+00,2.239555283897999849e-01,6.521325679829438338e-01,0.000000000000000000e+00
3.585000000000000142e+01,1.420694952217543605e+00,2.239555283897999849e-01,6.521325679829438338e-01,0.000000000000000000e+00
3.589999999999999858e+01,1.420694949632916426e+00,2.239555751933999805e-01,6.521350696653994694e-01,0.000000000000000000e+00
3.595000000000000284e+01,1.420694957195736130e+00,2.239555283897999849e-01,6.521325679829438338e-01,0.000000000000000000e+00
3.600000000000000000e+01,1.420694954611108951e+00,2.239555283897999849e-01,6.521325679829438338e-01,0.000000000000000000e+00
3.605000000000000426e+01,1.420694952026481772e+00,2.239555283897999849e-01,6.521325679829438338e-01,0.000000000000000000e+00
3.610000000000000142e+01,1.420694949441854593e+00,2.239555751933999805e-01,6.521350696653994694e-01,0.000000000000000000e+00
3.614999999999999858e+01,1.420694957004674297e+00,2.239555283897999849e-01,6.521325679829438338e-01,0.000000000000000000e+00
3.620000000000000284e+01,1.420694954420047118e+00,2.239555283897999849e-01,6.521325679829438338e-01,0.000000000000000000e+00
3.625000000000000000e+01,1.420694951835419939e+00,2.239555283897999849e-01,6.521325679829438338e-01,0.000000000000000000e+00
3.630000000000000426e+01,1.420694949250792760e+00,2.239555751933999805e-01,6.521350696653994694e-01,0.000000000000000000e+00
3.635000000000000142e+01,1.420694956813612464e+00,2.239555283897999849e-01,6.521325679829438338e-01,0.000000000000000000e+00
3.639999999999999858e+01,1.420694954228985285e+00,2.239555283897999849e-01,6.521325679829438338e-01,0.000000000000000000e+00
3.645000000000000284e+01,1.420694951644358106e+00,2.239555283897999849e-01,6.521325679829438338e-01,0.000000000000000000e+00
3.650000000000000000e+01,1.420694949059730927e+00,2.239555751933999805e-01,6.521350696653994694e-01,0.000000000000000000e+00
3.655000000000000426e+01,1.420694956622550631e+00,2.239555283897999849e-01,6.521325679829438338e-01,0.000000000000000000e+00
3.660000000000000142e+01,1.420694954037923452e+00,2.239555283897999849e-01,6.521325679829438338e-01,0.000000000000000000e+00
3.664999999999999858e+01,1.420694951453296273e+00,2.239555283897999849e-01,6.521325679829438338e-01,0.000000000000000000e+00
3.670000000000000284e+01,1.420694948868669094e+00,2.239555751933999805e-01,6.521350696653994694e-01,0.000000000000000000e+00
3.675000000000000000e+01,1.420694956431488798e+00,2.239555283897999849e-01,6.521325679829438338e-01,0.000000000000000000e+00
3.680000000000000426e+01,1.420694953846861619e+00,2.239555283897999849e-01,6.521325679829438338e-01,0.000000000000000000e+00
3.685000000000000142e+01,1.420694951262234440e+00,2.239555283897999849e-01,6.521325679829438338e-01,0.000000000000000000e+00
3.689999999999999858e+01,1.420694948677607261e+00,2.239555751933999805e-01,6.521350696653994694e-01,0.000000000000000000e+00
3.695000000000000284e+01,1.420694956240426965e+00,2.239555283897999849e-01,6.521325679829438338e-01,0.000000000000000000e+00
3.700000000000000000e+01,1.420694953655799786e+00,2.239555283897999849e-01,6.521325679829438338e-01,0.000000000000000000e+00
3.705000000000000426e+01,1.420694951071172607e+00,2.239555283897999849e-01,6.521325679829438338e-01,0.000000000000000000e+00
3.710000000000000142e+01,1.420694948486545428e+00,2.239555751933999805e-01,6.521350696653994694e-01,0.000000000000000000e+00
3.714999999999999858e+01,1.420694956049365132e+00,2.239555283897999849e-01,6.521325679829438338e-01,0.000000000000000000e+00
3.720000000000000284e+01,1.420694953464737953e+00,2.239555283897999849e-01,6.521325679829438338e-01,0.000000000000000000e+00
3.725000000000000000e+01,1.420694950880110774e+00,2.239555283897999849e-01,6.521325679829438338e-01,0.000000000000000000e+00
3.730000000000000426e+01,1.420694948295483595e+00,2.239555751933999805e-01,6.521350696653994694e-01,0.000000000000000000e+00
3.735000000000000142e+01,1.420694955858303299e+00,2.239555283897999849e-01,6.521325679829438338e-01,0.000000000000000000e+00
3.739999999999999858e+01,1.420694953273676120e+00,2.239555283897999849e-01,6.521325679829438338e-01,0.000000000000000000e+00
3.745000000000000284e+01,1.420694950689048941e+00,2.239555283897999849e-01,6.521325679829438338e-01,0.000000000000000000e+00
3.750000000000000000e+01,1.420694948104421762e+00,2.239555751933999805e-01,6.521350696653994694e-01,0.000000000000000000e+00
3.755000000000000426e+01,1.420694955667241466e+00,2.239555283897999849e-01,6.521325679829438338e-01,0.000000000000000000e+00
3.760000000000000142e+01,1.420694953082614287e+00,2.239555283897999849e-01,6.521325679829438338e-01,0.000000000000000000e+00
3.764999999999999858e+01,1.420694950497987108e+00,2.239555283897999849e-01,6.521325679829438338e-01,0.000000000000000000e+00
3.770000000000000284e+01,1.420694947913359929e+00,2.239555751933999805e-01,6.521350696653994694e-01,0.000000000000000000e+00
3.775000000000000000e+01,1.420694955476179633e+00,2.239555283897999849e-01,6.521325679829438338e-01,0.000000000000000000e+00
3.780000000000000426e+01,1.420694952891552454e+00,2.239555283897999849e-01,6.521325679829438338e-01,0.000000000000000000e+00
3.785000000000000142e+01,1.420694950306925275e+00,2.239555283897999849e-01,6.521325679829438338e-01,0.000000000000000000e+00
3.789999999999999858e+01,1.420694947722298096e+00,2.239555751933999805e-01,6.521350696653994694e-01,0.000000000000000000e+00
3.795000000000000284e+01,1.420694955285117800e+00,2.239555283897999849e-01,6.521325679829438338e-01,0.000000000000000000e+00
3.800000000000000000e+01,1.420694952700490621e+00,2.239555283897999849e-01,6.521325679829438338e-01,0.000000000000000000e+00
3.805000000000000426e+01,1.420694950115863442e+00,2.239555283897999849e-01,6.521325679829438338e-01,0.000000000000000000e+00
3.810000000000000142e+01,1.420694947531236263e+00,2.239555751933999805e-01,6.521350696653994694e-01,0.000000000000000000e+00
3.814999999999999858e+01,1.420694955094055967e+00,2.239555283897999849e-01,6.521325679829438338e-01,0.000000000000000000e+00
3.820000000000000284e+01,1.420694952509428788e+00,2.239555283897999849e-01,6.521325679829438338e-01,0.000000000000000000e+00
3.825000000000000000e+01,1.420694949924801609e+00,2.239555751933999805e-01,6.521350696653994694e-01,0.000000000000000000e+00
3.830000000000000426e+01,1.420694957487621313e+00,2.239555283897999849e-01,6.521325679829438338e-01,0.000000000000000000e+00
3.835000000000000142e+01,1.420694954902994134e+00,2.239555283897999849e-01,6.521325679829438338e-01,0.000000000000000000e+00
3.840000000000000568e+01,1.420694952318366955e+00,2.239555283897999849e-01,6.521325679829438338e-01,0.000000000000000000e+00
3.845000000000000284e+01,1.420694949733739776e+00,2.239555751933999805e-01,6.521350696653994694e-01,0.000000000000000000e+00
3.850000000000000000e+01,1.420694957296559480e+00,2.239555283897999849e-01,6.521325679829438338e-01,0.000000000000000000e+00
3.855000000000000426e+01,1.420694954711932301e+00,2.239555283897999849e-01,6.521325679829438338e-01,0.000000000000000000e+00
3.860000000000000142e+01,1.420694952127305122e+00,2.239555283897999849e-01,6.521325679829438338e-01,0.000000000000000000e+00
3.865000000000000568e+01,1.420694949542677943e+00,2.239555751933999805e-01,6.521350696653994694e-01,0.000000000000000000e+00
3.870000000000000284e+01,1.420694957105497647e+00,2.239555283897999849e-01,6.521325679829438338e-01,0.000000000000000000e+00
3.875000000000000000e+01,1.420694954520870468e+00,2.239555283897999849e-01,6.521325679829438338e-01,0.000000000000000000e+00
3.880000000000000426e+01,1.420694951936243289e+00,2.239555283897999849e-01,6.521325679829438338e-01,0.000000000000000000e+00
3.885000000000000142e+01,1.420694949351616110e+00,2.239555751933999805e-01,6.521350696653994694e-01,0.000000000000000000e+00
3.890000000000000568e+01,1.420694956914435814e+00,2.239555283897999849e-01,6.521325679829438338e-01,0.000000000000000000e+00
3.895000000000000284e+01,1.420694954329808635e+00,2.239555283897999849e-01,6.521325679829438338e-01,0.000000000000000000e+00
3.900000000000000000e+01,1.420694951745181456e+00,2.239555283897999849e-01,6.521325679829438338e-01,0.000000000000000000e+00
3.905000000000000426e+01,1.420694949160554277e+00,2.239555751933999805e-01,6.521350696653994694e-01,0.000000000000000000e+00
3.910000000000000142e+01,1.420694956723373981e+00,2.239555283897999849e-01,6.521325679829438338e-01,0.000000000000000000e+00
3.915000000000000568e+01,1.420694954138746802e+00,2.239555283897999849e-01,6.521325679829438338e-01,0.000000000000000000e+00
3.920000000000000284e+01,1.420694951554119623e+00,2.239555283897999849e-01,6.521325679829438338e-01,0.000000000000000000e+00
3.925000000000000000e+01,1.420694948969492444e+00,2.239555751933999805e-01,6.521350696653994694e-01,0.000000000000000000e+00
3.930000000000000426e+01,1.420694956532312148e+00,2.239555283897999849e-01,6.521325679829438338e-01,0.000000000000000000e+00
3.935000000000000142e+01,1.420694953947684969e+00,2.239555283897999849e-01,6.521325679829438338e-01,0.000000000000000000e+00
3.940000000000000568e+01,1.420694951363057790e+00,2.239555283897999849e-01,6.521325679829438338e-01,0.000000000000000000e+00
3.945000000000000284e+01,1.420694948778430611e+00,2.239555751933999805e-01,6.521350696653994694e-01,0.000000000000000000e+00
3.950000000000000000e+01,1.420694956341250315e+00,2.239555283897999849e-01,6.521325679829438338e-01,0.000000000000000000e+00
3.955000000000000426e+01,1.420694953756623136e+00,2.239555283897999849e-01,6.521325679829438338e-01,0.000000000000000000e+00
3.960000000000000142e+01,1.420694951171995957e+00,2.239555283897999849e-01,6.521325679829438338e-01,0.000000000000000000e+00
3.965000000000000568e+01,1.420694948587368778e+00,2.239555751933999805e-01,6.521350696653994694e-01,0.000000000000000000e+00
3.970000000000000284e+01,1.420694956150188482e+00,2.239555283897999849e-01,6.521325679829438338e-01,0.000000000000000000e+00
3.975000000000000000e+01,1.420694953565561303e+00,2.239555283897999849e-01,6.521325679829438338e-01,0.000000000000000000e+00
3.980000000000000426e+01,1.420694950980934124e+00,2.239555283897999849e-01,6.521325679829438338e-01,0.000000000000000000e+00
3.985000000000000142e+01,1.420694948396306945e+00,2.239555751933999805e-01,6.521350696653994694e-01,0.000000000000000000e+00
3.990000000000000568e+01,1.420694955959126649e+00,2.239555283897999849e-01,6.521325679829438338e-01,0.000000000000000000e+00
3.995000000000000284e+01,1.420694953374499470e+00,2.239555283897999849e-01,6.521325679829438338e-01,0.000000000000000000e+00
4.000000000000000000e+01,1.420694950789872291e+00,2.239555283897999849e-01,6.521325679829438338e-01,0.000000000000000000e+00
4.005000000000000426e+01,1.420694948205245112e+00,2.239555751933999805e-01,6.521350696653994694e-01,0.000000000000000000e+00
4.010000000000000142e+01,1.420694955768064816e+00,2.239555283897999849e-01,6.521325679829438338e-01,0.000000000000000000e+00
4.015000000000000568e+01,1.420694953183437637e+00,2.239555283897999849e-01,6.521325679829438338e-01,0.000000000000000000e+00
4.020000000000000284e+01,1.420694950598810458e+00,2.239555283897999849e-01,6.521325679829438338e-01,0.000000000000000000e+00
4.025000000000000000e+01,1.420694948014183279e+00,2.239555751933999805e-01,6.521350696653994694e-01,0.000000000000000000e+00
4.030000000000000426e+01,1.420694955577002982e+00,2.239555283897999849e-01,6.521325679829438338e-01,0.000000000000000000e+00
4.035000000000000142e+01,1.420694952992375804e+00,2.239555283897999849e-01,6.521325679829438338e-01,0.000000000000000000e+00
4.040000000000000568e+01,1.420694950407748625e+00,2.239555283897999849e-01,6.521325679829438338e-01,0.000000000000000000e+00
4.045000000000000284e+01,1.420694947823121446e+00,2.239555751933999805e-01,6.521350696653994694e-01,0.000000000000000000e+00
4.050000000000000000e+01,1.420694955385941149e+00,2.239555283897999849e-01,6.521325679829438338e-01,0.000000000000000000e+00
4.055000000000000426e+01,1.420694952801313971e+00,2.239555283897999849e-01,6.521325679829438338e-01,0.000000000000000000e+00
4.060000000000000142e+01,1.420694950216686792e+00,2.239555283897999849e-01,6.521325679829438338e-01,0.000000000000000000e+00
4.065000000000000568e+01,1.420694947632059613e+00,2.239555751933999805e-01,6.521350696653994694e-01,0.000000000000000000e+00
4.070000000000000284e+01,1.420694955194879316e+00,2.239555283897999849e-01,6.521325679829438338e-01,0.000000000000000000e+00
4.075000000000000000e+01,1.420694952610252138e+00,2.239555283897999849e-01,6.521325679829438338e-01,0.000000000000000000e+00
4.080000000000000426e+01,1.420694950025624959e+00,2.239555283897999849e-01,6.521325679829438338e-01,0.000000000000000000e+00
4.085000000000000142e+01,1.420694947440997780e+00,2.239555751933999805e-01,6.521350696653994694e-01,0.000000000000000000e+00
4.090000000000000568e+01,1.420694955003817483e+00,2.239555283897999849e-01,6.521325679829438338e-01,0.000000000000000000e+00
4.095000000000000284e+01,1.420694952419190304e+00,2.239555283897999849e-01,6.521325679829438338e-01,0.000000000000000000e+00
4.100000000000000000e+01,1.420694949834563126e+00,2.239555751933999805e-01,6.521350696653994694e-01,0.000000000000000000e+00
4.105000000000000426e+01,1.420694957397382829e+00,2.239555283897999849e-01,6.521325679829438338e-01,0.000000000000000000e+00
4.110000000000000142e+01,1.420694954812755650e+00,2.239555283897999849e-01,6.521325679829438338e-01,0.000000000000000000e+00
4.115000000000000568e+01,1.420694952228128471e+00,2.239555283897999849e-01,6.521325679829438338e-01,0.000000000000000000e+00
4.120000000000000284e+01,1.420694949643501293e+00,2.239555751933999805e-01,6.521350696653994694e-01,0.000000000000000000e+00
4.125000000000000000e+01,1.420694957206320996e+00,2.239555283897999849e-01,6.521325679829438338e-01,0.000000000000000000e+00
4.130000000000000426e+01,1.420694954621693817e+00,2.239555283897999849e-01,6.521325679829438338e-01,0.000000000000000000e+00
4.135000000000000142e+01,1.420694952037066638e+00,2.239555283897999849e-01,6.521325679829438338e-01,0.000000000000000000e+00
4.140000000000000568e+01,1.420694949452439459e+00,2.239555751933999805e-01,6.521350696653994694e-01,0.000000000000000000e+00
4.145000000000000284e+01,1.420694957015259163e+00,2.239555283897999849e-01,6.521325679829438338e-01,0.000000000000000000e+00
4.150000000000000000e+01,1.420694954430631984e+00,2.239555283897999849e-01,6.521325679829438338e-01,0.000000000000000000e+00
4.155000000000000426e+01,1.420694951846004805e+00,2.239555283897999849e-01,6.521325679829438338e-01,0.000000000000000000e+00
4.160000000000000142e+01,1.420694949261377626e+00,2.239555751933999805e-01,6.521350696653994694e-01,0.000000000000000000e+00
4.165000000000000568e+01,1.420694956824197330e+00,2.239555283897999849e-01,6.521325679829438338e-01,0.000000000000000000e+00
4.170000000000000284e+01,1.420694954239570151e+00,2.239555283897999849e-01,6.521325679829438338e-01,0.000000000000000000e+00
4.175000000000000000e+01,1.420694951654942972e+00,2.239555283897999849e-01,6.521325679829438338e-01,0.000000000000000000e+00
4.180000000000000426e+01,1.420694949070315793e+00,2.239555751933999805e-01,6.521350696653994694e-01,0.000000000000000000e+00
4.185000000000000142e+01,1.420694956633135497e+00,2.239555283897999849e-01,6.521325679829438338e-01,0.000000000000000000e+00
4.190000000000000568e+01,1.420694954048508318e+00,2.239555283897999849e-01,6.521325679829438338e-01,0.000000000000000000e+00
4.195000000000000284e+01,1.420694951463881139e+00,2.239555283897999849e-01,6.521325679829438338e-01,0.000000000000000000e+00
4.200000000000000000e+01,1.420694948879253960e+00,2.239555751933999805e-01,6.521350696653994694e-01,0.000000000000000000e+00
4.205000000000000426e+01,1.420694956442073664e+00,2.239555283897999849e-01,6.521325679829438338e-01,0.000000000000000000e+00
4.210000000000000142e+01,1.420694953857446485e+00,2.239555283897999849e-01,6.521325679829438338e-01,0.000000000000000000e+00
4.215000000000000568e+01,1.420694951272819306e+00,2.239555283897999849e-01,6.521325679829438338e-01,0.000000000000000000e+00
4.220000000000000284e+01,1.420694948688192127e+00,2.239555751933999805e-01,6.521350696653994694e-01,0.000000000000000000e+00
4.225000000000000000e+01,1.420694956251011831e+00,2.239555283897999849e-01,6.521325679829438338e-01,0.000000000000000000e+00
4.230000000000000426e+01,1.420694953666384652e+00,2.239555283897999849e-01,6.521325679829438338e-01,0.000000000000000000e+00
4.235000000000000142e+01,1.420694951081757473e+00,2.239555283897999849e-01,6.521325679829438338e-01,0.000000000000000000e+00
4.240000000000000568e+01,1.420694948497130294e+00,2.239555751933999805e-01,6.521350696653994694e-01,0.000000000000000000e+00
4.245000000000000284e+01,1.420694956059949998e+00,2.239555283897999849e-01,6.521325679829438338e-01,0.000000000000000000e+00
4.250000000000000000e+01,1.420694953475322819e+00,2.239555283897999849e-01,6.521325679829438338e-01,0.000000000000000000e+00
4.255000000000000426e+01,1.420694950890695640e+00,2.239555283897999849e-01,6.521325679829438338e-01,0.000000000000000000e+00
4.260000000000000142e+01,1.420694948306068461e+00,2.239555751933999805e-01,6.521350696653994694e-01,0.000000000000000000e+00
4.265000000000000568e+01,1.420694955868888165e+00,2.239555283897999849e-01,6.521325679829438338e-01,0.000000000000000000e+00
4.270000000000000284e+01,1.420694953284260986e+00,2.239555283897999849e-01,6.521325679829438338e-01,0.000000000000000000e+00
4.275000000000000000e+01,1.420694950699633807e+00,2.239555283897999849e-01,6.521325679829438338e-01,0.000000000000000000e+00
4.280000000000000426e+01,1.420694948115006628e+00,2.239555751933999805e-01,6.521350696653994694e-01,0.000000000000000000e+00
4.285000000000000142e+01,1.420694955677826332e+00,2.239555283897999849e-01,6.521325679829438338e-01,0.000000000000000000e+00
4.290000000000000568e+01,1.420694953093199153e+00,2.239555283897999849e-01,6.521325679829438338e-01,0.000000000000000000e+00
4.295000000000000284e+01,1.420694950508571974e+00,2.239555283897999849e-01,6.521325679829438338e-01,0.000000000000000000e+00
4.300000000000000000e+01,1.420694947923944795e+00,2.239555751933999805e-01,6.521350696653994694e-01,0.000000000000000000e+00
4.305000000000000426e+01,1.420694955486764499e+00,2.239555283897999849e-01,6.521325679829438338e-01,0.000000000000000000e+00
4.310000000000000142e+01,1.420694952902137320e+00,2.239555283897999849e-01,6.521325679829438338e-01,0.000000000000000000e+00
4.315000000000000568e+01,1.420694950317510141e+00,2.239555283897999849e-01,6.521325679829438338e-01,0.000000000000000000e+00
4.320000000000000284e+01,1.420694947732882962e+00,2.239555751933999805e-01,6.521350696653994694e-01,0.000000000000000000e+00
4.325000000000000000e+01,1.420694955295702666e+00,2.239555283897999849e-01,6.521325679829438338e-01,0.000000000000000000e+00
4.330000000000000426e+01,1.420694952711075487e+00,2.239555283897999849e-01,6.521325679829438338e-01,0.000000000000000000e+00
4.335000000000000142e+01,1.420694950126448308e+00,2.239555283897999849e-01,6.521325679829438338e-01,0.000000000000000000e+00
4.340000000000000568e+01,1.420694947541821129e+00,2.239555751933999805e-01,6.521350696653994694e-01,0.000000000000000000e+00
4.345000000000000284e+01,1.420694955104640833e+00,2.239555283897999849e-01,6.521325679829438338e-01,0.000000000000000000e+00
4.350000000000000000e+01,1.420694952520013654e+00,2.239555283897999849e-01,6.521325679829438338e-01,0.000000000000000000e+00
4.355000000000000426e+01,1.420694949935386475e+00,2.239555751933999805e-01,6.521350696653994694e-01,0.000000000000000000e+00
4.360000000000000142e+01,1.420694957498206179e+00,2.239555283897999849e-01,6.521325679829438338e-01,0.000000000000000000e+00
4.365000000000000568e+01,1.420694954913579000e+00,2.239555283897999849e-01,6.521325679829438338e-01,0.000000000000000000e+00
4.370000000000000284e+01,1.420694952328951821e+00,2.239555283897999849e-01,6.521325679829438338e-01,0.000000000000000000e+00
4.375000000000000000e+01,1.420694949744324642e+00,2.239555751933999805e-01,6.521350696653994694e-01,0.000000000000000000e+00
4.380000000000000426e+01,1.420694957307144346e+00,2.239555283897999849e-01,6.521325679829438338e-01,0.000000000000000000e+00
4.385000000000000142e+01,1.420694954722517167e+00,2.239555283897999849e-01,6.521325679829438338e-01,0.000000000000000000e+00
4.390000000000000568e+01,1.420694952137889988e+00,2.239555283897999849e-01,6.521325679829438338e-01,0.000000000000000000e+00
4.395000000000000284e+01,1.420694949553262809e+00,2.239555751933999805e-01,6.521350696653994694e-01,0.000000000000000000e+00
4.400000000000000000e+01,1.420694957116082513e+00,2.239555283897999849e-01,6.521325679829438338e-01,0.000000000000000000e+00
4.405000000000000426e+01,1.420694954531455334e+00,2.239555283897999849e-01,6.521325679829438338e-01,0.000000000000000000e+00
4.410000000000000142e+01,1.420694951946828155e+00,2.239555283897999849e-01,6.521325679829438338e-01,0.000000000000000000e+00
4.415000000000000568e+01,1.420694949362200976e+00,2.239555751933999805e-01,6.521350696653994694e-01,0.000000000000000000e+00
4.420000000000000284e+01,1.420694956925020680e+00,2.239555283897999849e-01,6.521325679829438338e-01,0.000000000000000000e+00
4.425000000000000000e+01,1.420694954340393501e+00,2.239555283897999849e-01,6.521325679829438338e-01,0.000000000000000000e+00
4.430000000000000426e+01,1.420694951755766322e+00,2.239555283897999849e-01,6.521325679829438338e-01,0.000000000000000000e+00
4.435000000000000142e+01,1.420694949171139143e+00,2.239555751933999805e-01,6.521350696653994694e-01,0.000000000000000000e+00
4.440000000000000568e+01,1.420694956733958847e+00,2.239555283897999849e-01,6.521325679829438338e-01,0.000000000000000000e+00
4.445000000000000284e+01,1.420694954149331668e+00,2.239555283897999849e-01,6.521325679829438338e-01,0.000000000000000000e+00
4.450000000000000000e+01,1.420694951564704489e+00,2.239555283897999849e-01,6.521325679829438338e-01,0.000000000000000000e+00
4.455000000000000426e+01,1.420694948980077310e+00,2.239555751933999805e-01,6.521350696653994694e-01,0.000000000000000000e+00
4.460000000000000142e+01,1.420694956542897014e+00,2.239555283897999849e-01,6.521325679829438338e-01,0.000000000000000000e+00
4.465000000000000568e+01,1.420694953958269835e+00,2.239555283897999849e-01,6.521325679829438338e-01,0.000000000000000000e+00
4.470000000000000284e+01,1.420694951373642656e+00,2.239555283897999849e-01,6.521325679829438338e-01,0.000000000000000000e+00
4.475000000000000000e+01,1.420694948789015477e+00,2.239555751933999805e-01,6.521350696653994694e-01,0.000000000000000000e+00
4.480000000000000426e+01,1.420694956351835181e+00,2.239555283897999849e-01,6.521325679829438338e-01,0.000000000000000000e+00
4.485000000000000142e+01,1.420694953767208002e+00,2.239555283897999849e-01,6.521325679829438338e-01,0.000000000000000000e+00
4.490000000000000568e+01,1.420694951182580823e+00,2.239555283897999849e-01,6.521325679829438338e-01,0.000000000000000000e+00
4.495000000000000284e+01,1.420694948597953644e+00,2.239555751933999805e-01,6.521350696653994694e-01,0.000000000000000000e+00
4.500000000000000000e+01,1.420694956160773348e+00,2.239555283897999849e-01,6.521325679829438338e-01,0.000000000000000000e+00
4.505000000000000426e+01,1.420694953576146169e+00,2.239555283897999849e-01,6.521325679829438338e-01,0.000000000000000000e+00
4.510000000000000142e+01,1.420694950991518990e+00,2.239555283897999849e-01,6.521325679829438338e-01,0.000000000000000000e+00
4.515000000000000568e+01,1.420694948406891811e+00,2.239555751933999805e-01,6.521350696653994694e-01,0.000000000000000000e+00
4.520000000000000284e+01,1.420694955969711515e+00,2.239555283897999849e-01,6.521325679829438338e-01,0.000000000000000000e+00
4.525000000000000000e+01,1.420694953385084336e+00,2.239555283897999849e-01,6.521325679829438338e-01,0.000000000000000000e+00
4.530000000000000426e+01,1.420694950800457157e+00,2.239555283897999849e-01,6.521325679829438338e-01,0.000000000000000000e+00
4.535000000000000142e+01,1.420694948215829978e+00,2.239555751933999805e-01,6.521350696653994694e-01,0.000000000000000000e+00
4.540000000000000568e+01,1.420694955778649682e+00,2.239555283897999849e-01,6.521325679829438338e-01,0.000000000000000000e+00
4.545000000000000284e+01,1.420694953194022503e+00,2.239555283897999849e-01,6.521325679829438338e-01,0.000000000000000000e+00
4.550000000000000000e+01,1.420694950609395324e+00,2.239555283897999849e-01,6.521325679829438338e-01,0.000000000000000000e+00
4.555000000000000426e+01,1.420694948024768145e+00,2.239555751933999805e-01,6.521350696653994694e-01,0.000000000000000000e+00
4.560000000000000142e+01,1.420694955587587849e+00,2.239555283897999849e-01,6.521325679829438338e-01,0.000000000000000000e+00
4.565000000000000568e+01,1.420694953002960670e+00,2.239555283897999849e-01,6.521325679829438338e-01,0.000000000000000000e+00
4.570000000000000284e+01,1.420694950418333491e+00,2.239555283897999849e-01,6.521325679829438338e-01,0.000000000000000000e+00
4.575000000000000000e+01,1.420694947833706312e+00,2.239555751933999805e-01,6.521350696653994694e-01,0.000000000000000000e+00
4.580000000000000426e+01,1.420694955396526016e+00,2.239555283897999849e-01,6.521325679829438338e-01,0.000000000000000000e+00
4.585000000000000142e+01,1.420694952811898837e+00,2.239555283897999849e-01,6.521325679829438338e-01,0.000000000000000000e+00
4.590000000000000568e+01,1.420694950227271658e+00,2.239555283897999849e-01,6.521325679829438338e-01,0.000000000000000000e+00
4.595000000000000284e+01,1.420694947642644479e+00,2.239555751933999805e-01,6.521350696653994694e-01,0.000000000000000000e+00
4.600000000000000000e+01,1.420694955205464183e+00,2.239555283897999849e-01,6.521325679829438338e-01,0.000000000000000000e+00
4.605000000000000426e+01,1.420694952620837004e+00,2.239555283897999849e-01,6.521325679829438338e-01,0.000000000000000000e+00
4.610000000000000142e+01,1.420694950036209825e+00,2.239555283897999849e-01,6.521325679829438338e-01,0.000000000000000000e+00
4.615000000000000568e+01,1.420694947451582646e+00,2.239555751933999805e-01,6.521350696653994694e-01,0.000000000000000000e+00
4.620000000000000284e+01,1.420694955014402350e+00,2.239555283897999849e-01,6.521325679829438338e-01,0.000000000000000000e+00
4.625000000000000000e+01,1.420694952429775171e+00,2.239555283897999849e-01,6.521325679829438338e-01,0.000000000000000000e+00
4.630000000000000426e+01,1.420694949845147992e+00,2.239555751933999805e-01,6.521350696653994694e-01,0.000000000000000000e+00
4.635000000000000142e+01,1.420694957407967696e+00,2.239555283897999849e-01,6.521325679829438338e-01,0.000000000000000000e+00
4.640000000000000568e+01,1.420694954823340517e+00,2.239555283897999849e-01,6.521325679829438338e-01,0.000000000000000000e+00
4.645000000000000284e+01,1.420694952238713338e+00,2.239555283897999849e-01,6.521325679829438338e-01,0.000000000000000000e+00
4.650000000000000000e+01,1.420694949654086159e+00,2.239555751933999805e-01,6.521350696653994694e-01,0.000000000000000000e+00
4.655000000000000426e+01,1.420694957216905863e+00,2.239555283897999849e-01,6.521325679829438338e-01,0.000000000000000000e+00
4.660000000000000142e+01,1.420694954632278684e+00,2.239555283897999849e-01,6.521325679829438338e-01,0.000000000000000000e+00
4.665000000000000568e+01,1.420694952047651505e+00,2.239555283897999849e-01,6.521325679829438338e-01,0.000000000000000000e+00
4.670000000000000284e+01,1.420694949463024326e+00,2.239555751933999805e-01,6.521350696653994694e-01,0.000000000000000000e+00
4.675000000000000000e+01,1.420694957025844030e+00,2.239555283897999849e-01,6.521325679829438338e-01,0.000000000000000000e+00
4.680000000000000426e+01,1.420694954441216851e+00,2.239555283897999849e-01,6.521325679829438338e-01,0.000000000000000000e+00
4.685000000000000142e+01,1.420694951856589672e+00,2.239555283897999849e-01,6.521325679829438338e-01,0.000000000000000000e+00
4.690000000000000568e+01,1.420694949271962493e+00,2.239555751933999805e-01,6.521350696653994694e-01,0.000000000000000000e+00
4.695000000000000284e+01,1.420694956834782197e+00,2.239555283897999849e-01,6.521325679829438338e-01,0.000000000000000000e+00
4.700000000000000000e+01,1.420694954250155018e+00,2.239555283897999849e-01,6.521325679829438338e-01,0.000000000000000000e+00
4.705000000000000426e+01,1.420694951665527839e+00,2.239555283897999849e-01,6.521325679829438338e-01,0.000000000000000000e+00
4.710000000000000142e+01,1.420694949080900660e+00,2.239555751933999805e-01,6.521350696653994694e-01,0.000000000000000000e+00
4.715000000000000568e+01,1.420694956643720364e+00,2.239555283897999849e-01,6.521325679829438338e-01,0.000000000000000000e+00
4.720000000000000284e+01,1.420694954059093185e+00,2.239555283897999849e-01,6.521325679829438338e-01,0.000000000000000000e+00
4.725000000000000000e+01,1.420694951474466006e+00,2.239555283897999849e-01,6.521325679829438338e-01,0.000000000000000000e+00
4.730000000000000426e+01,1.420694948889838827e+00,2.239555751933999805e-01,6.521350696653994694e-01,0.000000000000000000e+00
4.735000000000000142e+01,1.420694956452658531e+00,2.239555283897999849e-01,6.521325679829438338e-01,0.000000000000000000e+00
4.740000000000000568e+01,1.420694953868031352e+00,2.239555283897999849e-01,6.521325679829438338e-01,0.000000000000000000e+00
4.745000000000000284e+01,1.420694951283404173e+00,2.239555283897999849e-01,6.521325679829438338e-01,0.000000000000000000e+00
4.750000000000000000e+01,1.420694948698776994e+00,2.239555751933999805e-01,6.521350696653994694e-01,0.000000000000000000e+00
4.755000000000000426e+01,1.420694956261596698e+00,2.239555283897999849e-01,6.521325679829438338e-01,0.000000000000000000e+00
4.760000000000000142e+01,1.420694953676969519e+00,2.239555283897999849e-01,6.521325679829438338e-01,0.000000000000000000e+00
4.765000000000000568e+01,1.420694951092342340e+00,2.239555283897999849e-01,6.521325679829438338e-01,0.000000000000000000e+00
4.770000000000000284e+01,1.420694948507715161e+00,2.239555751933999805e-01,6.521350696653994694e-01,0.000000000000000000e+00
4.775000000000000000e+01,1.420694956070534865e+00,2.239555283897999849e-01,6.521325679829438338e-01,0.000000000000000000e+00
4.780000000000000426e+01,1.420694953485907686e+00,2.239555283897999849e-01,6.521325679829438338e-01,0.000000000000000000e+00
4.785000000000000142e+01,1.420694950901280507e+00,2.239555283897999849e-01,6.521325679829438338e-01,0.000000000000000000e+00
4.790000000000000568e+01,1.420694948316653328e+00,2.239555751933999805e-01,6.521350696653994694e-01,0.000000000000000000e+00
4.795000000000000284e+01,1.420694955879473032e+00,2.239555283897999849e-01,6.521325679829438338e-01,0.000000000000000000e+00
4.800000000000000000e+01,1.420694953294845853e+00,2.239555283897999849e-01,6.521325679829438338e-01,0.000000000000000000e+00
4.805000000000000426e+01,1.420694950710218674e+00,2.239555283897999849e-01,6.521325679829438338e-01,0.000000000000000000e+00
4.810000000000000142e+01,1.420694948125591495e+00,2.239555751933999805e-01,6.521350696653994694e-01,0.000000000000000000e+00
4.815000000000000568e+01,1.420694955688411198e+00,2.239555283897999849e-01,6.521325679829438338e-01,0.000000000000000000e+00
4.820000000000000284e+01,1.420694953103784020e+00,2.239555283897999849e-01,6.521325679829438338e-01,0.000000000000000000e+00
4.825000000000000000e+01,1.420694950519156841e+00,2.239555283897999849e-01,6.521325679829438338e-01,0.000000000000000000e+00
4.830000000000000426e+01,1.420694947934529662e+00,2.239555751933999805e-01,6.521350696653994694e-01,0.000000000000000000e+00
4.835000000000000142e+01,1.420694955497349365e+00,2.239555283897999849e-01,6.521325679829438338e-01,0.000000000000000000e+00
4.840000000000000568e+01,1.420694952912722187e+00,2.239555283897999849e-01,6.521325679829438338e-01,0.000000000000000000e+00
4.845000000000000284e+01,1.420694950328095008e+00,2.239555283897999849e-01,6.521325679829438338e-01,0.000000000000000000e+00
4.850000000000000000e+01,1.420694947743467829e+00,2.239555751933999805e-01,6.521350696653994694e-01,0.000000000000000000e+00
4.855000000000000426e+01,1.420694955306287532e+00,2.239555283897999849e-01,6.521325679829438338e-01,0.000000000000000000e+00
4.860000000000000142e+01,1.420694952721660353e+00,2.239555283897999849e-01,6.521325679829438338e-01,0.000000000000000000e+00
4.865000000000000568e+01,1.420694950137033175e+00,2.239555283897999849e-01,6.521325679829438338e-01,0.000000000000000000e+00
4.870000000000000284e+01,1.420694947552405996e+00,2.239555751933999805e-01,6.521350696653994694e-01,0.000000000000000000e+00
4.875000000000000000e+01,1.420694955115225699e+00,2.239555283897999849e-01,6.521325679829438338e-01,0.000000000000000000e+00
4.880000000000000426e+01,1.420694952530598520e+00,2.239555283897999849e-01,6.521325679829438338e-01,0.000000000000000000e+00
4.885000000000000142e+01,1.420694949945971342e+00,2.239555751933999805e-01,6.521350696653994694e-01,0.000000000000000000e+00
4.890000000000000568e+01,1.420694957508791045e+00,2.239555283897999849e-01,6.521325679829438338e-01,0.000000000000000000e+00
4.895000000000000284e+01,1.420694954924163866e+00,2.239555283897999849e-01,6.521325679829438338e-01,0.000000000000000000e+00
4.900000000000000000e+01,1.420694952339536687e+00,2.239555283897999849e-01,6.521325679829438338e-01,0.000000000000000000e+00
4.905000000000000426e+01,1.420694949754909508e+00,2.239555751933999805e-01,6.521350696653994694e-01,0.000000000000000000e+00
4.910000000000000142e+01,1.420694957317729212e+00,2.239555283897999849e-01,6.521325679829438338e-01,0.000000000000000000e+00
4.915000000000000568e+01,1.420694954733102033e+00,2.239555283897999849e-01,6.521325679829438338e-01,0.000000000000000000e+00
4.920000000000000284e+01,1.420694952148474854e+00,2.239555283897999849e-01,6.521325679829438338e-01,0.000000000000000000e+00
4.925000000000000000e+01,1.420694949563847675e+00,2.239555751933999805e-01,6.521350696653994694e-01,0.000000000000000000e+00
4.930000000000000426e+01,1.420694957126667379e+00,2.239555283897999849e-01,6.521325679829438338e-01,0.000000000000000000e+00
4.935000000000000142e+01,1.420694954542040200e+00,2.239555283897999849e-01,6.521325679829438338e-01,0.000000000000000000e+00
4.940000000000000568e+01,1.420694951957413021e+00,2.239555283897999849e-01,6.521325679829438338e-01,0.000000000000000000e+00
4.945000000000000284e+01,1.420694949372785842e+00,2.239555751933999805e-01,6.521350696653994694e-01,0.000000000000000000e+00
4.950000000000000000e+01,1.420694956935605546e+00,2.239555283897999849e-01,6.521325679829438338e-01,0.000000000000000000e+00
4.955000000000000426e+01,1.420694954350978367e+00,2.239555283897999849e-01,6.521325679829438338e-01,0.000000000000000000e+00
4.960000000000000142e+01,1.420694951766351188e+00,2.239555283897999849e-01,6.521325679829438338e-01,0.000000000000000000e+00
4.965000000000000568e+01,1.420694949181724009e+00,2.239555751933999805e-01,6.521350696653994694e-01,0.000000000000000000e+00
4.970000000000000284e+01,1.420694956744543713e+00,2.239555283897999849e-01,6.521325679829438338e-01,0.000000000000000000e+00
4.975000000000000000e+01,1.420694954159916534e+00,2.239555283897999849e-01,6.521325679829438338e-01,0.000000000000000000e+00
4.980000000000000426e+01,1.420694951575289355e+00,2.239555283897999849e-01,6.521325679829438338e-01,0.000000000000000000e+00
4.985000000000000142e+01,1.420694948990662176e+00,2.239555751933999805e-01,6.521350696653994694e-01,0.000000000000000000e+00
4.990000000000000568e+01,1.420694956553481880e+00,2.239555283897999849e-01,6.521325679829438338e-01,0.000000000000000000e+00
4.995000000000000284e+01,1.420694953968854701e+00,2.239555283897999849e-01,6.521325679829438338e-01,0.000000000000000000e+00
5.000000000000000000e+01,1.420694951384227522e+00,2.239555283897999849e-01,6.521325679829438338e-01,0.000000000000000000e+00
5.005000000000000426e+01,1.420694948799600343e+00,2.239555751933999805e-01,6.521350696653994694e-01,0.000000000000000000e+00
5.010000000000000142e+01,1.420694956362420047e+00,2.239555283897999849e-01,6.521325679829438338e-01,0.000000000000000000e+00
5.015000000000000568e+01,1.420694953777792868e+00,2.239555283897999849e-01,6.521325679829438338e-01,0.000000000000000000e+00
5.020000000000000284e+01,1.420694951193165689e+00,2.239555283897999849e-01,6.521325679829438338e-01,0.000000000000000000e+00
5.025000000000000000e+01,1.420694948608538510e+00,2.239555751933999805e-01,6.521350696653994694e-01,0.000000000000000000e+00
5.030000000000000426e+01,1.420694956171358214e+00,2.239555283897999849e-01,6.521325679829438338e-01,0.000000000000000000e+00
5.035000000000000142e+01,1.420694953586731035e+00,2.239555283897999849e-01,6.521325679829438338e-01,0.000000000000000000e+00
5.040000000000000568e+01,1.420694951002103856e+00,2.239555283897999849e-01,6.521325679829438338e-01,0.000000000000000000e+00
5.045000000000000284e+01,1.420694948417476677e+00,2.239555751933999805e-01,6.521350696653994694e-01,0.000000000000000000e+00
5.050000000000000000e+01,1.420694955980296381e+00,2.239555283897999849e-01,6.521325679829438338e-01,0.000000000000000000e+00
5.055000000000000426e+01,1.420694953395669202e+00,2.239555283897999849e-01,6.521325679829438338e-01,0.000000000000000000e+00
5.060000000000000142e+01,1.420694950811042023e+00,2.239555283897999849e-01,6.521325679829438338e-01,0.000000000000000000e+00
5.065000000000000568e+01,1.420694948226414844e+00,2.239555751933999805e-01,6.521350696653994694e-01,0.000000000000000000e+00
5.070000000000000284e+01,1.420694955789234548e+00,2.239555283897999849e-01,6.521325679829438338e-01,0.000000000000000000e+00
5.075000000000000000e+01,1.420694953204607369e+00,2.239555283897999849e-01,6.521325679829438338e-01,0.000000000000000000e+00
5.080000000000000426e+01,1.420694950619980190e+00,2.239555283897999849e-01,6.521325679829438338e-01,0.000000000000000000e+00
5.085000000000000142e+01,1.420694948035353011e+00,2.239555751933999805e-01,6.521350696653994694e-01,0.000000000000000000e+00
5.090000000000000568e+01,1.420694955598172715e+00,2.239555283897999849e-01,6.521325679829438338e-01,0.000000000000000000e+00
5.095000000000000284e+01,1.420694953013545536e+00,2.239555283897999849e-01,6.521325679829438338e-01,0.000000000000000000e+00
5.100000000000000000e+01,1.420694950428918357e+00,2.239555283897999849e-01,6.521325679829438338e-01,0.000000000000000000e+00
5.105000000000000426e+01,1.420694947844291178e+00,2.239555751933999805e-01,6.521350696653994694e-01,0.000000000000000000e+00
5.110000000000000142e+01,1.420694955407110882e+00,2.239555283897999849e-01,6.521325679829438338e-01,0.000000000000000000e+00
5.115000000000000568e+01,1.420694952822483703e+00,2.239555283897999849e-01,6.521325679829438338e-01,0.000000000000000000e+00
5.120000000000000284e+01,1.420694950237856524e+00,2.239555283897999849e-01,6.521325679829438338e-01,0.000000000000000000e+00
5.125000000000000000e+01,1.420694947653229345e+00,2.239555751933999805e-01,6.521350696653994694e-01,0.000000000000000000e+00
5.130000000000000426e+01,1.420694955216049049e+00,2.239555283897999849e-01,6.521325679829438338e-01,0.000000000000000000e+00
5.135000000000000142e+01,1.420694952631421870e+00,2.239555283897999849e-01,6.521325679829438338e-01,0.000000000000000000e+00
5.140000000000000568e+01,1.420694950046794691e+00,2.239555283897999849e-01,6.521325679829438338e-01,0.000000000000000000e+00
5.145000000000000284e+01,1.420694947462167512e+00,2.239555751933999805e-01,6.521350696653994694e-01,0.000000000000000000e+00
5.150000000000000000e+01,1.420694955024987216e+00,2.239555283897999849e-01,6.521325679829438338e-01,0.000000000000000000e+00
5.155000000000000426e+01,1.420694952440360037e+00,2.239555283897999849e-01,6.521325679829438338e-01,0.000000000000000000e+00
5.160000000000000142e+01,1.420694949855732858e+00,2.239555751933999805e-01,6.521350696653994694e-01,0.000000000000000000e+00
5.165000000000000568e+01,1.420694957418552562e+00,2.239555283897999849e-01,6.521325679829438338e-01,0.000000000000000000e+00
5.170000000000000284e+01,1.420694954833925383e+00,2.239555283897999849e-01,6.521325679829438338e-01,0.000000000000000000e+00
5.175000000000000000e+01,1.420694952249298204e+00,2.239555283897999849e-01,6.521325679829438338e-01,0.000000000000000000e+00
5.180000000000000426e+01,1.420694949664671025e+00,2.239555751933999805e-01,6.521350696653994694e-01,0.000000000000000000e+00
5.185000000000000142e+01,1.420694957227490729e+00,2.239555283897999849e-01,6.521325679829438338e-01,0.000000000000000000e+00
5.190000000000000568e+01,1.420694954642863550e+00,2.239555283897999849e-01,6.521325679829438338e-01,0.000000000000000000e+00
5.195000000000000284e+01,1.420694952058236371e+00,2.239555283897999849e-01,6.521325679829438338e-01,0.000000000000000000e+00
5.200000000000000000e+01,1.420694949473609192e+00,2.239555751933999805e-01,6.521350696653994694e-01,0.000000000000000000e+00
5.205000000000000426e+01,1.420694957036428896e+00,2.239555283897999849e-01,6.521325679829438338e-01,0.000000000000000000e+00
5.210000000000000142e+01,1.420694954451801717e+00,2.239555283897999849e-01,6.521325679829438338e-01,0.000000000000000000e+00
5.215000000000000568e+01,1.420694951867174538e+00,2.239555283897999849e-01,6.521325679829438338e-01,0.000000000000000000e+00
5.220000000000000284e+01,1.420694949282547359e+00,2.239555751933999805e-01,6.521350696653994694e-01,0.000000000000000000e+00
5.225000000000000000e+01,1.420694956845367063e+00,2.239555283897999849e-01,6.521325679829438338e-01,0.000000000000000000e+00
5.230000000000000426e+01,1.420694954260739884e+00,2.239555283897999849e-01,6.521325679829438338e-01,0.000000000000000000e+00
5.235000000000000142e+01,1.420694951676112705e+00,2.239555283897999849e-01,6.521325679829438338e-01,0.000000000000000000e+00
5.240000000000000568e+01,1.420694949091485526e+00,2.239555751933999805e-01,6.521350696653994694e-01,0.000000000000000000e+00
5.245000000000000284e+01,1.420694956654305230e+00,2.239555283897999849e-01,6.521325679829438338e-01,0.000000000000000000e+00
5.250000000000000000e+01,1.420694954069678051e+00,2.239555283897999849e-01,6.521325679829438338e-01,0.000000000000000000e+00
5.255000000000000426e+01,1.420694951485050872e+00,2.239555283897999849e-01,6.521325679829438338e-01,0.000000000000000000e+00
5.260000000000000142e+01,1.420694948900423693e+00,2.239555751933999805e-01,6.521350696653994694e-01,0.000000000000000000e+00
5.265000000000000568e+01,1.420694956463243397e+00,2.239555283897999849e-01,6.521325679829438338e-01,0.000000000000000000e+00
5.270000000000000284e+01,1.420694953878616218e+00,2.239555283897999849e-01,6.521325679829438338e-01,0.000000000000000000e+00
5.275000000000000000e+01,1.420694951293989039e+00,2.239555283897999849e-01,6.521325679829438338e-01,0.000000000000000000e+00
5.280000000000000426e+01,1.420694948709361860e+00,2.239555751933999805e-01,6.521350696653994694e-01,0.000000000000000000e+00
5.285000000000000142e+01,1.420694956272181564e+00,2.239555283897999849e-01,6.521325679829438338e-01,0.000000000000000000e+00
5.290000000000000568e+01,1.420694953687554385e+00,2.239555283897999849e-01,6.521325679829438338e-01,0.000000000000000000e+00
5.295000000000000284e+01,1.420694951102927206e+00,2.239555283897999849e-01,6.521325679829438338e-01,0.000000000000000000e+00
5.300000000000000000e+01,1.420694948518300027e+00,2.239555751933999805e-01,6.521350696653994694e-01,0.000000000000000000e+00
5.305000000000000426e+01,1.420694956081119731e+00,2.239555283897999849e-01,6.521325679829438338e-01,0.000000000000000000e+00
5.310000000000000142e+01,1.420694953496492552e+00,2.239555283897999849e-01,6.521325679829438338e-01,0.000000000000000000e+00
5.315000000000000568e+01,1.420694950911865373e+00,2.239555283897999849e-01,6.521325679829438338e-01,0.000000000000000000e+00
5.320000000000000284e+01,1.420694948327238194e+00,2.239555751933999805e-01,6.521350696653994694e-01,0.000000000000000000e+00
5.325000000000000000e+01,1.420694955890057898e+00,2.239555283897999849e-01,6.521325679829438338e-01,0.000000000000000000e+00
5.330000000000000426e+01,1.420694953305430719e+00,2.239555283897999849e-01,6.521325679829438338e-01,0.000000000000000000e+00
5.335000000000000142e+01,1.420694950720803540e+00,2.239555283897999849e-01,6.521325679829438338e-01,0.000000000000000000e+00
5.340000000000000568e+01,1.420694948136176361e+00,2.239555751933999805e-01,6.521350696653994694e-01,0.000000000000000000e+00
5.345000000000000284e+01,1.420694955698996065e+00,2.239555283897999849e-01,6.521325679829438338e-01,0.000000000000000000e+00
5.350000000000000000e+01,1.420694953114368886e+00,2.239555283897999849e-01,6.521325679829438338e-01,0.000000000000000000e+00
5.355000000000000426e+01,1.420694950529741707e+00,2.239555283897999849e-01,6.521325679829438338e-01,0.000000000000000000e+00
5.360000000000000142e+01,1.420694947945114528e+00,2.239555751933999805e-01,6.521350696653994694e-01,0.000000000000000000e+00
5.365000000000000568e+01,1.420694955507934232e+00,2.239555283897999849e-01,6.521325679829438338e-01,0.000000000000000000e+00
5.370000000000000284e+01,1.420694952923307053e+00,2.239555283897999849e-01,6.521325679829438338e-01,0.000000000000000000e+00
5.375000000000000000e+01,1.420694950338679874e+00,2.239555283897999849e-01,6.521325679829438338e-01,0.000000000000000000e+00
5.380000000000000426e+01,1.420694947754052695e+00,2.239555751933999805e-01,6.521350696653994694e-01,0.000000000000000000e+00
5.385000000000000142e+01,1.420694955316872399e+00,2.239555283897999849e-01,6.521325679829438338e-01,0.000000000000000000e+00
5.390000000000000568e+01,1.420694952732245220e+00,2.239555283897999849e-01,6.521325679829438338e-01,0.000000000000000000e+00
5.395000000000000284e+01,1.420694950147618041e+00,2.239555283897999849e-01,6.521325679829438338e-01,0.000000000000000000e+00
5.400000000000000000e+01,1.420694947562990862e+00,2.239555751933999805e-01,6.521350696653994694e-01,0.000000000000000000e+00
5.405000000000000426e+01,1.420694955125810566e+00,2.239555283897999849e-01,6.521325679829438338e-01,0.000000000000000000e+00
5.410000000000000142e+01,1.420694952541183387e+00,2.239555283897999849e-01,6.521325679829438338e-01,0.000000000000000000e+00
5.415000000000000568e+01,1.420694949956556208e+00,2.239555751933999805e-01,6.521350696653994694e-01,0.000000000000000000e+00
5.420000000000000284e+01,1.420694957519375912e+00,2.239555283897999849e-01,6.521325679829438338e-01,0.000000000000000000e+00
5.425000000000000000e+01,1.420694954934748733e+00,2.239555283897999849e-01,6.521325679829438338e-01,0.000000000000000000e+00
5.430000000000000426e+01,1.420694952350121554e+00,2.239555283897999849e-01,6.521325679829438338e-01,0.000000000000000000e+00
5.435000000000000142e+01,1.420694949765494375e+00,2.239555751933999805e-01,6.521350696653994694e-01,0.000000000000000000e+00
5.440000000000000568e+01,1.420694957328314079e+00,2.239555283897999849e-01,6.521325679829438338e-01,0.000000000000000000e+00
5.445000000000000284e+01,1.420694954743686900e+00,2.239555283897999849e-01,6.521325679829438338e-01,0.000000000000000000e+00
5.450000000000000000e+01,1.420694952159059721e+00,2.239555283897999849e-01,6.521325679829438338e-01,0.000000000000000000e+00
5.455000000000000426e+01,1.420694949574432542e+00,2.239555751933999805e-01,6.521350696653994694e-01,0.000000000000000000e+00
5.460000000000000142e+01,1.420694957137252246e+00,2.239555283897999849e-01,6.521325679829438338e-01,0.000000000000000000e+00
5.465000000000000568e+01,1.420694954552625067e+00,2.239555283897999849e-01,6.521325679829438338e-01,0.000000000000000000e+00
5.470000000000000284e+01,1.420694951967997888e+00,2.239555283897999849e-01,6.521325679829438338e-01,0.000000000000000000e+00
5.475000000000000000e+01,1.420694949383370709e+00,2.239555751933999805e-01,6.521350696653994694e-01,0.000000000000000000e+00
5.480000000000000426e+01,1.420694956946190413e+00,2.239555283897999849e-01,6.521325679829438338e-01,0.000000000000000000e+00
5.485000000000000142e+01,1.420694954361563234e+00,2.239555283897999849e-01,6.521325679829438338e-01,0.000000000000000000e+00
5.490000000000000568e+01,1.420694951776936055e+00,2.239555283897999849e-01,6.521325679829438338e-01,0.000000000000000000e+00
5.495000000000000284e+01,1.420694949192308876e+00,2.239555751933999805e-01,6.521350696653994694e-01,0.000000000000000000e+00
5.500000000000000000e+01,1.420694956755128580e+00,2.239555283897999849e-01,6.521325679829438338e-01,0.000000000000000000e+00
5.505000000000000426e+01,1.420694954170501401e+00,2.239555283897999849e-01,6.521325679829438338e-01,0.000000000000000000e+00
5.510000000000000142e+01,1.420694951585874222e+00,2.239555283897999849e-01,6.521325679829438338e-01,0.000000000000000000e+00
5.515000000000000568e+01,1.420694949001247043e+00,2.239555751933999805e-01,6.521350696653994694e-01,0.000000000000000000e+00
5.520000000000000284e+01,1.420694956564066747e+00,2.239555283897999849e-01,6.521325679829438338e-01,0.000000000000000000e+00
5.525000000000000000e+01,1.420694953979439568e+00,2.239555283897999849e-01,6.521325679829438338e-01,0.000000000000000000e+00
5.530000000000000426e+01,1.420694951394812389e+00,2.239555283897999849e-01,6.521325679829438338e-01,0.000000000000000000e+00
5.535000000000000142e+01,1.420694948810185210e+00,2.239555751933999805e-01,6.521350696653994694e-01,0.000000000000000000e+00
5.540000000000000568e+01,1.420694956373004914e+00,2.239555283897999849e-01,6.521325679829438338e-01,0.000000000000000000e+00
5.545000000000000284e+01,1.420694953788377735e+00,2.239555283897999849e-01,6.521325679829438338e-01,0.000000000000000000e+00
5.550000000000000000e+01,1.420694951203750556e+00,2.239555283897999849e-01,6.521325679829438338e-01,0.000000000000000000e+00
5.555000000000000426e+01,1.420694948619123377e+00,2.239555751933999805e-01,6.521350696653994694e-01,0.000000000000000000e+00
5.560000000000000142e+01,1.420694956181943081e+00,2.239555283897999849e-01,6.521325679829438338e-01,0.000000000000000000e+00
5.565000000000000568e+01,1.420694953597315902e+00,2.239555283897999849e-01,6.521325679829438338e-01,0.000000000000000000e+00
5.570000000000000284e+01,1.420694951012688723e+00,2.239555283897999849e-01,6.521325679829438338e-01,0.000000000000000000e+00
5.575000000000000000e+01,1.420694948428061544e+00,2.239555751933999805e-01,6.521350696653994694e-01,0.000000000000000000e+00
5.580000000000000426e+01,1.420694955990881247e+00,2.239555283897999849e-01,6.521325679829438338e-01,0.000000000000000000e+00
5.585000000000000142e+01,1.420694953406254069e+00,2.239555283897999849e-01,6.521325679829438338e-01,0.000000000000000000e+00
5.590000000000000568e+01,1.420694950821626890e+00,2.239555283897999849e-01,6.521325679829438338e-01,0.000000000000000000e+00
5.595000000000000284e+01,1.420694948236999711e+00,2.239555751933999805e-01,6.521350696653994694e-01,0.000000000000000000e+00
5.600000000000000000e+01,1.420694955799819414e+00,2.239555283897999849e-01,6.521325679829438338e-01,0.000000000000000000e+00
5.605000000000000426e+01,1.420694953215192236e+00,2.239555283897999849e-01,6.521325679829438338e-01,0.000000000000000000e+00
5.610000000000000142e+01,1.420694950630565057e+00,2.239555283897999849e-01,6.521325679829438338e-01,0.000000000000000000e+00
5.615000000000000568e+01,1.420694948045937878e+00,2.239555751933999805e-01,6.521350696653994694e-01,0.000000000000000000e+00
5.620000000000000284e+01,1.420694955608757581e+00,2.239555283897999849e-01,6.521325679829438338e-01,0.000000000000000000e+00
5.625000000000000000e+01,1.420694953024130402e+00,2.239555283897999849e-01,6.521325679829438338e-01,0.000000000000000000e+00
5.630000000000000426e+01,1.420694950439503224e+00,2.239555283897999849e-01,6.521325679829438338e-01,0.000000000000000000e+00
5.635000000000000142e+01,1.420694947854876045e+00,2.239555751933999805e-01,6.521350696653994694e-01,0.000000000000000000e+00
5.640000000000000568e+01,1.420694955417695748e+00,2.239555283897999849e-01,6.521325679829438338e-01,0.000000000000000000e+00
5.645000000000000284e+01,1.420694952833068569e+00,2.239555283897999849e-01,6.521325679829438338e-01,0.000000000000000000e+00
5.650000000000000000e+01,1.420694950248441391e+00,2.239555283897999849e-01,6.521325679829438338e-01,0.000000000000000000e+00
5.655000000000000426e+01,1.420694947663814212e+00,2.239555751933999805e-01,6.521350696653994694e-01,0.000000000000000000e+00
5.660000000000000142e+01,1.420694955226633915e+00,2.239555283897999849e-01,6.521325679829438338e-01,0.000000000000000000e+00
5.665000000000000568e+01,1.420694952642006736e+00,2.239555283897999849e-01,6.521325679829438338e-01,0.000000000000000000e+00
5.670000000000000284e+01,1.420694950057379558e+00,2.239555283897999849e-01,6.521325679829438338e-01,0.000000000000000000e+00
5.675000000000000000e+01,1.420694947472752379e+00,2.239555751933999805e-01,6.521350696653994694e-01,0.000000000000000000e+00
5.680000000000000426e+01,1.420694955035572082e+00,2.239555283897999849e-01,6.521325679829438338e-01,0.000000000000000000e+00
5.685000000000000142e+01,1.420694952450944903e+00,2.239555283897999849e-01,6.521325679829438338e-01,0.000000000000000000e+00
5.690000000000000568e+01,1.420694949866317724e+00,2.239555751933999805e-01,6.521350696653994694e-01,0.000000000000000000e+00
5.695000000000000284e+01,1.420694957429137428e+00,2.239555283897999849e-01,6.521325679829438338e-01,0.000000000000000000e+00
5.700000000000000000e+01,1.420694954844510249e+00,2.239555283897999849e-01,6.521325679829438338e-01,0.000000000000000000e+00
5.705000000000000426e+01,1.420694952259883070e+00,2.239555283897999849e-01,6.521325679829438338e-01,0.000000000000000000e+00
5.710000000000000142e+01,1.420694949675255891e+00,2.239555751933999805e-01,6.521350696653994694e-01,0.000000000000000000e+00
5.715000000000000568e+01,1.420694957238075595e+00,2.239555283897999849e-01,6.521325679829438338e-01,0.000000000000000000e+00
5.720000000000000284e+01,1.420694954653448416e+00,2.239555283897999849e-01,6.521325679829438338e-01,0.000000000000000000e+00
5.725000000000000000e+01,1.420694952068821237e+00,2.239555283897999849e-01,6.521325679829438338e-01,0.000000000000000000e+00
5.730000000000000426e+01,1.420694949484194058e+00,2.239555751933999805e-01,6.521350696653994694e-01,0.000000000000000000e+00
5.735000000000000142e+01,1.420694957047013762e+00,2.239555283897999849e-01,6.521325679829438338e-01,0.000000000000000000e+00
5.740000000000000568e+01,1.420694954462386583e+00,2.239555283897999849e-01,6.521325679829438338e-01,0.000000000000000000e+00
5.745000000000000284e+01,1.420694951877759404e+00,2.239555283897999849e-01,6.521325679829438338e-01,0.000000000000000000e+00
5.750000000000000000e+01,1.420694949293132225e+00,2.239555751933999805e-01,6.521350696653994694e-01,0.000000000000000000e+00
5.755000000000000426e+01,1.420694956855951929e+00,2.239555283897999849e-01,6.521325679829438338e-01,0.000000000000000000e+00
5.760000000000000142e+01,1.420694954271324750e+00,2.239555283897999849e-01,6.521325679829438338e-01,0.000000000000000000e+00
5.765000000000000568e+01,1.420694951686697571e+00,2.239555283897999849e-01,6.521325679829438338e-01,0.000000000000000000e+00
5.770000000000000284e+01,1.420694949102070392e+00,2.239555751933999805e-01,6.521350696653994694e-01,0.000000000000000000e+00
5.775000000000000000e+01,1.420694956664890096e+00,2.239555283897999849e-01,6.521325679829438338e-01,0.000000000000000000e+00
5.780000000000000426e+01,1.420694954080262917e+00,2.239555283897999849e-01,6.521325679829438338e-01,0.000000000000000000e+00
5.785000000000000142e+01,1.420694951495635738e+00,2.239555283897999849e-01,6.521325679829438338e-01,0.000000000000000000e+00
5.790000000000000568e+01,1.420694948911008559e+00,2.239555751933999805e-01,6.521350696653994694e-01,0.000000000000000000e+00
5.795000000000000284e+01,1.420694956473828263e+00,2.239555283897999849e-01,6.521325679829438338e-01,0.000000000000000000e+00
5.800000000000000000e+01,1.420694953889201084e+00,2.239555283897999849e-01,6.521325679829438338e-01,0.000000000000000000e+00
5.805000000000000426e+01,1.420694951304573905e+00,2.239555283897999849e-01,6.521325679829438338e-01,0.000000000000000000e+00
5.810000000000000142e+01,1.420694948719946726e+00,2.239555751933999805e-01,6.521350696653994694e-01,0.000000000000000000e+00
5.815000000000000568e+01,1.420694956282766430e+00,2.239555283897999849e-01,6.521325679829438338e-01,0.000000000000000000e+00
5.820000000000000284e+01,1.420694953698139251e+00,2.239555283897999849e-01,6.521325679829438338e-01,0.000000000000000000e+00
5.825000000000000000e+01,1.420694951113512072e+00,2.239555283897999849e-01,6.521325679829438338e-01,0.000000000000000000e+00
5.830000000000000426e+01,1.420694948528884893e+00,2.239555751933999805e-01,6.521350696653994694e-01,0.000000000000000000e+00
5.835000000000000142e+01,1.420694956091704597e+00,2.239555283897999849e-01,6.521325679829438338e-01,0.000000000000000000e+00
5.840000000000000568e+01,1.420694953507077418e+00,2.239555283897999849e-01,6.521325679829438338e-01,0.000000000000000000e+00
5.845000000000000284e+01,1.420694950922450239e+00,2.239555283897999849e-01,6.521325679829438338e-01,0.000000000000000000e+00
5.850000000000000000e+01,1.420694948337823060e+00,2.239555751933999805e-01,6.521350696653994694e-01,0.000000000000000000e+00
5.855000000000000426e+01,1.420694955900642764e+00,2.239555283897999849e-01,6.521325679829438338e-01,0.000000000000000000e+00
5.860000000000000142e+01,1.420694953316015585e+00,2.239555283897999849e-01,6.521325679829438338e-01,0.000000000000000000e+00
5.865000000000000568e+01,1.420694950731388406e+00,2.239555283897999849e-01,6.521325679829438338e-01,0.000000000000000000e+00
5.870000000000000284e+01,1.420694948146761227e+00,2.239555751933999805e-01,6.521350696653994694e-01,0.000000000000000000e+00
5.875000000000000000e+01,1.420694955709580931e+00,2.239555283897999849e-01,6.521325679829438338e-01,0.000000000000000000e+00
5.880000000000000426e+01,1.420694953124953752e+00,2.239555283897999849e-01,6.521325679829438338e-01,0.000000000000000000e+00
5.885000000000000142e+01,1.420694950540326573e+00,2.239555283897999849e-01,6.521325679829438338e-01,0.000000000000000000e+00
5.890000000000000568e+01,1.420694947955699394e+00,2.239555751933999805e-01,6.521350696653994694e-01,0.000000000000000000e+00
5.895000000000000284e+01,1.420694955518519098e+00,2.239555283897999849e-01,6.521325679829438338e-01,0.000000000000000000e+00
5.900000000000000000e+01,1.420694952933891919e+00,2.239555283897999849e-01,6.521325679829438338e-01,0.000000000000000000e+00
5.905000000000000426e+01,1.420694950349264740e+00,2.239555283897999849e-01,6.521325679829438338e-01,0.000000000000000000e+00
5.910000000000000142e+01,1.420694947764637561e+00,2.239555751933999805e-01,6.521350696653994694e-01,0.000000000000000000e+00
5.915000000000000568e+01,1.420694955327457265e+00,2.239555283897999849e-01,6.521325679829438338e-01,0.000000000000000000e+00
5.920000000000000284e+01,1.420694952742830086e+00,2.239555283897999849e-01,6.521325679829438338e-01,0.000000000000000000e+00
5.925000000000000000e+01,1.420694950158202907e+00,2.239555283897999849e-01,6.521325679829438338e-01,0.000000000000000000e+00
5.930000000000000426e+01,1.420694947573575728e+00,2.239555751933999805e-01,6.521350696653994694e-01,0.000000000000000000e+00
5.935000000000000142e+01,1.420694955136395432e+00,2.239555283897999849e-01,6.521325679829438338e-01,0.000000000000000000e+00
5.940000000000000568e+01,1.420694952551768253e+00,2.239555283897999849e-01,6.521325679829438338e-01,0.000000000000000000e+00
5.945000000000000284e+01,1.420694949967141074e+00,2.239555751933999805e-01,6.521350696653994694e-01,0.000000000000000000e+00
5.950000000000000000e+01,1.420694957529960778e+00,2.239555283897999849e-01,6.521325679829438338e-01,0.000000000000000000e+00
5.955000000000000426e+01,1.420694954945333599e+00,2.239555283897999849e-01,6.521325679829438338e-01,0.000000000000000000e+00
5.960000000000000142e+01,1.420694952360706420e+00,2.239555283897999849e-01,6.521325679829438338e-01,0.000000000000000000e+00
5.965000000000000568e+01,1.420694949776079241e+00,2.239555751933999805e-01,6.521350696653994694e-01,0.000000000000000000e+00
5.970000000000000284e+01,1.420694957338898945e+00,2.239555283897999849e-01,6.521325679829438338e-01,0.000000000000000000e+00
5.975000000000000000e+01,1.420694954754271766e+00,2.239555283897999849e-01,6.521325679829438338e-01,0.000000000000000000e+00
5.980000000000000426e+01,1.420694952169644587e+00,2.239555283897999849e-01,6.521325679829438338e-01,0.000000000000000000e+00
5.985000000000000142e+01,1.420694949585017408e+00,2.239555751933999805e-01,6.521350696653994694e-01,0.000000000000000000e+00
5.990000000000000568e+01,1.420694957147837112e+00,2.239555283897999849e-01,6.521325679829438338e-01,0.000000000000000000e+00
5.995000000000000284e+01,1.420694954563209933e+00,2.239555283897999849e-01,6.521325679829438338e-01,0.000000000000000000e+00
6.000000000000000000e+01,1.420694951978582754e+00,2.239555283897999849e-01,6.521325679829438338e-01,0.000000000000000000e+00
6.005000000000000426e+01,1.420694949393955575e+00,2.239555751933999805e-01,6.521350696653994694e-01,0.000000000000000000e+00
6.010000000000000142e+01,1.420694956956775279e+00,2.239555283897999849e-01,6.521325679829438338e-01,0.000000000000000000e+00
6.015000000000000568e+01,1.420694954372148100e+00,2.239555283897999849e-01,6.521325679829438338e-01,0.000000000000000000e+00
6.020000000000000284e+01,1.420694951787520921e+00,2.239555283897999849e-01,6.521325679829438338e-01,0.000000000000000000e+00
6.025000000000000000e+01,1.420694949202893742e+00,2.239555751933999805e-01,6.521350696653994694e-01,0.000000000000000000e+00
6.030000000000000426e+01,1.420694956765713446e+00,2.239555283897999849e-01,6.521325679829438338e-01,0.000000000000000000e+00
6.035000000000000142e+01,1.420694954181086267e+00,2.239555283897999849e-01,6.521325679829438338e-01,0.000000000000000000e+00
6.040000000000000568e+01,1.420694951596459088e+00,2.239555283897999849e-01,6.521325679829438338e-01,0.000000000000000000e+00
6.045000000000000284e+01,1.420694949011831909e+00,2.239555751933999805e-01,6.521350696653994694e-01,0.000000000000000000e+00
6.050000000000000000e+01,1.420694956574651613e+00,2.239555283897999849e-01,6.521325679829438338e-01,0.000000000000000000e+00
6.055000000000000426e+01,1.420694953990024434e+00,2.239555283897999849e-01,6.521325679829438338e-01,0.000000000000000000e+00
6.060000000000000142e+01,1.420694951405397255e+00,2.239555283897999849e-01,6.521325679829438338e-01,0.000000000000000000e+00
6.065000000000000568e+01,1.420694948820770076e+00,2.239555751933999805e-01,6.521350696653994694e-01,0.000000000000000000e+00
6.070000000000000284e+01,1.420694956383589780e+00,2.239555283897999849e-01,6.521325679829438338e-01,0.000000000000000000e+00
6.075000000000000000e+01,1.420694953798962601e+00,2.239555283897999849e-01,6.521325679829438338e-01,0.000000000000000000e+00
6.080000000000000426e+01,1.420694951214335422e+00,2.239555283897999849e-01,6.521325679829438338e-01,0.000000000000000000e+00
6.085000000000000142e+01,1.420694948629708243e+00,2.239555751933999805e-01,6.521350696653994694e-01,0.000000000000000000e+00
6.090000000000000568e+01,1.420694956192527947e+00,2.239555283897999849e-01,6.521325679829438338e-01,0.000000000000000000e+00
6.095000000000000284e+01,1.420694953607900768e+00,2.239555283897999849e-01,6.521325679829438338e-01,0.000000000000000000e+00
6.100000000000000000e+01,1.420694951023273589e+00,2.239555283897999849e-01,6.521325679829438338e-01,0.000000000000000000e+00
6.105000000000000426e+01,1.420694948438646410e+00,2.239555751933999805e-01,6.521350696653994694e-01,0.000000000000000000e+00
6.110000000000000142e+01,1.420694956001466114e+00,2.239555283897999849e-01,6.521325679829438338e-01,0.000000000000000000e+00
6.115000000000000568e+01,1.420694953416838935e+00,2.239555283897999849e-01,6.521325679829438338e-01,0.000000000000000000e+00
6.120000000000000284e+01,1.420694950832211756e+00,2.239555283897999849e-01,6.521325679829438338e-01,0.000000000000000000e+00
6.125000000000000000e+01,1.420694948247584577e+00,2.239555751933999805e-01,6.521350696653994694e-01,0.000000000000000000e+00
6.130000000000000426e+01,1.420694955810404281e+00,2.239555283897999849e-01,6.521325679829438338e-01,0.000000000000000000e+00
6.135000000000000142e+01,1.420694953225777102e+00,2.239555283897999849e-01,6.521325679829438338e-01,0.000000000000000000e+00
6.140000000000000568e+01,1.420694950641149923e+00,2.239555283897999849e-01,6.521325679829438338e-01,0.000000000000000000e+00
6.145000000000000284e+01,1.420694948056522744e+00,2.239555751933999805e-01,6.521350696653994694e-01,0.000000000000000000e+00
6.150000000000000000e+01,1.420694955619342448e+00,2.239555283897999849e-01,6.521325679829438338e-01,0.000000000000000000e+00
6.155000000000000426e+01,1.420694953034715269e+00,2.239555283897999849e-01,6.521325679829438338e-01,0.000000000000000000e+00
6.160000000000000142e+01,1.420694950450088090e+00,2.239555283897999849e-01,6.521325679829438338e-01,0.000000000000000000e+00
6.165000000000000568e+01,1.420694947865460911e+00,2.239555751933999805e-01,6.521350696653994694e-01,0.000000000000000000e+00
6.170000000000000284e+01,1.420694955428280615e+00,2.239555283897999849e-01,6.521325679829438338e-01,0.000000000000000000e+00
6.175000000000000000e+01,1.420694952843653436e+00,2.239555283897999849e-01,6.521325679829438338e-01,0.000000000000000000e+00
6.180000000000000426e+01,1.420694950259026257e+00,2.239555283897999849e-01,6.521325679829438338e-01,0.000000000000000000e+00
6.185000000000000142e+01,1.420694947674399078e+00,2.239555751933999805e-01,6.521350696653994694e-01,0.000000000000000000e+00
6.190000000000000568e+01,1.420694955237218782e+00,2.239555283897999849e-01,6.521325679829438338e-01,0.000000000000000000e+00
6.195000000000000284e+01,1.420694952652591603e+00,2.239555283897999849e-01,6.521325679829438338e-01,0.000000000000000000e+00
6.200000000000000000e+01,1.420694950067964424e+00,2.239555283897999849e-01,6.521325679829438338e-01,0.000000000000000000e+00
6.205000000000000426e+01,1.420694947483337245e+00,2.239555751933999805e-01,6.521350696653994694e-01,0.000000000000000000e+00
6.210000000000000142e+01,1.420694955046156949e+00,2.239555283897999849e-01,6.521325679829438338e-01,0.000000000000000000e+00
6.215000000000000568e+01,1.420694952461529770e+00,2.239555283897999849e-01,6.521325679829438338e-01,0.000000000000000000e+00
6.220000000000000284e+01,1.420694949876902591e+00,2.239555751933999805e-01,6.521350696653994694e-01,0.000000000000000000e+00
6.225000000000000000e+01,1.420694957439722295e+00,2.239555283897999849e-01,6.521325679829438338e-01,0.000000000000000000e+00
6.230000000000000426e+01,1.420694954855095116e+00,2.239555283897999849e-01,6.521325679829438338e-01,0.000000000000000000e+00
6.235000000000000142e+01,1.420694952270467937e+00,2.239555283897999849e-01,6.521325679829438338e-01,0.000000000000000000e+00
6.240000000000000568e+01,1.420694949685840758e+00,2.239555751933999805e-01,6.521350696653994694e-01,0.000000000000000000e+00
6.245000000000000284e+01,1.420694957248660462e+00,2.239555283897999849e-01,6.521325679829438338e-01,0.000000000000000000e+00
6.250000000000000000e+01,1.420694954664033283e+00,2.239555283897999849e-01,6.521325679829438338e-01,0.000000000000000000e+00
6.255000000000000426e+01,1.420694952079406104e+00,2.239555283897999849e-01,6.521325679829438338e-01,0.000000000000000000e+00
6.260000000000000142e+01,1.420694949494778925e+00,2.239555751933999805e-01,6.521350696653994694e-01,0.000000000000000000e+00
6.265000000000000568e+01,1.420694957057598629e+00,2.239555283897999849e-01,6.521325679829438338e-01,0.000000000000000000e+00
6.270000000000000284e+01,1.420694954472971450e+00,2.239555283897999849e-01,6.521325679829438338e-01,0.000000000000000000e+00
6.275000000000000000e+01,1.420694951888344271e+00,2.239555283897999849e-01,6.521325679829438338e-01,0.000000000000000000e+00
6.280000000000000426e+01,1.420694949303717092e+00,2.239555751933999805e-01,6.521350696653994694e-01,0.000000000000000000e+00
6.285000000000000142e+01,1.420694956866536796e+00,2.239555283897999849e-01,6.521325679829438338e-01,0.000000000000000000e+00
6.290000000000000568e+01,1.420694954281909617e+00,2.239555283897999849e-01,6.521325679829438338e-01,0.000000000000000000e+00
6.295000000000000284e+01,1.420694951697282438e+00,2.239555283897999849e-01,6.521325679829438338e-01,0.000000000000000000e+00
6.300000000000000000e+01,1.420694949112655259e+00,2.239555751933999805e-01,6.521350696653994694e-01,0.000000000000000000e+00
6.305000000000000426e+01,1.420694956675474963e+00,2.239555283897999849e-01,6.521325679829438338e-01,0.000000000000000000e+00
6.310000000000000142e+01,1.420694954090847784e+00,2.239555283897999849e-01,6.521325679829438338e-01,0.000000000000000000e+00
6.315000000000000568e+01,1.420694951506220605e+00,2.239555283897999849e-01,6.521325679829438338e-01,0.000000000000000000e+00
6.320000000000000284e+01,1.420694948921593426e+00,2.239555751933999805e-01,6.521350696653994694e-01,0.000000000000000000e+00
6.325000000000000000e+01,1.420694956484413130e+00,2.239555283897999849e-01,6.521325679829438338e-01,0.000000000000000000e+00
6.330000000000000426e+01,1.420694953899785951e+00,2.239555283897999849e-01,6.521325679829438338e-01,0.000000000000000000e+00
6.335000000000000142e+01,1.420694951315158772e+00,2.239555283897999849e-01,6.521325679829438338e-01,0.000000000000000000e+00
6.340000000000000568e+01,1.420694948730531593e+00,2.239555751933999805e-01,6.521350696653994694e-01,0.000000000000000000e+00
6.345000000000000284e+01,1.420694956293351296e+00,2.239555283897999849e-01,6.521325679829438338e-01,0.000000000000000000e+00
6.350000000000000000e+01,1.420694953708724118e+00,2.239555283897999849e-01,6.521325679829438338e-01,0.000000000000000000e+00
6.355000000000000426e+01,1.420694951124096939e+00,2.239555283897999849e-01,6.521325679829438338e-01,0.000000000000000000e+00
6.360000000000000142e+01,1.420694948539469760e+00,2.239555751933999805e-01,6.521350696653994694e-01,0.000000000000000000e+00
6.365000000000000568e+01,1.420694956102289463e+00,2.239555283897999849e-01,6.521325679829438338e-01,0.000000000000000000e+00
6.370000000000000284e+01,1.420694953517662285e+00,2.239555283897999849e-01,6.521325679829438338e-01,0.000000000000000000e+00
6.375000000000000000e+01,1.420694950933035106e+00,2.239555283897999849e-01,6.521325679829438338e-01,0.000000000000000000e+00
6.380000000000000426e+01,1.420694948348407927e+00,2.239555751933999805e-01,6.521350696653994694e-01,0.000000000000000000e+00
6.385000000000000142e+01,1.420694955911227630e+00,2.239555283897999849e-01,6.521325679829438338e-01,0.000000000000000000e+00
6.390000000000000568e+01,1.420694953326600452e+00,2.239555283897999849e-01,6.521325679829438338e-01,0.000000000000000000e+00
6.395000000000000284e+01,1.420694950741973273e+00,2.239555283897999849e-01,6.521325679829438338e-01,0.000000000000000000e+00
6.400000000000000000e+01,1.420694948157346094e+00,2.239555751933999805e-01,6.521350696653994694e-01,0.000000000000000000e+00
6.404999999999999716e+01,1.420694955720165797e+00,2.239555283897999849e-01,6.521325679829438338e-01,0.000000000000000000e+00
6.410000000000000853e+01,1.420694953135538618e+00,2.239555283897999849e-01,6.521325679829438338e-01,0.000000000000000000e+00
6.415000000000000568e+01,1.420694950550911440e+00,2.239555283897999849e-01,6.521325679829438338e-01,0.000000000000000000e+00
6.420000000000000284e+01,1.420694947966284261e+00,2.239555751933999805e-01,6.521350696653994694e-01,0.000000000000000000e+00
6.425000000000000000e+01,1.420694955529103964e+00,2.239555283897999849e-01,6.521325679829438338e-01,0.000000000000000000e+00
6.429999999999999716e+01,1.420694952944476785e+00,2.239555283897999849e-01,6.521325679829438338e-01,0.000000000000000000e+00
6.435000000000000853e+01,1.420694950359849607e+00,2.239555283897999849e-01,6.521325679829438338e-01,0.000000000000000000e+00
6.440000000000000568e+01,1.420694947775222428e+00,2.239555751933999805e-01,6.521350696653994694e-01,0.000000000000000000e+00
6.445000000000000284e+01,1.420694955338042131e+00,2.239555283897999849e-01,6.521325679829438338e-01,0.000000000000000000e+00
6.450000000000000000e+01,1.420694952753414952e+00,2.239555283897999849e-01,6.521325679829438338e-01,0.000000000000000000e+00
6.454999999999999716e+01,1.420694950168787773e+00,2.239555283897999849e-01,6.521325679829438338e-01,0.000000000000000000e+00
6.460000000000000853e+01,1.420694947584160595e+00,2.239555751933999805e-01,6.521350696653994694e-01,0.000000000000000000e+00
6.465000000000000568e+01,1.420694955146980298e+00,2.239555283897999849e-01,6.521325679829438338e-01,0.000000000000000000e+00
6.470000000000000284e+01,1.420694952562353119e+00,2.239555283897999849e-01,6.521325679829438338e-01,0.000000000000000000e+00
6.475000000000000000e+01,1.420694949977725940e+00,2.239555751933999805e-01,6.521350696653994694e-01,0.000000000000000000e+00
6.479999999999999716e+01,1.420694957540545644e+00,2.239555283897999849e-01,6.521325679829438338e-01,0.000000000000000000e+00
6.485000000000000853e+01,1.420694954955918465e+00,2.239555283897999849e-01,6.521325679829438338e-01,0.000000000000000000e+00
6.490000000000000568e+01,1.420694952371291286e+00,2.239555283897999849e-01,6.521325679829438338e-01,0.000000000000000000e+00
6.495000000000000284e+01,1.420694949786664107e+00,2.239555751933999805e-01,6.521350696653994694e-01,0.000000000000000000e+00
6.500000000000000000e+01,1.420694957349483811e+00,2.239555283897999849e-01,6.521325679829438338e-01,0.000000000000000000e+00
6.504999999999999716e+01,1.420694954764856632e+00,2.239555283897999849e-01,6.521325679829438338e-01,0.000000000000000000e+00
6.510000000000000853e+01,1.420694952180229453e+00,2.239555283897999849e-01,6.521325679829438338e-01,0.000000000000000000e+00
6.515000000000000568e+01,1.420694949595602274e+00,2.239555751933999805e-01,6.521350696653994694e-01,0.000000000000000000e+00
6.520000000000000284e+01,1.420694957158421978e+00,2.239555283897999849e-01,6.521325679829438338e-01,0.000000000000000000e+00
6.525000000000000000e+01,1.420694954573794799e+00,2.239555283897999849e-01,6.521325679829438338e-01,0.000000000000000000e+00
6.529999999999999716e+01,1.420694951989167620e+00,2.239555283897999849e-01,6.521325679829438338e-01,0.000000000000000000e+00
6.535000000000000853e+01,1.420694949404540441e+00,2.239555751933999805e-01,6.521350696653994694e-01,0.000000000000000000e+00
6.540000000000000568e+01,1.420694956967360145e+00,2.239555283897999849e-01,6.521325679829438338e-01,0.000000000000000000e+00
6.545000000000000284e+01,1.420694954382732966e+00,2.239555283897999849e-01,6.521325679829438338e-01,0.000000000000000000e+00
6.550000000000000000e+01,1.420694951798105787e+00,2.239555283897999849e-01,6.521325679829438338e-01,0.000000000000000000e+00
6.554999999999999716e+01,1.420694949213478608e+00,2.239555751933999805e-01,6.521350696653994694e-01,0.000000000000000000e+00
6.560000000000000853e+01,1.420694956776298312e+00,2.239555283897999849e-01,6.521325679829438338e-01,0.000000000000000000e+00
6.565000000000000568e+01,1.420694954191671133e+00,2.239555283897999849e-01,6.521325679829438338e-01,0.000000000000000000e+00
6.570000000000000284e+01,1.420694951607043954e+00,2.239555283897999849e-01,6.521325679829438338e-01,0.000000000000000000e+00
6.575000000000000000e+01,1.420694949022416775e+00,2.239555751933999805e-01,6.521350696653994694e-01,0.000000000000000000e+00
6.579999999999999716e+01,1.420694956585236479e+00,2.239555283897999849e-01,6.521325679829438338e-01,0.000000000000000000e+00
6.585000000000000853e+01,1.420694954000609300e+00,2.239555283897999849e-01,6.521325679829438338e-01,0.000000000000000000e+00
6.590000000000000568e+01,1.420694951415982121e+00,2.239555283897999849e-01,6.521325679829438338e-01,0.000000000000000000e+00
6.595000000000000284e+01,1.420694948831354942e+00,2.239555751933999805e-01,6.521350696653994694e-01,0.000000000000000000e+00
6.600000000000000000e+01,1.420694956394174646e+00,2.239555283897999849e-01,6.521325679829438338e-01,0.000000000000000000e+00
6.604999999999999716e+01,1.420694953809547467e+00,2.239555283897999849e-01,6.521325679829438338e-01,0.000000000000000000e+00
6.610000000000000853e+01,1.420694951224920288e+00,2.239555283897999849e-01,6.521325679829438338e-01,0.000000000000000000e+00
6.615000000000000568e+01,1.420694948640293109e+00,2.239555751933999805e-01,6.521350696653994694e-01,0.000000000000000000e+00
6.620000000000000284e+01,1.420694956203112813e+00,2.239555283897999849e-01,6.521325679829438338e-01,0.000000000000000000e+00
6.625000000000000000e+01,1.420694953618485634e+00,2.239555283897999849e-01,6.521325679829438338e-01,0.000000000000000000e+00
6.629999999999999716e+01,1.420694951033858455e+00,2.239555283897999849e-01,6.521325679829438338e-01,0.000000000000000000e+00
6.635000000000000853e+01,1.420694948449231276e+00,2.239555751933999805e-01,6.521350696653994694e-01,0.000000000000000000e+00
6.640000000000000568e+01,1.420694956012050980e+00,2.239555283897999849e-01,6.521325679829438338e-01,0.000000000000000000e+00
6.645000000000000284e+01,1.420694953427423801e+00,2.239555283897999849e-01,6.521325679829438338e-01,0.000000000000000000e+00
6.650000000000000000e+01,1.420694950842796622e+00,2.239555283897999849e-01,6.521325679829438338e-01,0.000000000000000000e+00
6.654999999999999716e+01,1.420694948258169443e+00,2.239555751933999805e-01,6.521350696653994694e-01,0.000000000000000000e+00
6.660000000000000853e+01,1.420694955820989147e+00,2.239555283897999849e-01,6.521325679829438338e-01,0.000000000000000000e+00
6.665000000000000568e+01,1.420694953236361968e+00,2.239555283897999849e-01,6.521325679829438338e-01,0.000000000000000000e+00
6.670000000000000284e+01,1.420694950651734789e+00,2.239555283897999849e-01,6.521325679829438338e-01,0.000000000000000000e+00
6.675000000000000000e+01,1.420694948067107610e+00,2.239555751933999805e-01,6.521350696653994694e-01,0.000000000000000000e+00
6.679999999999999716e+01,1.420694955629927314e+00,2.239555283897999849e-01,6.521325679829438338e-01,0.000000000000000000e+00
6.685000000000000853e+01,1.420694953045300135e+00,2.239555283897999849e-01,6.521325679829438338e-01,0.000000000000000000e+00
6.690000000000000568e+01,1.420694950460672956e+00,2.239555283897999849e-01,6.521325679829438338e-01,0.000000000000000000e+00
6.695000000000000284e+01,1.420694947876045777e+00,2.239555751933999805e-01,6.521350696653994694e-01,0.000000000000000000e+00
6.700000000000000000e+01,1.420694955438865481e+00,2.239555283897999849e-01,6.521325679829438338e-01,0.000000000000000000e+00
6.704999999999999716e+01,1.420694952854238302e+00,2.239555283897999849e-01,6.521325679829438338e-01,0.000000000000000000e+00
6.710000000000000853e+01,1.420694950269611123e+00,2.239555283897999849e-01,6.521325679829438338e-01,0.000000000000000000e+00
6.715000000000000568e+01,1.420694947684983944e+00,2.239555751933999805e-01,6.521350696653994694e-01,0.000000000000000000e+00
6.720000000000000284e+01,1.420694955247803648e+00,2.239555283897999849e-01,6.521325679829438338e-01,0.000000000000000000e+00
6.725000000000000000e+01,1.420694952663176469e+00,2.239555283897999849e-01,6.521325679829438338e-01,0.000000000000000000e+00
6.729999999999999716e+01,1.420694950078549290e+00,2.239555283897999849e-01,6.521325679829438338e-01,0.000000000000000000e+00
6.735000000000000853e+01,1.420694947493922111e+00,2.239555751933999805e-01,6.521350696653994694e-01,0.000000000000000000e+00
6.740000000000000568e+01,1.420694955056741815e+00,2.239555283897999849e-01,6.521325679829438338e-01,0.000000000000000000e+00
6.745000000000000284e+01,1.420694952472114636e+00,2.239555283897999849e-01,6.521325679829438338e-01,0.000000000000000000e+00
6.750000000000000000e+01,1.420694949887487457e+00,2.239555751933999805e-01,6.521350696653994694e-01,0.000000000000000000e+00
6.754999999999999716e+01,1.420694957450307161e+00,2.239555283897999849e-01,6.521325679829438338e-01,0.000000000000000000e+00
6.760000000000000853e+01,1.420694954865679982e+00,2.239555283897999849e-01,6.521325679829438338e-01,0.000000000000000000e+00
6.765000000000000568e+01,1.420694952281052803e+00,2.239555283897999849e-01,6.521325679829438338e-01,0.000000000000000000e+00
6.770000000000000284e+01,1.420694949696425624e+00,2.239555751933999805e-01,6.521350696653994694e-01,0.000000000000000000e+00
6.775000000000000000e+01,1.420694957259245328e+00,2.239555283897999849e-01,6.521325679829438338e-01,0.000000000000000000e+00
6.779999999999999716e+01,1.420694954674618149e+00,2.239555283897999849e-01,6.521325679829438338e-01,0.000000000000000000e+00
6.785000000000000853e+01,1.420694952089990970e+00,2.239555283897999849e-01,6.521325679829438338e-01,0.000000000000000000e+00
6.790000000000000568e+01,1.420694949505363791e+00,2.239555751933999805e-01,6.521350696653994694e-01,0.000000000000000000e+00
6.795000000000000284e+01,1.420694957068183495e+00,2.239555283897999849e-01,6.521325679829438338e-01,0.000000000000000000e+00
6.800000000000000000e+01,1.420694954483556316e+00,2.239555283897999849e-01,6.521325679829438338e-01,0.000000000000000000e+00
6.804999999999999716e+01,1.420694951898929137e+00,2.239555283897999849e-01,6.521325679829438338e-01,0.000000000000000000e+00
6.810000000000000853e+01,1.420694949314301958e+00,2.239555751933999805e-01,6.521350696653994694e-01,0.000000000000000000e+00
6.815000000000000568e+01,1.420694956877121662e+00,2.239555283897999849e-01,6.521325679829438338e-01,0.000000000000000000e+00
6.820000000000000284e+01,1.420694954292494483e+00,2.239555283897999849e-01,6.521325679829438338e-01,0.000000000000000000e+00
6.825000000000000000e+01,1.420694951707867304e+00,2.239555283897999849e-01,6.521325679829438338e-01,0.000000000000000000e+00
6.829999999999999716e+01,1.420694949123240125e+00,2.239555751933999805e-01,6.521350696653994694e-01,0.000000000000000000e+00
6.835000000000000853e+01,1.420694956686059829e+00,2.239555283897999849e-01,6.521325679829438338e-01,0.000000000000000000e+00
6.840000000000000568e+01,1.420694954101432650e+00,2.239555283897999849e-01,6.521325679829438338e-01,0.000000000000000000e+00
6.845000000000000284e+01,1.420694951516805471e+00,2.239555283897999849e-01,6.521325679829438338e-01,0.000000000000000000e+00
6.850000000000000000e+01,1.420694948932178292e+00,2.239555751933999805e-01,6.521350696653994694e-01,0.000000000000000000e+00
6.854999999999999716e+01,1.420694956494997996e+00,2.239555283897999849e-01,6.521325679829438338e-01,0.000000000000000000e+00
6.860000000000000853e+01,1.420694953910370817e+00,2.239555283897999849e-01,6.521325679829438338e-01,0.000000000000000000e+00
6.865000000000000568e+01,1.420694951325743638e+00,2.239555283897999849e-01,6.521325679829438338e-01,0.000000000000000000e+00
6.870000000000000284e+01,1.420694948741116459e+00,2.239555751933999805e-01,6.521350696653994694e-01,0.000000000000000000e+00
6.875000000000000000e+01,1.420694956303936163e+00,2.239555283897999849e-01,6.521325679829438338e-01,0.000000000000000000e+00
6.879999999999999716e+01,1.420694953719308984e+00,2.239555283897999849e-01,6.521325679829438338e-01,0.000000000000000000e+00
6.885000000000000853e+01,1.420694951134681805e+00,2.239555283897999849e-01,6.521325679829438338e-01,0.000000000000000000e+00
6.890000000000000568e+01,1.420694948550054626e+00,2.239555751933999805e-01,6.521350696653994694e-01,0.000000000000000000e+00
6.895000000000000284e+01,1.420694956112874330e+00,2.239555283897999849e-01,6.521325679829438338e-01,0.000000000000000000e+00
6.900000000000000000e+01,1.420694953528247151e+00,2.239555283897999849e-01,6.521325679829438338e-01,0.000000000000000000e+00
6.904999999999999716e+01,1.420694950943619972e+00,2.239555283897999849e-01,6.521325679829438338e-01,0.000000000000000000e+00
6.910000000000000853e+01,1.420694948358992793e+00,2.239555751933999805e-01,6.521350696653994694e-01,0.000000000000000000e+00
6.915000000000000568e+01,1.420694955921812497e+00,2.239555283897999849e-01,6.521325679829438338e-01,0.000000000000000000e+00
6.920000000000000284e+01,1.420694953337185318e+00,2.239555283897999849e-01,6.521325679829438338e-01,0.000000000000000000e+00
6.925000000000000000e+01,1.420694950752558139e+00,2.239555283897999849e-01,6.521325679829438338e-01,0.000000000000000000e+00
6.929999999999999716e+01,1.420694948167930960e+00,2.239555751933999805e-01,6.521350696653994694e-01,0.000000000000000000e+00
6.935000000000000853e+01,1.420694955730750664e+00,2.239555283897999849e-01,6.521325679829438338e-01,0.000000000000000000e+00
6.940000000000000568e+01,1.420694953146123485e+00,2.239555283897999849e-01,6.521325679829438338e-01,0.000000000000000000e+00
6.945000000000000284e+01,1.420694950561496306e+00,2.239555283897999849e-01,6.521325679829438338e-01,0.000000000000000000e+00
6.950000000000000000e+01,1.420694947976869127e+00,2.239555751933999805e-01,6.521350696653994694e-01,0.000000000000000000e+00
6.954999999999999716e+01,1.420694955539688831e+00,2.239555283897999849e-01,6.521325679829438338e-01,0.000000000000000000e+00
6.960000000000000853e+01,1.420694952955061652e+00,2.239555283897999849e-01,6.521325679829438338e-01,0.000000000000000000e+00
6.965000000000000568e+01,1.420694950370434473e+00,2.239555283897999849e-01,6.521325679829438338e-01,0.000000000000000000e+00
6.970000000000000284e+01,1.420694947785807294e+00,2.239555751933999805e-01,6.521350696653994694e-01,0.000000000000000000e+00
6.975000000000000000e+01,1.420694955348626998e+00,2.239555283897999849e-01,6.521325679829438338e-01,0.000000000000000000e+00
6.979999999999999716e+01,1.420694952763999819e+00,2.239555283897999849e-01,6.521325679829438338e-01,0.000000000000000000e+00
6.985000000000000853e+01,1.420694950179372640e+00,2.239555283897999849e-01,6.521325679829438338e-01,0.000000000000000000e+00
6.990000000000000568e+01,1.420694947594745461e+00,2.239555751933999805e-01,6.521350696653994694e-01,0.000000000000000000e+00
6.995000000000000284e+01,1.420694955157565165e+00,2.239555283897999849e-01,6.521325679829438338e-01,0.000000000000000000e+00
7.000000000000000000e+01,1.420694952572937986e+00,2.239555283897999849e-01,6.521325679829438338e-01,0.000000000000000000e+00
7.004999999999999716e+01,1.420694949988310807e+00,2.239555751933999805e-01,6.521350696653994694e-01,0.000000000000000000e+00
7.010000000000000853e+01,1.420694957551130511e+00,2.239555283897999849e-01,6.521325679829438338e-01,0.000000000000000000e+00
7.015000000000000568e+01,1.420694954966503332e+00,2.239555283897999849e-01,6.521325679829438338e-01,0.000000000000000000e+00
7.020000000000000284e+01,1.420694952381876153e+00,2.239555283897999849e-01,6.521325679829438338e-01,0.000000000000000000e+00
7.025000000000000000e+01,1.420694949797248974e+00,2.239555751933999805e-01,6.521350696653994694e-01,0.000000000000000000e+00
7.029999999999999716e+01,1.420694957360068678e+00,2.239555283897999849e-01,6.521325679829438338e-01,0.000000000000000000e+00
7.035000000000000853e+01,1.420694954775441499e+00,2.239555283897999849e-01,6.521325679829438338e-01,0.000000000000000000e+00
7.040000000000000568e+01,1.420694952190814320e+00,2.239555283897999849e-01,6.521325679829438338e-01,0.000000000000000000e+00
7.045000000000000284e+01,1.420694949606187141e+00,2.239555751933999805e-01,6.521350696653994694e-01,0.000000000000000000e+00
7.050000000000000000e+01,1.420694957169006845e+00,2.239555283897999849e-01,6.521325679829438338e-01,0.000000000000000000e+00
7.054999999999999716e+01,1.420694954584379666e+00,2.239555283897999849e-01,6.521325679829438338e-01,0.000000000000000000e+00
7.060000000000000853e+01,1.420694951999752487e+00,2.239555283897999849e-01,6.521325679829438338e-01,0.000000000000000000e+00
7.065000000000000568e+01,1.420694949415125308e+00,2.239555751933999805e-01,6.521350696653994694e-01,0.000000000000000000e+00
7.070000000000000284e+01,1.420694956977945012e+00,2.239555283897999849e-01,6.521325679829438338e-01,0.000000000000000000e+00
7.075000000000000000e+01,1.420694954393317833e+00,2.239555283897999849e-01,6.521325679829438338e-01,0.000000000000000000e+00
7.079999999999999716e+01,1.420694951808690654e+00,2.239555283897999849e-01,6.521325679829438338e-01,0.000000000000000000e+00
7.085000000000000853e+01,1.420694949224063475e+00,2.239555751933999805e-01,6.521350696653994694e-01,0.000000000000000000e+00
7.090000000000000568e+01,1.420694956786883179e+00,2.239555283897999849e-01,6.521325679829438338e-01,0.000000000000000000e+00
7.095000000000000284e+01,1.420694954202256000e+00,2.239555283897999849e-01,6.521325679829438338e-01,0.000000000000000000e+00
7.100000000000000000e+01,1.420694951617628821e+00,2.239555283897999849e-01,6.521325679829438338e-01,0.000000000000000000e+00
7.104999999999999716e+01,1.420694949033001642e+00,2.239555751933999805e-01,6.521350696653994694e-01,0.000000000000000000e+00
7.110000000000000853e+01,1.420694956595821346e+00,2.239555283897999849e-01,6.521325679829438338e-01,0.000000000000000000e+00
7.115000000000000568e+01,1.420694954011194167e+00,2.239555283897999849e-01,6.521325679829438338e-01,0.000000000000000000e+00
7.120000000000000284e+01,1.420694951426566988e+00,2.239555283897999849e-01,6.521325679829438338e-01,0.000000000000000000e+00
7.125000000000000000e+01,1.420694948841939809e+00,2.239555751933999805e-01,6.521350696653994694e-01,0.000000000000000000e+00
7.129999999999999716e+01,1.420694956404759512e+00,2.239555283897999849e-01,6.521325679829438338e-01,0.000000000000000000e+00
7.135000000000000853e+01,1.420694953820132334e+00,2.239555283897999849e-01,6.521325679829438338e-01,0.000000000000000000e+00
7.140000000000000568e+01,1.420694951235505155e+00,2.239555283897999849e-01,6.521325679829438338e-01,0.000000000000000000e+00
7.145000000000000284e+01,1.420694948650877976e+00,2.239555751933999805e-01,6.521350696653994694e-01,0.000000000000000000e+00
7.150000000000000000e+01,1.420694956213697679e+00,2.239555283897999849e-01,6.521325679829438338e-01,0.000000000000000000e+00
7.154999999999999716e+01,1.420694953629070501e+00,2.239555283897999849e-01,6.521325679829438338e-01,0.000000000000000000e+00
7.160000000000000853e+01,1.420694951044443322e+00,2.239555283897999849e-01,6.521325679829438338e-01,0.000000000000000000e+00
7.165000000000000568e+01,1.420694948459816143e+00,2.239555751933999805e-01,6.521350696653994694e-01,0.000000000000000000e+00
7.170000000000000284e+01,1.420694956022635846e+00,2.239555283897999849e-01,6.521325679829438338e-01,0.000000000000000000e+00
7.175000000000000000e+01,1.420694953438008667e+00,2.239555283897999849e-01,6.521325679829438338e-01,0.000000000000000000e+00
7.179999999999999716e+01,1.420694950853381489e+00,2.239555283897999849e-01,6.521325679829438338e-01,0.000000000000000000e+00
7.185000000000000853e+01,1.420694948268754310e+00,2.239555751933999805e-01,6.521350696653994694e-01,0.000000000000000000e+00
7.190000000000000568e+01,1.420694955831574013e+00,2.239555283897999849e-01,6.521325679829438338e-01,0.000000000000000000e+00
7.195000000000000284e+01,1.420694953246946834e+00,2.239555283897999849e-01,6.521325679829438338e-01,0.000000000000000000e+00
7.200000000000000000e+01,1.420694950662319656e+00,2.239555283897999849e-01,6.521325679829438338e-01,0.000000000000000000e+00
7.204999999999999716e+01,1.420694948077692477e+00,2.239555751933999805e-01,6.521350696653994694e-01,0.000000000000000000e+00
7.210000000000000853e+01,1.420694955640512180e+00,2.239555283897999849e-01,6.521325679829438338e-01,0.000000000000000000e+00
7.215000000000000568e+01,1.420694953055885001e+00,2.239555283897999849e-01,6.521325679829438338e-01,0.000000000000000000e+00
7.220000000000000284e+01,1.420694950471257822e+00,2.239555283897999849e-01,6.521325679829438338e-01,0.000000000000000000e+00
7.225000000000000000e+01,1.420694947886630644e+00,2.239555751933999805e-01,6.521350696653994694e-01,0.000000000000000000e+00
7.229999999999999716e+01,1.420694955449450347e+00,2.239555283897999849e-01,6.521325679829438338e-01,0.000000000000000000e+00
7.235000000000000853e+01,1.420694952864823168e+00,2.239555283897999849e-01,6.521325679829438338e-01,0.000000000000000000e+00
7.240000000000000568e+01,1.420694950280195989e+00,2.239555283897999849e-01,6.521325679829438338e-01,0.000000000000000000e+00
7.245000000000000284e+01,1.420694947695568811e+00,2.239555751933999805e-01,6.521350696653994694e-01,0.000000000000000000e+00
7.250000000000000000e+01,1.420694955258388514e+00,2.239555283897999849e-01,6.521325679829438338e-01,0.000000000000000000e+00
7.254999999999999716e+01,1.420694952673761335e+00,2.239555283897999849e-01,6.521325679829438338e-01,0.000000000000000000e+00
7.260000000000000853e+01,1.420694950089134156e+00,2.239555283897999849e-01,6.521325679829438338e-01,0.000000000000000000e+00
7.265000000000000568e+01,1.420694947504506978e+00,2.239555751933999805e-01,6.521350696653994694e-01,0.000000000000000000e+00
7.270000000000000284e+01,1.420694955067326681e+00,2.239555283897999849e-01,6.521325679829438338e-01,0.000000000000000000e+00
7.275000000000000000e+01,1.420694952482699502e+00,2.239555283897999849e-01,6.521325679829438338e-01,0.000000000000000000e+00
7.279999999999999716e+01,1.420694949898072323e+00,2.239555751933999805e-01,6.521350696653994694e-01,0.000000000000000000e+00
7.285000000000000853e+01,1.420694957460892027e+00,2.239555283897999849e-01,6.521325679829438338e-01,0.000000000000000000e+00
7.290000000000000568e+01,1.420694954876264848e+00,2.239555283897999849e-01,6.521325679829438338e-01,0.000000000000000000e+00
7.295000000000000284e+01,1.420694952291637669e+00,2.239555283897999849e-01,6.521325679829438338e-01,0.000000000000000000e+00
7.300000000000000000e+01,1.420694949707010490e+00,2.239555751933999805e-01,6.521350696653994694e-01,0.000000000000000000e+00
7.304999999999999716e+01,1.420694957269830194e+00,2.239555283897999849e-01,6.521325679829438338e-01,0.000000000000000000e+00
7.310000000000000853e+01,1.420694954685203015e+00,2.239555283897999849e-01,6.521325679829438338e-01,0.000000000000000000e+00
7.315000000000000568e+01,1.420694952100575836e+00,2.239555283897999849e-01,6.521325679829438338e-01,0.000000000000000000e+00
7.320000000000000284e+01,1.420694949515948657e+00,2.239555751933999805e-01,6.521350696653994694e-01,0.000000000000000000e+00
7.325000000000000000e+01,1.420694957078768361e+00,2.239555283897999849e-01,6.521325679829438338e-01,0.000000000000000000e+00
7.329999999999999716e+01,1.420694954494141182e+00,2.239555283897999849e-01,6.521325679829438338e-01,0.000000000000000000e+00
7.335000000000000853e+01,1.420694951909514003e+00,2.239555283897999849e-01,6.521325679829438338e-01,0.000000000000000000e+00
7.340000000000000568e+01,1.420694949324886824e+00,2.239555751933999805e-01,6.521350696653994694e-01,0.000000000000000000e+00
7.345000000000000284e+01,1.420694956887706528e+00,2.239555283897999849e-01,6.521325679829438338e-01,0.000000000000000000e+00
7.350000000000000000e+01,1.420694954303079349e+00,2.239555283897999849e-01,6.521325679829438338e-01,0.000000000000000000e+00
7.354999999999999716e+01,1.420694951718452170e+00,2.239555283897999849e-01,6.521325679829438338e-01,0.000000000000000000e+00
7.360000000000000853e+01,1.420694949133824991e+00,2.239555751933999805e-01,6.521350696653994694e-01,0.000000000000000000e+00
7.365000000000000568e+01,1.420694956696644695e+00,2.239555283897999849e-01,6.521325679829438338e-01,0.000000000000000000e+00
7.370000000000000284e+01,1.420694954112017516e+00,2.239555283897999849e-01,6.521325679829438338e-01,0.000000000000000000e+00
7.375000000000000000e+01,1.420694951527390337e+00,2.239555283897999849e-01,6.521325679829438338e-01,0.000000000000000000e+00
7.379999999999999716e+01,1.420694948942763158e+00,2.239555751933999805e-01,6.521350696653994694e-01,0.000000000000000000e+00
7.385000000000000853e+01,1.420694956505582862e+00,2.239555283897999849e-01,6.521325679829438338e-01,0.000000000000000000e+00
7.390000000000000568e+01,1.420694953920955683e+00,2.239555283897999849e-01,6.521325679829438338e-01,0.000000000000000000e+00
7.395000000000000284e+01,1.420694951336328504e+00,2.239555283897999849e-01,6.521325679829438338e-01,0.000000000000000000e+00
7.400000000000000000e+01,1.420694948751701325e+00,2.239555751933999805e-01,6.521350696653994694e-01,0.000000000000000000e+00
7.404999999999999716e+01,1.420694956314521029e+00,2.239555283897999849e-01,6.521325679829438338e-01,0.000000000000000000e+00
7.410000000000000853e+01,1.420694953729893850e+00,2.239555283897999849e-01,6.521325679829438338e-01,0.000000000000000000e+00
7.415000000000000568e+01,1.420694951145266671e+00,2.239555283897999849e-01,6.521325679829438338e-01,0.000000000000000000e+00
7.420000000000000284e+01,1.420694948560639492e+00,2.239555751933999805e-01,6.521350696653994694e-01,0.000000000000000000e+00
7.425000000000000000e+01,1.420694956123459196e+00,2.239555283897999849e-01,6.521325679829438338e-01,0.000000000000000000e+00
7.429999999999999716e+01,1.420694953538832017e+00,2.239555283897999849e-01,6.521325679829438338e-01,0.000000000000000000e+00
7.435000000000000853e+01,1.420694950954204838e+00,2.239555283897999849e-01,6.521325679829438338e-01,0.000000000000000000e+00
7.440000000000000568e+01,1.420694948369577659e+00,2.239555751933999805e-01,6.521350696653994694e-01,0.000000000000000000e+00
7.445000000000000284e+01,1.420694955932397363e+00,2.239555283897999849e-01,6.521325679829438338e-01,0.000000000000000000e+00
7.450000000000000000e+01,1.420694953347770184e+00,2.239555283897999849e-01,6.521325679829438338e-01,0.000000000000000000e+00
7.454999999999999716e+01,1.420694950763143005e+00,2.239555283897999849e-01,6.521325679829438338e-01,0.000000000000000000e+00
7.460000000000000853e+01,1.420694948178515826e+00,2.239555751933999805e-01,6.521350696653994694e-01,0.000000000000000000e+00
7.465000000000000568e+01,1.420694955741335530e+00,2.239555283897999849e-01,6.521325679829438338e-01,0.000000000000000000e+00
7.470000000000000284e+01,1.420694953156708351e+00,2.239555283897999849e-01,6.521325679829438338e-01,0.000000000000000000e+00
7.475000000000000000e+01,1.420694950572081172e+00,2.239555283897999849e-01,6.521325679829438338e-01,0.000000000000000000e+00
7.479999999999999716e+01,1.420694947987453993e+00,2.239555751933999805e-01,6.521350696653994694e-01,0.000000000000000000e+00
7.485000000000000853e+01,1.420694955550273697e+00,2.239555283897999849e-01,6.521325679829438338e-01,0.000000000000000000e+00
7.490000000000000568e+01,1.420694952965646518e+00,2.239555283897999849e-01,6.521325679829438338e-01,0.000000000000000000e+00
7.495000000000000284e+01,1.420694950381019339e+00,2.239555283897999849e-01,6.521325679829438338e-01,0.000000000000000000e+00
7.500000000000000000e+01,1.420694947796392160e+00,2.239555751933999805e-01,6.521350696653994694e-01,0.000000000000000000e+00
7.504999999999999716e+01,1.420694955359211864e+00,2.239555283897999849e-01,6.521325679829438338e-01,0.000000000000000000e+00
7.510000000000000853e+01,1.420694952774584685e+00,2.239555283897999849e-01,6.521325679829438338e-01,0.000000000000000000e+00
7.515000000000000568e+01,1.420694950189957506e+00,2.239555283897999849e-01,6.521325679829438338e-01,0.000000000000000000e+00
7.520000000000000284e+01,1.420694947605330327e+00,2.239555751933999805e-01,6.521350696653994694e-01,0.000000000000000000e+00
7.525000000000000000e+01,1.420694955168150031e+00,2.239555283897999849e-01,6.521325679829438338e-01,0.000000000000000000e+00
7.529999999999999716e+01,1.420694952583522852e+00,2.239555283897999849e-01,6.521325679829438338e-01,0.000000000000000000e+00
7.535000000000000853e+01,1.420694949998895673e+00,2.239555751933999805e-01,6.521350696653994694e-01,0.000000000000000000e+00
7.540000000000000568e+01,1.420694957561715377e+00,2.239555283897999849e-01,6.521325679829438338e-01,0.000000000000000000e+00
7.545000000000000284e+01,1.420694954977088198e+00,2.239555283897999849e-01,6.521325679829438338e-01,0.000000000000000000e+00
7.550000000000000000e+01,1.420694952392461019e+00,2.239555283897999849e-01,6.521325679829438338e-01,0.000000000000000000e+00
7.554999999999999716e+01,1.420694949807833840e+00,2.239555751933999805e-01,6.521350696653994694e-01,0.000000000000000000e+00
7.560000000000000853e+01,1.420694957370653544e+00,2.239555283897999849e-01,6.521325679829438338e-01,0.000000000000000000e+00
7.565000000000000568e+01,1.420694954786026365e+00,2.239555283897999849e-01,6.521325679829438338e-01,0.000000000000000000e+00
7.570000000000000284e+01,1.420694952201399186e+00,2.239555283897999849e-01,6.521325679829438338e-01,0.000000000000000000e+00
7.575000000000000000e+01,1.420694949616772007e+00,2.239555751933999805e-01,6.521350696653994694e-01,0.000000000000000000e+00
7.579999999999999716e+01,1.420694957179591711e+00,2.239555283897999849e-01,6.521325679829438338e-01,0.000000000000000000e+00
7.585000000000000853e+01,1.420694954594964532e+00,2.239555283897999849e-01,6.521325679829438338e-01,0.000000000000000000e+00
7.590000000000000568e+01,1.420694952010337353e+00,2.239555283897999849e-01,6.521325679829438338e-01,0.000000000000000000e+00
7.595000000000000284e+01,1.420694949425710174e+00,2.239555751933999805e-01,6.521350696653994694e-01,0.000000000000000000e+00
7.600000000000000000e+01,1.420694956988529878e+00,2.239555283897999849e-01,6.521325679829438338e-01,0.000000000000000000e+00
7.604999999999999716e+01,1.420694954403902699e+00,2.239555283897999849e-01,6.521325679829438338e-01,0.000000000000000000e+00
7.610000000000000853e+01,1.420694951819275520e+00,2.239555283897999849e-01,6.521325679829438338e-01,0.000000000000000000e+00
7.615000000000000568e+01,1.420694949234648341e+00,2.239555751933999805e-01,6.521350696653994694e-01,0.000000000000000000e+00
7.620000000000000284e+01,1.420694956797468045e+00,2.239555283897999849e-01,6.521325679829438338e-01,0.000000000000000000e+00
7.625000000000000000e+01,1.420694954212840866e+00,2.239555283897999849e-01,6.521325679829438338e-01,0.000000000000000000e+00
7.629999999999999716e+01,1.420694951628213687e+00,2.239555283897999849e-01,6.521325679829438338e-01,0.000000000000000000e+00
7.635000000000000853e+01,1.420694949043586508e+00,2.239555751933999805e-01,6.521350696653994694e-01,0.000000000000000000e+00
7.640000000000000568e+01,1.420694956606406212e+00,2.239555283897999849e-01,6.521325679829438338e-01,0.000000000000000000e+00
7.645000000000000284e+01,1.420694954021779033e+00,2.239555283897999849e-01,6.521325679829438338e-01,0.000000000000000000e+00
7.650000000000000000e+01,1.420694951437151854e+00,2.239555283897999849e-01,6.521325679829438338e-01,0.000000000000000000e+00
7.654999999999999716e+01,1.420694948852524675e+00,2.239555751933999805e-01,6.521350696653994694e-01,0.000000000000000000e+00
7.660000000000000853e+01,1.420694956415344379e+00,2.239555283897999849e-01,6.521325679829438338e-01,0.000000000000000000e+00
7.665000000000000568e+01,1.420694953830717200e+00,2.239555283897999849e-01,6.521325679829438338e-01,0.000000000000000000e+00
7.670000000000000284e+01,1.420694951246090021e+00,2.239555283897999849e-01,6.521325679829438338e-01,0.000000000000000000e+00
7.675000000000000000e+01,1.420694948661462842e+00,2.239555751933999805e-01,6.521350696653994694e-01,0.000000000000000000e+00
7.680000000000001137e+01,1.420694956224282546e+00,2.239555283897999849e-01,6.521325679829438338e-01,0.000000000000000000e+00
7.685000000000000853e+01,1.420694953639655367e+00,2.239555283897999849e-01,6.521325679829438338e-01,0.000000000000000000e+00
7.690000000000000568e+01,1.420694951055028188e+00,2.239555283897999849e-01,6.521325679829438338e-01,0.000000000000000000e+00
7.695000000000000284e+01,1.420694948470401009e+00,2.239555751933999805e-01,6.521350696653994694e-01,0.000000000000000000e+00
7.700000000000000000e+01,1.420694956033220713e+00,2.239555283897999849e-01,6.521325679829438338e-01,0.000000000000000000e+00
7.705000000000001137e+01,1.420694953448593534e+00,2.239555283897999849e-01,6.521325679829438338e-01,0.000000000000000000e+00
7.710000000000000853e+01,1.420694950863966355e+00,2.239555283897999849e-01,6.521325679829438338e-01,0.000000000000000000e+00
7.715000000000000568e+01,1.420694948279339176e+00,2.239555751933999805e-01,6.521350696653994694e-01,0.000000000000000000e+00
7.720000000000000284e+01,1.420694955842158880e+00,2.239555283897999849e-01,6.521325679829438338e-01,0.000000000000000000e+00
7.725000000000000000e+01,1.420694953257531701e+00,2.239555283897999849e-01,6.521325679829438338e-01,0.000000000000000000e+00
7.730000000000001137e+01,1.420694950672904522e+00,2.239555283897999849e-01,6.521325679829438338e-01,0.000000000000000000e+00
7.735000000000000853e+01,1.420694948088277343e+00,2.239555751933999805e-01,6.521350696653994694e-01,0.000000000000000000e+00
7.740000000000000568e+01,1.420694955651097047e+00,2.239555283897999849e-01,6.521325679829438338e-01,0.000000000000000000e+00
7.745000000000000284e+01,1.420694953066469868e+00,2.239555283897999849e-01,6.521325679829438338e-01,0.000000000000000000e+00
7.750000000000000000e+01,1.420694950481842689e+00,2.239555283897999849e-01,6.521325679829438338e-01,0.000000000000000000e+00
7.755000000000001137e+01,1.420694947897215510e+00,2.239555751933999805e-01,6.521350696653994694e-01,0.000000000000000000e+00
7.760000000000000853e+01,1.420694955460035214e+00,2.239555283897999849e-01,6.521325679829438338e-01,0.000000000000000000e+00
7.765000000000000568e+01,1.420694952875408035e+00,2.239555283897999849e-01,6.521325679829438338e-01,0.000000000000000000e+00
7.770000000000000284e+01,1.420694950290780856e+00,2.239555283897999849e-01,6.521325679829438338e-01,0.000000000000000000e+00
7.775000000000000000e+01,1.420694947706153677e+00,2.239555751933999805e-01,6.521350696653994694e-01,0.000000000000000000e+00
7.780000000000001137e+01,1.420694955268973381e+00,2.239555283897999849e-01,6.521325679829438338e-01,0.000000000000000000e+00
7.785000000000000853e+01,1.420694952684346202e+00,2.239555283897999849e-01,6.521325679829438338e-01,0.000000000000000000e+00
7.790000000000000568e+01,1.420694950099719023e+00,2.239555283897999849e-01,6.521325679829438338e-01,0.000000000000000000e+00
7.795000000000000284e+01,1.420694947515091844e+00,2.239555751933999805e-01,6.521350696653994694e-01,0.000000000000000000e+00
7.800000000000000000e+01,1.420694955077911548e+00,2.239555283897999849e-01,6.521325679829438338e-01,0.000000000000000000e+00
7.805000000000001137e+01,1.420694952493284369e+00,2.239555283897999849e-01,6.521325679829438338e-01,0.000000000000000000e+00
7.810000000000000853e+01,1.420694949908657190e+00,2.239555751933999805e-01,6.521350696653994694e-01,0.000000000000000000e+00
7.815000000000000568e+01,1.420694957471476894e+00,2.239555283897999849e-01,6.521325679829438338e-01,0.000000000000000000e+00
7.820000000000000284e+01,1.420694954886849715e+00,2.239555283897999849e-01,6.521325679829438338e-01,0.000000000000000000e+00
7.825000000000000000e+01,1.420694952302222536e+00,2.239555283897999849e-01,6.521325679829438338e-01,0.000000000000000000e+00
7.830000000000001137e+01,1.420694949717595357e+00,2.239555751933999805e-01,6.521350696653994694e-01,0.000000000000000000e+00
7.835000000000000853e+01,1.420694957280415061e+00,2.239555283897999849e-01,6.521325679829438338e-01,0.000000000000000000e+00
7.840000000000000568e+01,1.420694954695787882e+00,2.239555283897999849e-01,6.521325679829438338e-01,0.000000000000000000e+00
7.845000000000000284e+01,1.420694952111160703e+00,2.239555283897999849e-01,6.521325679829438338e-01,0.000000000000000000e+00
7.850000000000000000e+01,1.420694949526533524e+00,2.239555751933999805e-01,6.521350696653994694e-01,0.000000000000000000e+00
7.855000000000001137e+01,1.420694957089353228e+00,2.239555283897999849e-01,6.521325679829438338e-01,0.000000000000000000e+00
7.860000000000000853e+01,1.420694954504726049e+00,2.239555283897999849e-01,6.521325679829438338e-01,0.000000000000000000e+00
7.865000000000000568e+01,1.420694951920098870e+00,2.239555283897999849e-01,6.521325679829438338e-01,0.000000000000000000e+00
7.870000000000000284e+01,1.420694949335471691e+00,2.239555751933999805e-01,6.521350696653994694e-01,0.000000000000000000e+00
7.875000000000000000e+01,1.420694956898291395e+00,2.239555283897999849e-01,6.521325679829438338e-01,0.000000000000000000e+00
7.880000000000001137e+01,1.420694954313664216e+00,2.239555283897999849e-01,6.521325679829438338e-01,0.000000000000000000e+00
7.885000000000000853e+01,1.420694951729037037e+00,2.239555283897999849e-01,6.521325679829438338e-01,0.000000000000000000e+00
7.890000000000000568e+01,1.420694949144409858e+00,2.239555751933999805e-01,6.521350696653994694e-01,0.000000000000000000e+00
7.895000000000000284e+01,1.420694956707229561e+00,2.239555283897999849e-01,6.521325679829438338e-01,0.000000000000000000e+00
7.900000000000000000e+01,1.420694954122602383e+00,2.239555283897999849e-01,6.521325679829438338e-01,0.000000000000000000e+00
7.905000000000001137e+01,1.420694951537975204e+00,2.239555283897999849e-01,6.521325679829438338e-01,0.000000000000000000e+00
7.910000000000000853e+01,1.420694948953348025e+00,2.239555751933999805e-01,6.521350696653994694e-01,0.000000000000000000e+00
7.915000000000000568e+01,1.420694956516167728e+00,2.239555283897999849e-01,6.521325679829438338e-01,0.000000000000000000e+00
7.920000000000000284e+01,1.420694953931540550e+00,2.239555283897999849e-01,6.521325679829438338e-01,0.000000000000000000e+00
7.925000000000000000e+01,1.420694951346913371e+00,2.239555283897999849e-01,6.521325679829438338e-01,0.000000000000000000e+00
7.930000000000001137e+01,1.420694948762286192e+00,2.239555751933999805e-01,6.521350696653994694e-01,0.000000000000000000e+00
7.935000000000000853e+01,1.420694956325105895e+00,2.239555283897999849e-01,6.521325679829438338e-01,0.000000000000000000e+00
7.940000000000000568e+01,1.420694953740478716e+00,2.239555283897999849e-01,6.521325679829438338e-01,0.000000000000000000e+00
7.945000000000000284e+01,1.420694951155851538e+00,2.239555283897999849e-01,6.521325679829438338e-01,0.000000000000000000e+00
7.950000000000000000e+01,1.420694948571224359e+00,2.239555751933999805e-01,6.521350696653994694e-01,0.000000000000000000e+00
7.955000000000001137e+01,1.420694956134044062e+00,2.239555283897999849e-01,6.521325679829438338e-01,0.000000000000000000e+00
7.960000000000000853e+01,1.420694953549416883e+00,2.239555283897999849e-01,6.521325679829438338e-01,0.000000000000000000e+00
7.965000000000000568e+01,1.420694950964789705e+00,2.239555283897999849e-01,6.521325679829438338e-01,0.000000000000000000e+00
7.970000000000000284e+01,1.420694948380162526e+00,2.239555751933999805e-01,6.521350696653994694e-01,0.000000000000000000e+00
7.975000000000000000e+01,1.420694955942982229e+00,2.239555283897999849e-01,6.521325679829438338e-01,0.000000000000000000e+00
7.980000000000001137e+01,1.420694953358355050e+00,2.239555283897999849e-01,6.521325679829438338e-01,0.000000000000000000e+00
7.985000000000000853e+01,1.420694950773727872e+00,2.239555283897999849e-01,6.521325679829438338e-01,0.000000000000000000e+00
7.990000000000000568e+01,1.420694948189100693e+00,2.239555751933999805e-01,6.521350696653994694e-01,0.000000000000000000e+00
7.995000000000000284e+01,1.420694955751920396e+00,2.239555283897999849e-01,6.521325679829438338e-01,0.000000000000000000e+00
8.000000000000000000e+01,1.420694953167293217e+00,2.239555283897999849e-01,6.521325679829438338e-01,0.000000000000000000e+00
